date,height_temperature,low_temperature,height_history_temperature,low_history_temperature,humidity,humidity_history,precipitation,wind_velocity,wind_velocity_history,height_temperature_predicted,low_temperature_predicted,humidity_predicted,precipitation_predicted
2020-01-01,15.6,8.9,13.1,6.4,74.14,69.69,0.38,4.0,7.6,,,,
2020-01-02,14.4,9.8,13.1,6.3,85.85,70.35,2.86,3.4,7.6,,,,
2020-01-03,12.6,13.6,13.0,6.2,88.65,70.98,3.16,6.6,7.6,,,,
2020-01-04,16.7,11.8,12.9,6.3,82.15,71.66,0.38,6.9,7.5,,,,
2020-01-05,22.7,9.5,12.8,6.2,75.58,71.99,0.38,6.1,7.6,,,,
2020-01-06,25.4,10.6,12.7,6.2,76.9,71.82,4.59,9.3,7.6,,,,
2020-01-07,22.9,13.2,12.6,6.2,71.44,71.7,0.64,9.1,7.5,,,,
2020-01-08,26.2,12.2,12.6,6.2,67.77,71.61,0.43,8.5,7.4,,,,
2020-01-09,17.5,11.7,12.7,6.2,82.05,71.63,5.43,5.6,7.6,,,,
2020-01-10,14.3,7.8,12.7,6.2,90.64,71.58,9.34,9.9,7.6,,,,
2020-01-11,8.1,6.0,12.7,6.1,84.44,71.79,2.41,11.3,7.6,,,,
2020-01-12,14.0,3.4,12.6,6.0,66.03,71.98,0.0,8.1,7.8,,,,
2020-01-13,15.7,3.4,12.3,5.9,73.12,71.99,4.74,5.8,7.9,,,,
2020-01-14,12.0,6.3,12.1,5.7,85.73,71.57,12.66,10.7,7.8,,,,
2020-01-15,11.3,6.7,11.9,5.6,91.79,71.71,17.77,6.9,7.7,,,,
2020-01-16,9.2,5.3,11.8,5.6,88.68,71.94,4.59,11.7,7.7,,,,
2020-01-17,8.5,5.0,11.8,5.6,73.83,72.17,0.88,10.6,7.6,,,,
2020-01-18,9.1,5.1,12.0,5.7,81.25,72.71,2.33,7.3,7.3,,,,
2020-01-19,14.7,6.1,12.1,5.8,73.42,73.49,0.38,7.6,7.4,,,,
2020-01-20,14.4,6.8,12.1,5.9,71.3,74.09,2.67,4.6,7.6,,,,
2020-01-21,16.7,8.4,12.1,5.9,89.25,74.16,2.25,3.5,7.8,,,,
2020-01-22,19.7,8.7,12.0,5.9,86.69,74.06,3.5,8.1,8.1,,,,
2020-01-23,16.9,11.4,11.7,5.8,90.64,73.85,12.66,6.1,8.2,,,,
2020-01-24,12.2,8.1,11.6,5.7,90.84,73.77,52.52,12.4,8.2,,,,
2020-01-25,10.6,5.2,11.6,5.8,88.3,73.56,37.44,13.6,8.1,,,,
2020-01-26,11.7,4.1,11.9,5.8,71.92,73.93,0.0,12.0,7.8,,,,
2020-01-27,11.5,2.4,12.1,5.9,64.02,74.14,0.0,11.9,7.8,,,,
2020-01-28,11.9,2.8,12.4,6.0,61.76,74.15,0.0,9.9,7.9,,,,
2020-01-29,16.5,2.3,12.4,6.1,61.45,74.24,0.0,9.0,7.9,,,,
2020-01-30,14.9,1.5,12.3,6.2,62.05,74.32,0.0,7.7,8.0,,,,
2020-01-31,18.3,4.7,12.1,6.2,63.75,74.32,0.0,5.1,8.0,,,,
2020-02-01,14.2,7.4,11.9,6.2,69.91,74.52,2.41,3.5,8.0,,,,
2020-02-02,14.1,8.6,11.8,6.3,87.22,75.05,17.18,5.5,7.8,,,,
2020-02-03,12.9,8.1,12.0,6.3,88.45,75.48,22.53,10.6,7.7,,,,
2020-02-04,12.6,7.8,12.3,6.4,85.15,75.86,2.5,5.7,7.6,,,,
2020-02-05,12.4,9.0,12.5,6.6,88.62,76.09,18.39,4.8,7.7,,,,
2020-02-06,13.1,9.4,12.8,6.7,93.09,76.03,15.52,5.7,7.7,,,,
2020-02-07,13.3,8.0,13.1,6.9,80.59,75.96,5.62,11.6,7.8,,,,
2020-02-08,11.9,6.8,13.3,7.1,83.16,75.78,1.66,10.4,7.8,,,,
2020-02-09,14.1,7.4,13.5,7.1,73.48,75.57,0.38,8.5,8.0,,,,
2020-02-10,16.3,8.3,13.7,7.3,78.26,75.56,0.38,3.1,7.8,,,,
2020-02-11,15.5,10.3,14.0,7.5,87.48,76.43,1.31,3.8,7.6,,,,
2020-02-12,16.4,12.4,14.3,7.6,91.26,77.09,23.3,3.1,7.5,,,,
2020-02-13,24.8,13.3,14.4,7.8,93.87,77.56,25.79,4.4,7.5,,,,
2020-02-14,20.4,15.1,14.4,8.0,95.4,78.16,50.77,3.8,7.4,,,,
2020-02-15,23.4,3.2,14.3,8.0,80.12,78.67,13.11,14.1,7.5,,,,
2020-02-16,16.9,3.1,14.1,7.9,48.49,78.42,0.38,15.1,7.8,,,,
2020-02-17,13.6,4.4,13.9,7.9,40.62,78.02,0.0,12.2,8.0,,,,
2020-02-18,15.4,4.7,13.8,7.8,55.85,77.46,0.0,5.7,8.1,,,,
2020-02-19,16.0,8.7,13.8,7.9,64.54,76.96,0.38,3.3,8.1,,,,
2020-02-20,18.8,11.9,14.1,8.0,74.93,76.82,1.72,4.2,8.0,,,,
2020-02-21,17.2,12.5,14.3,8.1,88.13,77.04,3.38,5.7,7.9,,,,
2020-02-22,20.9,10.5,14.4,8.2,76.08,77.38,0.38,6.1,7.9,,,,
2020-02-23,24.7,12.6,14.5,8.4,77.45,78.13,0.51,5.7,7.9,,,,
2020-02-24,25.0,13.1,14.6,8.5,76.16,78.37,0.46,9.2,8.0,,,,
2020-02-25,25.0,15.6,14.6,8.5,78.45,78.35,0.62,5.5,8.0,,,,
2020-02-26,28.5,17.3,14.8,8.6,74.97,78.28,0.38,3.2,7.8,,,,
2020-02-27,28.6,16.6,15.1,8.7,79.65,78.19,0.51,5.9,7.9,,,,
2020-02-28,27.1,16.7,15.2,8.8,79.83,77.59,0.44,7.1,7.8,,,,
2020-02-29,26.5,16.2,14.4,7.8,81.27,75.44,9.03,6.8,7.7,,,,
2020-03-01,23.0,14.4,15.5,8.9,84.44,77.77,1.19,8.6,7.7,,,,
2020-03-02,19.3,11.3,15.6,9.0,80.7,77.65,24.93,8.2,7.6,,,,
2020-03-03,16.1,9.4,15.8,9.1,90.57,77.46,33.81,10.4,7.6,,,,
2020-03-04,11.6,9.2,15.9,9.4,85.13,77.48,4.14,11.0,7.6,,,,
2020-03-05,16.8,9.4,16.0,9.7,77.06,77.74,1.36,5.2,7.7,,,,
2020-03-06,14.8,10.2,16.2,9.9,92.59,77.76,15.0,3.6,7.6,,,,
2020-03-07,22.1,11.6,16.3,10.0,92.86,77.92,12.66,4.1,7.7,,,,
2020-03-08,24.7,14.7,16.3,10.2,89.86,78.36,8.16,6.1,7.6,,,,
2020-03-09,24.1,14.4,16.4,10.3,82.81,79.08,8.16,9.4,7.2,,,,
2020-03-10,18.7,11.6,16.6,10.4,58.23,79.73,0.38,13.4,7.1,,,,
2020-03-11,21.5,10.2,16.7,10.6,71.0,80.5,6.88,4.0,7.3,,,,
2020-03-12,16.0,11.8,16.9,10.9,89.02,81.17,12.24,3.9,7.3,,,,
2020-03-13,17.8,12.3,17.2,11.1,84.4,81.7,1.84,10.0,7.3,,,,
2020-03-14,21.8,12.4,17.5,11.2,66.79,81.48,0.38,11.6,7.3,,,,
2020-03-15,21.2,14.6,17.8,11.4,70.03,81.73,0.74,3.5,7.3,,,,
2020-03-16,19.2,14.0,18.2,11.6,84.31,81.81,21.77,3.5,7.2,,,,
2020-03-17,18.3,13.3,18.4,11.8,89.54,81.94,38.72,6.5,7.1,,,,
2020-03-18,17.2,13.2,18.6,11.9,88.01,82.14,29.53,2.6,7.3,,,,
2020-03-19,23.2,13.8,18.6,12.1,77.52,82.52,0.38,2.4,7.5,,,,
2020-03-20,23.5,13.6,18.5,12.1,83.54,82.57,4.28,4.2,7.7,,,,
2020-03-21,26.0,14.5,18.3,12.1,86.07,82.47,1.66,11.8,7.8,,,,
2020-03-22,26.2,17.7,18.3,12.0,85.49,82.16,27.6,7.1,8.0,,,,
2020-03-23,29.5,19.0,18.3,11.9,87.33,81.43,33.81,4.0,8.0,,,,
2020-03-24,28.1,19.2,18.3,11.9,91.23,80.81,41.43,4.8,7.7,,,,
2020-03-25,24.2,18.1,18.6,12.0,89.79,80.44,49.08,8.5,7.5,,,,
2020-03-26,25.2,17.4,18.9,12.2,89.92,80.41,4.43,8.1,7.2,,,,
2020-03-27,23.5,12.7,19.3,12.5,93.98,80.4,27.6,8.2,7.1,,,,
2020-03-28,21.9,9.2,19.6,13.0,67.01,81.0,3.62,15.2,6.9,,,,
2020-03-29,15.3,9.5,19.8,13.3,86.11,81.45,13.56,9.1,6.9,,,,
2020-03-30,10.9,8.9,20.1,13.6,86.97,81.58,5.82,9.4,7.1,,,,
2020-03-31,19.1,9.5,20.4,13.7,83.73,81.67,0.62,6.7,7.3,,,,
2020-04-01,18.4,10.2,20.5,13.9,77.81,81.6,2.11,6.0,7.4,,,,
2020-04-02,16.4,12.1,20.7,14.0,88.46,81.29,34.98,7.3,7.6,,,,
2020-04-03,13.3,12.0,20.9,14.1,91.08,81.52,42.86,9.9,7.5,,,,
2020-04-04,14.6,11.8,21.0,14.3,86.74,81.78,21.77,9.5,7.3,,,,
2020-04-05,15.7,11.7,21.2,14.5,79.5,81.75,3.06,7.1,7.2,,,,
2020-04-06,18.8,13.3,21.5,14.7,75.3,81.93,0.58,5.4,7.1,,,,
2020-04-07,25.3,12.3,21.8,15.0,70.35,82.24,0.0,6.1,6.9,,,,
2020-04-08,25.2,13.2,22.0,15.2,68.41,82.43,0.62,3.9,7.0,,,,
2020-04-09,28.2,12.9,22.1,15.3,64.99,82.47,0.38,2.5,7.2,,,,
2020-04-10,28.3,14.7,22.2,15.3,81.1,82.42,17.18,6.3,7.3,,,,
2020-04-11,21.2,11.0,22.2,15.3,81.52,82.32,11.84,11.8,7.4,,,,
2020-04-12,23.4,9.3,22.2,15.3,54.81,81.91,0.0,12.5,7.3,,,,
2020-04-13,23.1,7.9,22.7,15.3,54.89,81.15,1.5,4.6,7.2,,,,
2020-04-14,21.4,12.8,23.3,15.7,63.89,80.79,0.0,4.0,7.0,,,,
2020-04-15,28.9,11.5,23.7,16.0,70.85,81.08,0.38,5.4,6.9,,,,
2020-04-16,28.9,14.4,24.0,16.4,81.26,81.64,1.0,8.1,6.8,,,,
2020-04-17,25.4,19.6,24.3,16.7,84.17,82.47,2.41,6.6,6.9,,,,
2020-04-18,25.0,19.4,24.3,17.0,86.68,83.32,10.69,8.6,6.8,,,,
2020-04-19,23.3,17.7,24.2,17.1,88.34,83.82,6.22,7.3,6.9,,,,
2020-04-20,26.4,17.3,24.3,17.3,83.72,83.75,8.44,5.0,7.0,,,,
2020-04-21,23.3,14.5,24.6,17.5,85.75,83.51,9.66,11.6,7.0,,,,
2020-04-22,18.5,13.6,24.7,17.6,85.03,83.19,18.39,10.8,7.1,,,,
2020-04-23,15.2,13.2,24.9,17.5,81.58,82.93,9.03,9.7,7.1,,,,
2020-04-24,19.1,12.9,24.9,17.6,73.54,82.83,1.26,7.7,6.9,,,,
2020-04-25,23.5,13.4,24.9,17.6,69.36,82.87,2.04,2.7,6.7,,,,
2020-04-26,27.3,12.1,25.0,17.7,67.03,82.65,0.0,4.0,6.6,,,,
2020-04-27,30.8,14.5,25.2,17.9,57.17,82.58,0.0,3.2,6.4,,,,
2020-04-28,28.2,16.5,25.5,18.1,54.86,82.49,0.0,2.9,6.4,,,,
2020-04-29,32.4,17.4,26.0,18.4,70.12,82.65,0.85,5.3,6.4,,,,
2020-04-30,31.5,19.0,26.4,18.7,76.9,82.71,0.94,6.3,6.5,,,,
2020-05-01,29.2,21.9,26.5,19.0,86.7,83.09,2.76,5.5,6.6,,,,
2020-05-02,27.2,20.1,26.6,19.1,86.12,83.17,1.55,5.7,6.7,,,,
2020-05-03,32.1,20.8,26.7,19.3,80.75,83.22,0.38,6.4,6.7,,,,
2020-05-04,32.3,23.5,26.6,19.3,80.15,83.13,0.85,7.7,6.7,,,,
2020-05-05,31.6,23.4,26.5,19.3,77.88,83.28,1.55,9.1,6.5,,,,
2020-05-06,36.8,21.7,26.5,19.3,77.82,83.48,0.38,8.1,6.3,,,,
2020-05-07,37.0,25.2,26.6,19.4,77.01,83.78,0.41,11.2,6.3,,,,
2020-05-08,35.2,26.7,26.7,19.5,74.74,84.03,0.62,10.2,6.4,,,,
2020-05-09,32.5,23.8,26.8,19.7,78.22,84.12,22.53,9.3,6.5,,,,
2020-05-10,35.3,23.2,27.0,19.9,82.91,83.99,6.88,7.7,6.6,,,,
2020-05-11,28.2,21.5,27.1,20.1,77.57,83.78,9.99,7.0,6.6,,,,
2020-05-12,27.4,20.8,27.2,20.2,64.71,83.59,0.0,7.8,6.6,,,,
2020-05-13,31.1,22.4,27.1,20.2,77.03,83.59,2.96,5.9,6.5,,,,
2020-05-14,28.7,22.9,27.0,20.1,85.87,83.56,6.88,9.6,6.4,,,,
2020-05-15,33.1,21.9,26.9,20.1,87.94,83.4,11.44,5.3,6.3,,,,
2020-05-16,32.6,20.6,26.9,20.1,85.7,83.32,5.43,3.7,6.2,,,,
2020-05-17,27.2,20.9,27.0,20.2,89.54,83.44,11.06,2.5,6.1,,,,
2020-05-18,32.3,20.9,27.2,20.4,80.82,83.21,1.9,2.4,6.0,,,,
2020-05-19,33.6,23.1,27.6,20.5,79.83,83.12,2.86,3.9,6.0,,,,
2020-05-20,33.9,22.7,27.9,20.6,88.92,83.29,36.19,4.6,5.9,,,,
2020-05-21,25.9,22.1,28.2,20.8,92.68,83.21,17.77,5.4,5.8,,,,
2020-05-22,28.1,20.5,28.3,20.9,81.07,82.96,1.4,6.9,5.8,,,,
2020-05-23,31.5,19.2,28.5,21.1,74.7,83.17,0.0,3.8,5.8,,,,
2020-05-24,33.2,23.3,28.6,21.3,73.25,83.51,4.59,2.6,5.7,,,,
2020-05-25,33.9,19.9,28.7,21.5,90.67,83.56,30.55,5.4,5.7,,,,
2020-05-26,28.5,18.7,28.8,21.6,79.21,83.58,0.56,6.8,5.7,,,,
2020-05-27,27.5,18.5,28.9,21.7,74.69,83.66,0.38,5.8,5.6,,,,
2020-05-28,31.4,22.1,29.1,21.8,75.99,83.8,0.38,3.2,5.5,,,,
2020-05-29,28.5,22.5,29.2,21.9,83.59,83.64,31.6,5.3,5.5,,,,
2020-05-30,32.2,22.5,29.2,22.0,89.61,83.53,14.02,3.6,5.6,,,,
2020-05-31,31.6,22.7,29.4,22.1,88.16,83.54,16.06,3.3,5.6,,,,
2020-06-01,28.7,22.7,29.6,22.3,88.94,83.57,9.99,3.5,5.5,,,,
2020-06-02,29.6,22.8,29.7,22.4,93.62,83.29,29.53,4.5,5.6,,,,
2020-06-03,28.9,22.4,29.8,22.5,97.25,83.22,28.55,1.9,5.5,,,,
2020-06-04,28.2,22.6,30.0,22.6,91.46,83.21,30.55,4.3,5.4,,,,
2020-06-05,29.2,23.0,30.0,22.6,94.89,83.31,34.98,4.5,5.3,,,,
2020-06-06,29.6,22.8,30.1,22.7,91.15,83.48,38.72,3.7,5.4,,,,
2020-06-07,28.7,22.8,30.2,22.8,94.29,83.78,32.69,3.9,5.4,,,,
2020-06-08,26.2,23.5,30.2,23.0,96.1,83.97,42.86,2.3,5.4,,,,
2020-06-09,26.5,23.2,30.1,23.0,95.5,84.16,27.6,3.3,5.4,,,,
2020-06-10,26.5,23.1,30.1,23.0,93.4,84.19,9.34,3.6,5.5,,,,
2020-06-11,32.6,23.9,30.0,23.0,87.43,84.18,2.25,6.9,5.7,,,,
2020-06-12,32.8,24.3,29.9,23.0,85.59,84.12,6.65,7.5,5.6,,,,
2020-06-13,31.2,24.7,30.0,23.0,79.17,84.15,0.85,4.8,5.8,,,,
2020-06-14,31.5,24.3,30.1,23.2,83.0,84.38,8.44,3.9,5.9,,,,
2020-06-15,35.8,24.8,30.1,23.3,86.13,84.71,15.52,8.6,5.9,,,,
2020-06-16,32.3,24.1,30.3,23.5,84.11,84.95,2.25,10.4,5.8,,,,
2020-06-17,32.5,25.8,30.5,23.7,82.31,85.23,2.5,11.4,5.9,,,,
2020-06-18,32.8,25.7,30.6,23.9,84.54,85.42,4.91,8.6,5.8,,,,
2020-06-19,31.1,24.2,30.8,24.0,82.74,85.68,2.67,7.6,5.8,,,,
2020-06-20,34.6,27.1,31.0,24.1,83.8,85.91,3.62,8.4,5.8,,,,
2020-06-21,32.1,25.2,31.1,24.2,85.1,85.86,6.01,9.4,5.8,,,,
2020-06-22,31.4,25.1,31.2,24.3,85.59,85.63,6.43,7.5,5.9,,,,
2020-06-23,34.4,24.9,31.3,24.4,86.52,85.48,16.61,4.8,6.0,,,,
2020-06-24,33.6,24.5,31.4,24.5,89.5,85.34,40.06,4.9,6.0,,,,
2020-06-25,33.1,24.0,31.4,24.5,96.54,85.24,76.22,5.8,6.1,,,,
2020-06-26,29.3,24.4,31.5,24.5,92.65,85.34,20.35,7.5,6.2,,,,
2020-06-27,31.1,24.7,31.5,24.5,83.03,85.48,1.55,10.9,6.3,,,,
2020-06-28,33.4,25.0,31.6,24.6,80.13,85.49,1.84,10.8,6.5,,,,
2020-06-29,32.2,24.6,31.8,24.6,81.55,85.32,1.97,9.0,6.7,,,,
2020-06-30,33.8,24.4,31.9,24.7,82.82,85.18,2.58,6.1,6.8,,,,
2020-07-01,32.1,25.1,32.0,24.8,82.64,85.03,1.66,2.5,6.9,,,,
2020-07-02,34.5,24.8,32.1,24.9,85.78,84.8,12.66,5.0,7.0,,,,
2020-07-03,32.6,24.5,32.2,25.0,89.5,84.52,9.99,4.0,7.0,,,,
2020-07-04,31.0,24.6,32.2,25.1,83.31,84.2,3.62,5.2,7.1,,,,
2020-07-05,30.5,25.4,32.3,25.1,82.99,83.9,2.25,9.1,7.2,,,,
2020-07-06,33.7,25.2,32.5,25.2,81.68,83.62,1.97,11.0,7.1,,,,
2020-07-07,30.7,25.5,32.5,25.1,81.77,83.41,1.07,9.4,7.1,,,,
2020-07-08,32.7,25.4,32.7,25.1,83.75,83.2,12.66,8.9,7.0,,,,
2020-07-09,32.9,25.0,32.8,25.1,91.22,83.03,34.98,6.0,6.9,,,,
2020-07-10,28.2,25.1,32.9,25.1,93.26,82.84,36.19,7.2,6.8,,,,
2020-07-11,29.4,24.0,32.9,25.1,89.67,82.64,10.69,11.1,6.8,,,,
2020-07-12,34.6,24.9,32.9,25.1,83.66,82.48,3.87,9.9,6.8,,,,
2020-07-13,31.4,24.5,32.9,25.1,78.44,82.35,0.54,6.0,6.7,,,,
2020-07-14,32.2,25.0,33.0,25.1,76.54,82.11,0.38,5.3,6.7,,,,
2020-07-15,35.7,25.5,33.0,25.0,76.8,81.76,0.38,7.1,6.5,,,,
2020-07-16,35.6,24.2,33.1,25.0,77.39,81.49,0.38,8.3,6.5,,,,
2020-07-17,35.1,24.6,33.2,25.1,77.72,81.34,0.76,10.7,6.5,,,,
2020-07-18,34.4,25.0,33.2,25.1,78.52,81.5,4.74,10.9,6.4,,,,
2020-07-19,33.5,23.8,33.3,25.1,84.47,81.65,15.0,7.1,6.3,,,,
2020-07-20,32.4,23.3,33.3,25.1,91.83,81.68,6.22,3.6,6.3,,,,
2020-07-21,34.3,23.5,33.3,25.1,82.18,81.61,0.44,6.6,6.2,,,,
2020-07-22,30.7,23.6,33.3,25.0,77.94,81.42,0.76,9.1,6.2,,,,
2020-07-23,31.3,23.5,33.4,25.0,76.9,81.05,0.38,7.4,6.0,,,,
2020-07-24,35.8,24.8,33.4,25.0,74.47,80.87,0.38,5.9,5.9,,,,
2020-07-25,36.2,25.6,33.3,24.9,72.21,80.96,0.38,4.8,5.8,,,,
2020-07-26,36.3,24.8,33.2,24.9,74.76,81.04,0.38,6.4,5.7,,,,
2020-07-27,35.0,24.9,33.3,24.8,85.38,80.91,17.77,5.1,5.6,,,,
2020-07-28,29.9,23.2,33.3,24.9,90.08,80.77,12.66,2.1,5.5,,,,
2020-07-29,35.4,23.7,33.4,24.8,82.58,80.67,0.49,2.1,5.5,,,,
2020-07-30,35.5,24.9,33.5,24.9,81.16,80.55,2.11,2.0,5.4,,,,
2020-07-31,31.5,24.5,33.7,25.0,84.01,80.46,3.16,2.5,5.3,,,,
2020-08-01,35.5,26.0,33.7,25.0,78.83,80.72,0.62,6.8,5.3,,,,
2020-08-02,29.4,23.4,33.6,25.0,86.09,81.02,11.44,3.9,5.3,,,,
2020-08-03,33.6,23.8,33.5,25.0,85.06,81.23,2.11,3.3,5.2,,,,
2020-08-04,32.9,24.2,33.4,25.0,85.71,81.29,4.01,3.1,5.2,,,,
2020-08-05,29.7,24.6,33.4,24.9,83.66,81.28,8.44,5.2,5.1,,,,
2020-08-06,33.0,24.3,33.5,24.9,88.78,81.11,6.43,6.4,4.9,,,,
2020-08-07,29.6,23.9,33.6,25.0,84.08,81.01,0.43,6.1,4.9,,,,
2020-08-08,34.3,23.8,33.7,25.0,81.32,81.05,0.64,7.9,4.9,,,,
2020-08-09,34.3,24.4,33.6,25.0,79.09,81.31,0.43,8.5,4.9,,,,
2020-08-10,34.3,25.0,33.3,25.0,83.55,81.63,8.44,7.4,5.0,,,,
2020-08-11,33.7,24.5,33.2,25.0,86.05,82.06,6.88,5.3,5.1,,,,
2020-08-12,35.1,24.9,33.0,24.9,83.29,82.44,3.27,8.5,5.2,,,,
2020-08-13,35.1,23.9,32.8,24.8,82.3,82.58,3.5,8.5,5.2,,,,
2020-08-14,33.2,23.7,32.8,24.8,83.98,82.25,2.67,7.3,5.3,,,,
2020-08-15,32.2,23.5,32.8,24.7,82.88,81.85,1.45,7.1,5.3,,,,
2020-08-16,34.4,23.0,32.8,24.7,84.93,81.48,13.56,5.5,5.4,,,,
2020-08-17,34.3,23.0,32.9,24.6,83.74,80.8,3.06,4.2,5.4,,,,
2020-08-18,34.2,23.4,33.0,24.6,83.22,79.99,7.12,2.6,5.5,,,,
2020-08-19,34.3,23.5,33.1,24.6,83.19,79.47,45.87,6.3,5.5,,,,
2020-08-20,33.2,23.4,33.1,24.6,92.72,79.12,68.86,6.4,5.5,,,,
2020-08-21,33.1,23.0,33.1,24.5,87.28,78.74,1.11,2.4,5.5,,,,
2020-08-22,35.6,24.0,33.0,24.4,81.91,78.58,0.64,1.9,5.5,,,,
2020-08-23,35.5,23.9,32.9,24.4,82.29,78.69,0.97,5.4,5.5,,,,
2020-08-24,34.9,23.7,32.8,24.3,81.47,79.01,6.65,6.4,5.5,,,,
2020-08-25,34.5,24.2,32.6,24.2,86.79,79.29,22.53,3.3,5.4,,,,
2020-08-26,33.9,23.6,32.6,24.2,83.79,79.46,0.58,4.1,5.3,,,,
2020-08-27,31.3,21.2,32.6,24.2,69.37,79.41,0.0,2.4,5.4,,,,
2020-08-28,32.1,23.0,32.6,24.2,66.98,79.1,0.0,1.0,5.4,,,,
2020-08-29,36.1,23.8,32.5,24.1,74.66,78.73,0.38,2.4,5.5,,,,
2020-08-30,31.6,23.7,32.5,24.1,73.62,78.29,0.0,4.0,5.7,,,,
2020-08-31,31.6,22.3,32.4,24.0,71.27,77.84,0.0,5.9,5.8,,,,
2020-09-01,31.6,22.5,32.4,24.0,70.95,77.7,0.0,6.1,5.8,,,,
2020-09-02,31.5,21.1,32.3,23.9,69.72,77.74,0.0,6.1,5.8,,,,
2020-09-03,35.5,23.0,32.3,23.8,69.78,77.66,0.0,6.5,5.8,,,,
2020-09-04,35.0,22.9,32.2,23.8,74.05,77.33,1.5,4.4,5.9,,,,
2020-09-05,34.9,23.3,32.1,23.7,83.73,77.05,1.5,2.7,5.9,,,,
2020-09-06,31.7,23.6,32.1,23.6,86.67,76.75,9.99,3.3,5.9,,,,
2020-09-07,29.1,24.7,32.0,23.5,91.56,76.49,6.43,3.3,6.0,,,,
2020-09-08,29.3,22.5,31.9,23.5,87.97,76.13,11.84,3.0,6.2,,,,
2020-09-09,33.0,23.6,31.8,23.3,87.49,76.04,7.62,3.8,6.2,,,,
2020-09-10,33.4,23.4,31.7,23.2,88.97,75.55,11.84,4.0,6.3,,,,
2020-09-11,31.6,21.8,31.5,23.0,89.97,75.02,4.74,6.6,6.4,,,,
2020-09-12,26.0,21.8,31.3,22.9,81.78,74.37,0.49,8.0,6.6,,,,
2020-09-13,28.8,22.8,31.1,22.6,76.85,73.64,0.38,8.6,6.8,,,,
2020-09-14,29.9,21.9,31.0,22.5,80.31,73.01,0.71,4.8,6.9,,,,
2020-09-15,30.0,22.9,31.0,22.3,87.1,73.0,5.07,3.4,6.9,,,,
2020-09-16,33.3,23.5,31.0,22.2,87.54,72.85,9.99,3.4,6.9,,,,
2020-09-17,33.6,20.2,30.9,22.2,86.94,72.6,2.5,9.4,6.9,,,,
2020-09-18,24.4,20.1,30.8,22.1,73.5,72.72,2.67,13.6,6.9,,,,
2020-09-19,23.9,20.1,30.6,22.0,81.78,72.5,1.9,8.7,7.0,,,,
2020-09-20,26.6,21.8,30.4,21.8,87.01,71.85,8.16,5.6,7.2,,,,
2020-09-21,28.5,21.7,30.2,21.6,92.04,71.39,21.05,3.7,7.4,,,,
2020-09-22,28.0,21.7,30.0,21.5,91.31,71.12,17.77,3.7,7.5,,,,
2020-09-23,28.2,18.7,30.0,21.3,88.14,70.7,9.66,10.2,7.5,,,,
2020-09-24,22.7,18.1,29.9,21.2,84.99,70.35,1.36,6.9,7.4,,,,
2020-09-25,22.3,19.5,29.8,21.2,87.3,70.25,14.51,5.8,7.3,,,,
2020-09-26,22.2,17.4,29.8,21.2,89.68,70.07,13.11,9.9,7.2,,,,
2020-09-27,21.4,18.8,29.7,21.1,85.2,69.9,0.76,7.7,7.2,,,,
2020-09-28,25.0,19.3,29.5,21.0,81.98,69.94,0.38,4.3,7.3,,,,
2020-09-29,26.3,20.3,29.5,20.8,84.18,69.86,1.66,4.5,7.3,,,,
2020-09-30,25.9,21.2,29.5,20.7,85.69,69.59,14.51,8.8,7.3,,,,
2020-10-01,24.6,21.2,29.5,20.6,82.38,69.44,0.38,3.9,7.3,,,,
2020-10-02,31.4,21.5,29.3,20.3,82.77,69.14,0.38,4.5,7.4,,,,
2020-10-03,31.8,22.6,28.9,20.1,83.46,68.6,4.74,4.5,7.6,,,,
2020-10-04,32.2,17.7,28.5,19.8,88.81,68.28,8.44,8.4,7.7,,,,
2020-10-05,24.4,14.2,27.9,19.4,74.21,68.23,0.74,14.4,7.8,,,,
2020-10-06,21.0,14.6,27.5,19.1,70.61,68.03,0.38,12.3,7.9,,,,
2020-10-07,20.6,14.2,27.2,18.8,73.57,67.79,0.38,11.6,7.9,,,,
2020-10-08,20.8,15.2,27.3,18.7,74.78,67.68,0.38,11.4,7.7,,,,
2020-10-09,22.6,15.8,27.3,18.8,74.02,67.47,0.38,10.0,7.7,,,,
2020-10-10,25.2,14.7,27.4,18.7,73.92,67.22,0.38,8.0,7.7,,,,
2020-10-11,25.2,14.6,27.2,18.7,75.77,67.48,0.38,7.8,7.8,,,,
2020-10-12,25.3,17.4,27.0,18.7,74.38,68.0,0.38,11.3,8.0,,,,
2020-10-13,25.2,18.0,26.8,18.5,74.9,68.15,8.16,12.5,8.1,,,,
2020-10-14,28.5,17.9,26.5,18.4,87.34,68.47,30.55,12.9,8.2,,,,
2020-10-15,19.9,17.2,26.2,18.2,85.61,68.75,1.23,12.3,8.4,,,,
2020-10-16,19.7,15.2,26.1,18.0,78.98,68.56,0.6,13.0,8.4,,,,
2020-10-17,19.4,16.8,26.0,17.7,74.03,68.23,0.38,13.5,8.2,,,,
2020-10-18,17.8,14.1,25.8,17.6,75.3,68.34,2.67,10.9,8.1,,,,
2020-10-19,19.2,13.7,25.6,17.4,78.3,68.47,2.11,10.4,7.9,,,,
2020-10-20,20.6,13.6,25.4,17.1,75.94,68.45,0.67,10.7,7.8,,,,
2020-10-21,20.9,14.1,25.2,16.8,70.15,68.54,0.38,9.9,7.8,,,,
2020-10-22,23.0,11.4,25.0,16.6,61.22,68.68,0.0,10.2,7.7,,,,
2020-10-23,22.9,11.5,24.9,16.5,60.31,68.79,0.0,11.3,7.7,,,,
2020-10-24,22.4,11.0,24.7,16.4,59.62,68.97,0.0,9.2,7.7,,,,
2020-10-25,26.5,14.6,24.5,16.3,68.26,69.34,0.9,5.3,7.6,,,,
2020-10-26,24.6,17.4,24.3,16.2,76.48,69.71,1.61,7.2,7.5,,,,
2020-10-27,24.8,20.0,24.0,16.0,73.13,70.18,0.0,8.7,7.6,,,,
2020-10-28,24.4,17.5,23.7,15.8,65.64,70.21,4.59,12.7,7.5,,,,
2020-10-29,27.2,16.3,23.8,15.6,84.71,69.95,8.44,9.4,7.3,,,,
2020-10-30,25.5,16.3,23.8,15.4,79.59,69.68,0.38,7.2,7.4,,,,
2020-10-31,26.9,18.5,23.7,15.2,79.89,69.19,0.38,4.8,7.5,,,,
2020-11-01,24.8,17.9,23.8,15.0,77.81,68.68,0.38,7.5,7.5,,,,
2020-11-02,27.6,14.6,23.7,14.9,68.07,68.61,0.38,11.8,7.3,,,,
2020-11-03,20.0,16.6,23.7,14.8,62.12,68.87,0.38,10.3,7.2,,,,
2020-11-04,23.6,14.3,23.8,14.9,63.03,69.08,0.0,7.8,7.0,,,,
2020-11-05,24.5,14.4,23.9,14.9,70.32,70.02,0.0,4.5,6.7,,,,
2020-11-06,22.8,16.1,23.9,15.0,73.78,70.63,0.38,7.8,6.8,,,,
2020-11-07,23.4,14.6,23.5,14.9,66.39,71.09,0.0,9.4,7.1,,,,
2020-11-08,22.8,12.1,23.0,14.6,58.03,71.35,0.0,11.0,7.4,,,,
2020-11-09,26.1,10.2,22.4,14.2,53.42,71.69,0.0,10.7,7.6,,,,
2020-11-10,22.3,8.4,21.8,13.9,57.6,71.41,0.0,9.3,7.8,,,,
2020-11-11,22.8,8.7,21.3,13.5,58.47,71.48,0.0,8.2,7.8,,,,
2020-11-12,23.4,9.6,21.0,13.3,60.38,71.8,0.0,7.9,7.6,,,,
2020-11-13,23.4,9.0,20.7,13.1,59.46,72.17,0.0,10.2,7.5,,,,
2020-11-14,23.2,9.5,20.4,12.9,61.04,72.78,0.38,8.7,7.5,,,,
2020-11-15,26.3,14.4,20.1,12.7,64.8,73.02,0.41,3.6,7.6,,,,
2020-11-16,25.2,17.0,19.8,12.5,74.55,72.82,2.04,2.3,7.8,,,,
2020-11-17,26.0,18.1,19.5,12.3,77.9,72.53,0.44,7.7,7.8,,,,
2020-11-18,26.0,20.2,19.3,12.1,78.18,71.83,2.41,10.8,7.8,,,,
2020-11-19,27.1,18.5,19.3,11.9,78.16,70.84,1.97,5.9,7.8,,,,
2020-11-20,30.1,17.4,19.4,11.8,83.05,70.15,2.11,6.6,7.7,,,,
2020-11-21,24.4,15.0,19.4,11.6,81.78,69.75,1.31,5.2,7.6,,,,
2020-11-22,24.3,10.7,19.3,11.4,77.59,69.43,4.43,13.6,7.6,,,,
2020-11-23,14.9,9.3,19.3,11.2,85.28,69.37,2.96,11.7,7.6,,,,
2020-11-24,12.9,9.4,19.1,11.1,79.94,69.09,1.61,8.2,7.6,,,,
2020-11-25,12.6,10.1,18.8,10.9,83.77,68.93,1.9,7.1,7.7,,,,
2020-11-26,15.2,10.7,18.6,10.7,79.7,68.88,0.81,11.6,7.8,,,,
2020-11-27,14.6,9.6,18.3,10.5,72.88,68.76,0.38,13.1,8.0,,,,
2020-11-28,13.7,8.0,17.9,10.2,69.48,68.4,0.38,12.6,8.1,,,,
2020-11-29,14.4,6.4,17.6,9.8,67.01,68.47,0.0,10.9,8.1,,,,
2020-11-30,13.3,6.9,17.3,9.4,67.99,68.48,0.38,12.5,8.1,,,,
2020-12-01,15.5,8.9,17.0,9.2,69.4,68.55,0.38,10.7,8.0,,,,
2020-12-02,15.8,8.6,16.9,9.0,70.37,68.64,0.38,12.7,7.8,,,,
2020-12-03,14.9,7.3,16.9,8.9,67.57,68.62,0.38,14.5,7.6,,,,
2020-12-04,10.4,5.5,16.8,8.8,67.33,68.47,0.38,13.7,7.6,,,,
2020-12-05,12.9,4.7,16.6,8.7,67.71,68.6,0.38,9.6,7.6,,,,
2020-12-06,15.2,4.8,16.5,8.6,74.23,68.58,0.0,6.2,7.7,,,,
2020-12-07,15.8,6.1,16.3,8.5,72.7,68.51,0.38,11.6,7.5,,,,
2020-12-08,14.7,8.7,16.1,8.4,69.24,68.97,0.38,9.8,7.4,,,,
2020-12-09,14.1,8.6,16.0,8.4,75.66,69.22,0.38,6.8,7.4,,,,
2020-12-10,17.1,7.6,16.0,8.3,74.24,68.84,0.38,8.6,7.4,,,,
2020-12-11,18.1,7.3,16.0,8.3,75.66,68.62,0.38,7.2,7.4,,,,
2020-12-12,18.3,9.3,15.9,8.3,72.67,68.44,0.76,7.4,7.7,,,,
2020-12-13,16.8,8.5,15.8,8.2,83.73,68.26,9.99,10.0,7.9,,,,
2020-12-14,12.1,3.2,15.5,8.0,78.39,68.22,4.14,16.1,7.9,,,,
2020-12-15,6.5,2.6,15.2,7.7,75.45,68.41,1.84,12.4,8.0,,,,
2020-12-16,6.6,2.6,14.9,7.4,69.31,68.49,1.4,11.3,8.0,,,,
2020-12-17,6.2,3.3,14.7,7.2,72.5,68.61,2.41,8.9,7.8,,,,
2020-12-18,10.5,3.7,14.6,7.2,66.28,68.76,0.38,11.0,7.7,,,,
2020-12-19,9.5,4.8,14.6,7.2,49.06,68.58,0.0,13.9,7.7,,,,
2020-12-20,11.7,4.4,14.8,7.2,44.71,68.39,0.0,12.3,7.6,,,,
2020-12-21,15.3,2.5,14.8,7.3,50.33,68.55,0.0,9.8,7.3,,,,
2020-12-22,15.1,1.9,14.9,7.2,62.29,68.63,0.38,4.5,7.2,,,,
2020-12-23,16.1,7.9,14.9,7.1,71.78,68.6,0.38,4.6,7.3,,,,
2020-12-24,15.7,7.9,14.6,6.9,66.21,68.96,0.0,9.4,7.3,,,,
2020-12-25,15.8,4.6,14.1,6.8,65.52,69.27,0.38,6.0,7.5,,,,
2020-12-26,17.6,9.1,13.8,6.6,79.36,69.21,1.9,4.5,7.6,,,,
2020-12-27,13.7,10.1,13.4,6.4,85.06,69.27,0.51,3.5,7.8,,,,
2020-12-28,16.6,11.8,13.2,6.3,91.09,69.13,8.16,4.4,7.8,,,,
2020-12-29,16.5,5.2,13.1,6.3,83.8,68.94,5.82,11.6,7.9,,,,
2020-12-30,14.6,3.5,13.1,6.3,41.12,69.02,0.0,18.5,7.8,,,,
2020-12-31,8.1,3.0,13.0,6.3,34.78,69.3,0.0,13.2,7.7,,,,
2021-01-01,11.7,-0.6,13.1,6.4,50.51,69.69,0.0,6.9,7.6,,,,
2021-01-02,15.1,1.5,13.1,6.3,58.77,70.35,0.0,4.9,7.6,,,,
2021-01-03,15.0,1.9,13.0,6.2,61.17,70.98,0.0,8.0,7.6,,,,
2021-01-04,17.2,2.9,12.9,6.3,63.77,71.66,0.0,7.2,7.5,,,,
2021-01-05,17.5,5.6,12.8,6.2,60.02,71.99,0.38,11.8,7.6,,,,
2021-01-06,14.1,4.3,12.7,6.2,63.19,71.82,1.07,12.1,7.6,,,,
2021-01-07,10.2,0.8,12.6,6.2,63.79,71.7,0.41,16.8,7.5,,,,
2021-01-08,7.5,0.7,12.6,6.2,33.5,71.61,0.0,14.4,7.4,,,,
2021-01-09,7.7,0.9,12.7,6.2,31.06,71.63,0.0,10.5,7.6,,,,
2021-01-10,8.2,4.1,12.7,6.2,36.45,71.58,0.38,10.0,7.6,,,,
2021-01-11,9.9,2.7,12.7,6.1,38.41,71.79,0.0,11.0,7.6,,,,
2021-01-12,13.4,0.7,12.6,6.0,49.95,71.98,0.0,2.9,7.8,,,,
2021-01-13,16.7,0.1,12.3,5.9,50.0,71.99,0.0,1.3,7.9,,,,
2021-01-14,18.3,6.2,12.1,5.7,48.25,71.57,0.0,2.1,7.8,,,,
2021-01-15,19.4,7.4,11.9,5.6,50.97,71.71,0.0,2.0,7.7,,,,
2021-01-16,22.4,5.9,11.8,5.6,55.94,71.94,0.52,11.2,7.7,,,,
2021-01-17,16.7,3.3,11.8,5.6,52.23,72.17,0.38,14.6,7.6,,,,
2021-01-18,17.5,1.8,12.0,5.7,50.85,72.71,0.0,4.3,7.3,,,,
2021-01-19,17.5,4.3,12.1,5.8,52.51,73.49,0.0,3.9,7.4,,,,
2021-01-20,20.0,7.9,12.1,5.9,58.84,74.09,0.38,3.6,7.6,,,,
2021-01-21,21.8,6.2,12.1,5.9,76.6,74.16,0.79,3.0,7.8,,,,
2021-01-22,18.1,11.5,12.0,5.9,73.96,74.06,0.38,6.6,8.1,,,,
2021-01-23,19.6,6.5,11.7,5.8,69.32,73.85,0.38,7.2,8.2,,,,
2021-01-24,21.8,11.2,11.6,5.7,70.36,73.77,1.5,4.9,8.2,,,,
2021-01-25,19.6,9.6,11.6,5.8,89.06,73.56,9.03,6.4,8.1,,,,
2021-01-26,13.2,9.5,11.9,5.8,76.93,73.93,1.77,10.7,7.8,,,,
2021-01-27,12.8,7.8,12.1,5.9,81.04,74.14,2.5,7.1,7.8,,,,
2021-01-28,15.0,8.9,12.4,6.0,57.72,74.15,0.0,12.0,7.9,,,,
2021-01-29,18.0,10.0,12.4,6.1,60.06,74.24,0.38,5.6,7.9,,,,
2021-01-30,16.0,10.6,12.3,6.2,65.93,74.32,0.38,4.2,8.0,,,,
2021-01-31,17.2,10.2,12.1,6.2,77.22,74.32,1.03,4.2,8.0,,,,
2021-02-01,17.6,12.8,11.9,6.2,84.59,74.52,1.07,3.2,8.0,,,,
2021-02-02,18.6,12.2,11.8,6.3,76.33,75.05,2.04,7.7,7.8,,,,
2021-02-03,17.7,12.0,12.0,6.3,81.09,75.48,2.41,5.0,7.7,,,,
2021-02-04,20.7,11.9,12.3,6.4,81.89,75.86,0.38,4.6,7.6,,,,
2021-02-05,24.9,12.1,12.5,6.6,76.52,76.09,0.49,4.8,7.7,,,,
2021-02-06,24.7,9.8,12.8,6.7,71.13,76.03,0.38,4.2,7.7,,,,
2021-02-07,23.6,13.3,13.1,6.9,69.56,75.96,0.52,2.8,7.8,,,,
2021-02-08,26.0,11.1,13.3,7.1,81.37,75.78,4.59,12.2,7.8,,,,
2021-02-09,16.0,10.0,13.5,7.1,87.88,75.57,40.06,10.0,8.0,,,,
2021-02-10,14.5,9.8,13.7,7.3,86.05,75.56,0.64,7.7,7.8,,,,
2021-02-11,16.4,6.4,14.0,7.5,78.36,76.43,0.38,7.8,7.6,,,,
2021-02-12,17.8,8.6,14.3,7.6,74.53,77.09,0.38,5.1,7.5,,,,
2021-02-13,22.5,8.4,14.4,7.8,71.31,77.56,0.0,3.4,7.5,,,,
2021-02-14,21.5,12.0,14.4,8.0,69.64,78.16,0.38,1.5,7.4,,,,
2021-02-15,25.6,12.6,14.3,8.0,73.2,78.65,1.0,3.2,7.5,,,,
2021-02-16,24.9,11.9,14.1,7.9,87.04,78.41,4.01,7.8,7.8,,,,
2021-02-17,18.6,8.9,13.9,7.9,60.54,78.0,0.0,10.4,8.0,,,,
2021-02-18,21.0,7.9,13.8,7.8,58.04,77.44,0.0,7.6,8.1,,,,
2021-02-19,20.2,9.8,13.8,7.8,59.92,76.95,0.0,3.2,8.1,,,,
2021-02-20,21.5,9.7,14.1,8.0,61.43,76.82,0.0,2.2,8.0,,,,
2021-02-21,25.6,9.1,14.3,8.1,65.07,77.04,1.14,3.9,7.9,,,,
2021-02-22,23.8,16.2,14.4,8.2,71.8,77.38,0.38,2.8,7.9,,,,
2021-02-23,25.1,16.5,14.5,8.4,71.78,78.13,0.71,2.7,7.9,,,,
2021-02-24,29.0,17.0,14.6,8.5,71.24,78.37,1.31,7.2,8.0,,,,
2021-02-25,27.0,10.7,14.6,8.5,86.66,78.35,24.1,8.4,8.0,,,,
2021-02-26,21.4,8.3,14.8,8.6,81.18,78.28,1.84,13.5,7.8,,,,
2021-02-27,12.0,8.2,15.0,8.7,75.57,78.24,4.28,9.5,7.8,,,,
2021-02-28,15.6,8.3,15.2,8.8,91.49,77.64,14.51,4.3,7.7,,,,
2021-03-01,15.9,8.8,15.4,8.9,89.83,77.82,0.56,8.7,7.6,,,,
2021-03-02,16.2,9.5,15.6,9.0,61.97,77.7,0.38,12.8,7.6,,,,
2021-03-03,15.3,10.0,15.8,9.1,73.11,77.46,7.62,6.1,7.6,,,,
2021-03-04,13.1,10.4,15.9,9.4,88.86,77.48,12.66,2.9,7.6,,,,
2021-03-05,17.0,10.6,16.0,9.7,93.41,77.74,21.77,3.1,7.7,,,,
2021-03-06,17.8,12.0,16.2,9.9,83.54,77.76,1.97,10.8,7.6,,,,
2021-03-07,17.0,9.5,16.3,10.0,72.48,77.92,0.4,12.4,7.7,,,,
2021-03-08,18.4,10.1,16.3,10.2,81.42,78.36,7.89,7.0,7.6,,,,
2021-03-09,11.4,9.9,16.4,10.3,89.74,79.08,16.06,8.0,7.2,,,,
2021-03-10,11.9,9.9,16.6,10.4,92.14,79.73,25.79,6.7,7.1,,,,
2021-03-11,16.3,10.1,16.7,10.6,92.33,80.5,7.12,6.0,7.3,,,,
2021-03-12,19.4,11.3,16.9,10.9,84.22,81.17,0.79,6.5,7.3,,,,
2021-03-13,17.6,13.0,17.2,11.1,84.38,81.7,1.77,3.1,7.3,,,,
2021-03-14,22.7,13.6,17.5,11.2,86.29,81.48,1.31,4.9,7.3,,,,
2021-03-15,22.2,15.3,17.8,11.4,88.64,81.73,3.5,8.4,7.3,,,,
2021-03-16,22.9,16.3,18.2,11.6,85.75,81.81,2.41,5.7,7.2,,,,
2021-03-17,27.7,17.7,18.4,11.8,82.4,81.94,2.04,5.5,7.1,,,,
2021-03-18,28.5,18.3,18.6,11.9,82.84,82.14,1.9,7.5,7.3,,,,
2021-03-19,28.5,18.5,18.6,12.1,85.17,82.52,8.44,6.7,7.5,,,,
2021-03-20,21.7,10.4,18.5,12.1,84.84,82.57,7.89,13.1,7.7,,,,
2021-03-21,13.6,10.9,18.3,12.1,70.91,82.47,1.0,14.2,7.8,,,,
2021-03-22,17.1,10.9,18.3,12.0,53.44,82.16,0.69,10.7,8.0,,,,
2021-03-23,19.2,11.2,18.3,11.9,63.1,81.43,0.0,3.2,8.0,,,,
2021-03-24,21.9,8.7,18.3,11.9,70.94,80.81,0.0,2.0,7.7,,,,
2021-03-25,25.4,11.3,18.6,12.0,82.93,80.44,3.5,2.7,7.5,,,,
2021-03-26,20.5,16.0,18.9,12.2,86.4,80.41,6.88,5.4,7.2,,,,
2021-03-27,23.3,16.8,19.3,12.5,89.96,80.4,12.24,5.8,7.1,,,,
2021-03-28,24.9,18.1,19.6,13.0,87.43,81.0,1.55,3.2,6.9,,,,
2021-03-29,31.4,18.2,19.8,13.3,84.48,81.45,1.77,9.3,6.9,,,,
2021-03-30,31.6,20.5,20.1,13.6,85.56,81.58,1.07,9.1,7.1,,,,
2021-03-31,33.5,19.9,20.4,13.7,81.28,81.67,4.74,9.3,7.3,,,,
2021-04-01,33.5,17.9,20.5,13.9,81.82,81.6,4.74,7.7,7.4,,,,
2021-04-02,28.4,18.0,20.7,14.0,84.98,81.29,6.43,7.0,7.6,,,,
2021-04-03,20.4,15.4,20.9,14.1,85.98,81.52,4.43,11.3,7.5,,,,
2021-04-04,18.5,12.6,21.0,14.3,81.09,81.78,7.12,12.5,7.3,,,,
2021-04-05,16.3,11.9,21.2,14.5,85.03,81.75,1.23,6.8,7.2,,,,
2021-04-06,22.7,12.9,21.5,14.7,82.55,81.93,0.74,4.1,7.1,,,,
2021-04-07,21.2,15.2,21.8,15.0,90.59,82.24,13.11,5.9,6.9,,,,
2021-04-08,19.5,13.6,22.0,15.2,78.75,82.43,2.5,11.8,7.0,,,,
2021-04-09,18.6,12.6,22.1,15.3,79.24,82.47,4.59,8.5,7.2,,,,
2021-04-10,17.4,14.1,22.2,15.3,87.21,82.42,3.87,5.0,7.3,,,,
2021-04-11,20.1,14.3,22.2,15.3,88.08,82.32,7.12,4.4,7.4,,,,
2021-04-12,23.7,14.4,22.2,15.3,90.02,81.91,12.24,4.8,7.3,,,,
2021-04-13,22.4,16.0,22.7,15.3,87.86,81.15,9.03,5.6,7.2,,,,
2021-04-14,21.3,16.4,23.3,15.7,86.61,80.79,4.59,8.3,7.0,,,,
2021-04-15,19.5,16.4,23.7,16.0,88.64,81.08,18.39,5.9,6.9,,,,
2021-04-16,21.3,16.4,24.0,16.4,84.74,81.64,2.96,6.9,6.8,,,,
2021-04-17,22.5,16.3,24.3,16.7,80.12,82.47,10.34,9.0,6.9,,,,
2021-04-18,22.7,15.5,24.3,17.0,91.65,83.32,25.79,5.9,6.8,,,,
2021-04-19,18.0,14.6,24.2,17.1,91.94,83.82,12.24,5.5,6.9,,,,
2021-04-20,20.1,14.8,24.3,17.3,87.73,83.75,10.34,5.4,7.0,,,,
2021-04-21,26.7,16.6,24.6,17.5,86.75,83.51,6.65,5.3,7.0,,,,
2021-04-22,30.7,19.3,24.7,17.6,89.3,83.19,4.14,3.3,7.1,,,,
2021-04-23,31.3,21.6,24.9,17.5,85.33,82.93,4.43,4.8,7.1,,,,
2021-04-24,31.2,20.8,24.9,17.6,89.4,82.83,15.0,4.9,6.9,,,,
2021-04-25,26.6,16.1,24.9,17.6,83.55,82.87,5.43,12.7,6.7,,,,
2021-04-26,17.8,15.7,25.0,17.7,87.9,82.65,27.6,7.8,6.6,,,,
2021-04-27,19.4,15.9,25.2,17.9,88.45,82.58,8.44,6.9,6.4,,,,
2021-04-28,20.9,15.1,25.5,18.1,82.76,82.49,0.38,7.0,6.4,,,,
2021-04-29,26.2,13.7,26.0,18.4,71.68,82.65,0.0,3.4,6.4,,,,
2021-04-30,27.9,14.9,26.4,18.7,74.38,82.71,0.38,3.5,6.5,,,,
2021-05-01,29.3,18.9,26.5,19.0,74.81,83.09,0.0,3.2,6.6,,,,
2021-05-02,32.7,21.8,26.6,19.1,83.86,83.17,17.18,4.7,6.7,,,,
2021-05-03,32.3,20.7,26.7,19.3,90.53,83.22,14.51,9.7,6.7,,,,
2021-05-04,28.4,19.1,26.6,19.3,86.56,83.13,24.1,9.8,6.7,,,,
2021-05-05,23.5,17.7,26.5,19.3,78.83,83.28,4.59,7.2,6.5,,,,
2021-05-06,26.7,20.4,26.5,19.3,83.36,83.48,6.22,5.0,6.3,,,,
2021-05-07,25.9,21.0,26.6,19.4,91.0,83.78,41.43,2.7,6.3,,,,
2021-05-08,28.0,21.2,26.7,19.5,88.77,84.03,13.56,4.7,6.4,,,,
2021-05-09,27.7,22.2,26.8,19.7,87.82,84.12,2.67,3.2,6.5,,,,
2021-05-10,29.0,22.4,27.0,19.9,85.22,83.99,7.12,8.0,6.6,,,,
2021-05-11,34.4,21.9,27.1,20.1,86.57,83.78,19.01,7.2,6.6,,,,
2021-05-12,34.1,21.5,27.2,20.2,90.73,83.59,13.11,4.8,6.6,,,,
2021-05-13,27.3,22.3,27.1,20.2,92.61,83.59,15.52,6.7,6.5,,,,
2021-05-14,29.0,23.5,27.0,20.1,85.45,83.56,6.43,10.2,6.4,,,,
2021-05-15,29.6,26.3,26.9,20.1,85.62,83.4,5.25,10.1,6.3,,,,
2021-05-16,33.3,23.3,26.9,20.1,86.96,83.32,38.72,6.9,6.2,,,,
2021-05-17,33.1,17.7,27.0,20.2,86.06,83.44,5.07,10.6,6.1,,,,
2021-05-18,20.7,17.4,27.2,20.4,86.56,83.21,12.24,6.5,6.0,,,,
2021-05-19,20.5,17.4,27.6,20.5,89.85,83.12,32.69,4.6,6.0,,,,
2021-05-20,21.2,17.5,27.9,20.6,91.55,83.29,23.3,6.5,5.9,,,,
2021-05-21,21.6,17.5,28.2,20.8,89.17,83.21,9.66,3.0,5.8,,,,
2021-05-22,30.1,17.6,28.3,20.9,86.37,82.96,4.91,5.1,5.8,,,,
2021-05-23,29.5,20.8,28.5,21.1,86.07,83.17,17.18,6.1,5.8,,,,
2021-05-24,28.3,19.2,28.6,21.3,82.37,83.51,4.43,9.8,5.7,,,,
2021-05-25,26.2,19.4,28.7,21.5,81.37,83.56,2.41,4.0,5.7,,,,
2021-05-26,33.0,22.5,28.8,21.6,87.28,83.58,6.01,6.6,5.7,,,,
2021-05-27,32.8,22.9,28.9,21.7,85.17,83.66,1.66,4.5,5.6,,,,
2021-05-28,30.7,22.6,29.1,21.8,83.88,83.8,5.43,5.0,5.5,,,,
2021-05-29,34.9,23.1,29.2,21.9,88.08,83.64,30.55,4.1,5.5,,,,
2021-05-30,25.8,21.0,29.2,22.0,90.42,83.53,7.37,2.9,5.6,,,,
2021-05-31,30.4,20.9,29.4,22.1,79.12,83.54,6.88,2.3,5.6,,,,
2021-06-01,30.0,23.1,29.6,22.3,90.69,83.57,9.34,2.4,5.5,,,,
2021-06-02,29.2,24.1,29.7,22.4,92.9,83.29,21.77,3.9,5.6,,,,
2021-06-03,28.9,20.4,29.8,22.5,90.89,83.22,30.55,5.3,5.5,,,,
2021-06-04,28.2,19.3,30.0,22.6,68.9,83.21,0.38,7.5,5.4,,,,
2021-06-05,32.8,18.4,30.0,22.6,65.66,83.31,0.0,1.5,5.3,,,,
2021-06-06,35.7,19.1,30.1,22.7,68.93,83.48,0.0,1.5,5.4,,,,
2021-06-07,35.7,21.3,30.2,22.8,68.32,83.78,0.0,2.1,5.4,,,,
2021-06-08,35.3,22.7,30.2,23.0,73.82,83.97,0.38,2.0,5.4,,,,
2021-06-09,35.5,23.2,30.1,23.0,79.9,84.16,3.27,3.0,5.4,,,,
2021-06-10,33.0,23.2,30.1,23.0,87.57,84.19,6.65,2.3,5.5,,,,
2021-06-11,30.6,23.2,30.0,23.0,84.59,84.18,3.27,4.6,5.7,,,,
2021-06-12,34.0,23.8,29.9,23.0,83.92,84.12,4.28,4.6,5.6,,,,
2021-06-13,34.5,24.3,30.0,23.0,80.82,84.15,2.25,7.1,5.8,,,,
2021-06-14,34.0,24.5,30.1,23.2,81.97,84.38,2.96,9.2,5.9,,,,
2021-06-15,30.0,24.2,30.1,23.3,79.95,84.71,1.84,9.2,5.9,,,,
2021-06-16,30.5,25.5,30.3,23.5,83.53,84.95,3.75,7.3,5.8,,,,
2021-06-17,35.3,26.7,30.5,23.7,79.82,85.23,1.19,7.7,5.9,,,,
2021-06-18,35.4,25.2,30.6,23.9,79.21,85.42,2.17,7.9,5.8,,,,
2021-06-19,35.5,25.1,30.8,24.0,80.71,85.68,4.14,6.8,5.8,,,,
2021-06-20,36.2,25.3,31.0,24.1,84.91,85.91,11.44,3.3,5.8,,,,
2021-06-21,36.1,24.8,31.1,24.2,90.15,85.86,7.89,3.1,5.8,,,,
2021-06-22,31.1,25.1,31.2,24.3,79.72,85.63,0.88,3.1,5.9,,,,
2021-06-23,33.5,24.1,31.3,24.4,80.21,85.48,0.9,3.5,6.0,,,,
2021-06-24,33.7,23.9,31.4,24.5,81.11,85.34,7.12,3.1,6.0,,,,
2021-06-25,33.9,24.1,31.4,24.5,83.01,85.24,1.72,4.9,6.1,,,,
2021-06-26,34.3,24.6,31.5,24.5,83.04,85.34,4.14,7.1,6.2,,,,
2021-06-27,30.8,25.5,31.5,24.5,85.61,85.48,13.11,7.5,6.3,,,,
2021-06-28,33.0,24.4,31.6,24.6,90.98,85.49,17.18,4.1,6.5,,,,
2021-06-29,33.5,25.0,31.8,24.6,92.96,85.32,21.05,4.4,6.7,,,,
2021-06-30,33.6,25.0,31.9,24.7,92.53,85.18,18.39,7.6,6.8,,,,
2021-07-01,28.7,24.7,32.0,24.8,90.02,85.03,20.35,9.1,6.9,,,,
2021-07-02,30.4,24.3,32.1,24.9,89.67,84.8,15.52,8.9,7.0,,,,
2021-07-03,30.8,24.8,32.2,25.0,88.57,84.52,16.61,6.9,7.0,,,,
2021-07-04,32.4,24.3,32.2,25.1,85.55,84.2,3.62,4.3,7.1,,,,
2021-07-05,31.4,24.5,32.3,25.1,82.08,83.9,1.36,5.7,7.2,,,,
2021-07-06,36.1,25.0,32.5,25.2,79.47,83.62,0.56,4.1,7.1,,,,
2021-07-07,35.9,25.3,32.5,25.1,76.52,83.41,0.64,6.3,7.1,,,,
2021-07-08,35.3,23.8,32.7,25.1,79.35,83.2,1.07,6.8,7.0,,,,
2021-07-09,34.9,23.9,32.8,25.1,78.07,83.03,0.38,7.1,6.9,,,,
2021-07-10,35.8,24.3,32.9,25.1,77.19,82.84,0.38,7.5,6.8,,,,
2021-07-11,35.8,24.0,32.9,25.1,75.48,82.64,0.38,8.9,6.8,,,,
2021-07-12,35.7,24.0,32.9,25.1,74.48,82.48,0.38,10.7,6.8,,,,
2021-07-13,36.1,24.6,32.9,25.1,73.96,82.35,0.38,10.6,6.7,,,,
2021-07-14,36.6,23.7,33.0,25.1,75.82,82.11,1.0,9.0,6.7,,,,
2021-07-15,36.6,24.2,33.0,25.0,76.84,81.76,0.79,7.5,6.5,,,,
2021-07-16,37.4,24.6,33.1,25.0,72.3,81.49,0.38,5.7,6.5,,,,
2021-07-17,33.0,25.3,33.2,25.1,68.9,81.34,0.38,3.9,6.5,,,,
2021-07-18,37.0,24.6,33.2,25.1,76.01,81.5,1.66,3.1,6.4,,,,
2021-07-19,31.8,23.8,33.3,25.1,78.77,81.65,2.76,2.9,6.3,,,,
2021-07-20,31.6,24.3,33.3,25.1,81.96,81.68,4.74,3.8,6.3,,,,
2021-07-21,31.1,24.3,33.3,25.1,81.99,81.61,2.25,4.8,6.2,,,,
2021-07-22,34.4,23.9,33.3,25.0,77.51,81.42,0.38,4.0,6.2,,,,
2021-07-23,33.0,24.9,33.4,25.0,67.21,81.05,0.0,7.1,6.0,,,,
2021-07-24,37.1,24.6,33.4,25.0,67.64,80.87,0.38,9.2,5.9,,,,
2021-07-25,36.3,24.6,33.3,24.9,70.83,80.96,0.38,7.1,5.8,,,,
2021-07-26,33.0,24.7,33.2,24.9,72.26,81.04,1.5,3.7,5.7,,,,
2021-07-27,34.0,25.8,33.3,24.8,67.47,80.91,0.38,2.9,5.6,,,,
2021-07-28,37.5,25.8,33.3,24.9,64.36,80.77,0.38,3.4,5.5,,,,
2021-07-29,37.6,25.0,33.4,24.8,68.69,80.67,0.49,3.9,5.5,,,,
2021-07-30,37.8,25.2,33.5,24.9,73.49,80.56,2.04,4.0,5.4,,,,
2021-07-31,37.0,25.1,33.7,25.0,76.81,80.49,0.79,3.8,5.3,,,,
2021-08-01,37.4,25.6,33.7,25.0,73.45,80.73,0.0,3.9,5.3,,,,
2021-08-02,35.4,25.9,33.6,25.0,62.76,81.03,0.38,5.7,5.3,,,,
2021-08-03,39.2,25.2,33.5,25.0,55.84,81.26,0.38,7.7,5.2,,,,
2021-08-04,37.8,26.2,33.4,25.0,60.72,81.26,0.38,8.3,5.2,,,,
2021-08-05,38.1,26.2,33.4,24.9,65.56,81.24,0.51,5.9,5.1,,,,
2021-08-06,36.0,26.5,33.5,24.9,71.03,81.06,0.38,4.1,4.9,,,,
2021-08-07,38.1,26.4,33.6,25.0,68.23,80.96,0.38,3.0,4.9,,,,
2021-08-08,38.2,26.6,33.7,25.0,75.67,80.98,4.74,2.8,4.9,,,,
2021-08-09,37.3,26.2,33.6,25.0,79.65,81.28,5.62,4.5,4.9,,,,
2021-08-10,34.0,25.0,33.3,25.0,87.38,81.61,9.34,4.7,5.0,,,,
2021-08-11,34.4,25.1,33.2,25.0,85.16,82.06,7.62,4.7,5.1,,,,
2021-08-12,34.3,26.0,33.0,24.9,84.15,82.44,4.01,6.0,5.2,,,,
2021-08-13,34.5,24.6,32.8,24.8,85.7,82.58,8.16,6.1,5.2,,,,
2021-08-14,33.7,24.5,32.8,24.8,90.9,82.25,36.19,3.7,5.3,,,,
2021-08-15,32.8,24.0,32.8,24.7,89.7,81.85,13.11,3.6,5.3,,,,
2021-08-16,29.0,24.9,32.8,24.7,86.82,81.48,4.01,4.3,5.4,,,,
2021-08-17,33.5,24.5,32.9,24.6,83.7,80.8,6.43,4.5,5.4,,,,
2021-08-18,30.0,23.8,33.0,24.6,85.88,79.99,4.91,2.5,5.5,,,,
2021-08-19,29.7,24.0,33.1,24.6,85.68,79.47,1.77,3.8,5.5,,,,
2021-08-20,35.4,24.0,33.1,24.6,83.26,79.12,0.54,5.8,5.5,,,,
2021-08-21,35.6,24.6,33.1,24.5,79.98,78.74,0.97,7.6,5.5,,,,
2021-08-22,35.6,24.9,33.0,24.4,79.82,78.58,1.45,8.6,5.5,,,,
2021-08-23,34.6,25.4,32.9,24.4,80.44,78.69,1.55,8.3,5.5,,,,
2021-08-24,34.8,24.5,32.8,24.3,81.89,79.01,1.45,7.0,5.5,,,,
2021-08-25,31.0,24.4,32.6,24.2,80.19,79.29,0.79,4.3,5.4,,,,
2021-08-26,35.7,24.5,32.6,24.2,78.08,79.46,2.41,3.9,5.3,,,,
2021-08-27,29.9,24.0,32.6,24.2,84.6,79.41,4.01,1.9,5.4,,,,
2021-08-28,35.3,23.0,32.6,24.2,78.63,79.1,0.38,3.8,5.4,,,,
2021-08-29,35.2,23.4,32.5,24.1,75.4,78.73,0.46,3.4,5.5,,,,
2021-08-30,35.6,24.1,32.5,24.1,74.99,78.29,0.79,4.1,5.7,,,,
2021-08-31,36.0,24.1,32.4,24.0,76.94,77.84,1.45,3.2,5.8,,,,
2021-09-01,35.9,24.7,32.4,24.0,77.48,77.7,0.38,2.2,5.8,,,,
2021-09-02,31.9,24.2,32.3,23.9,73.15,77.74,0.58,2.8,5.8,,,,
2021-09-03,36.6,24.8,32.3,23.8,73.72,77.66,0.38,3.6,5.8,,,,
2021-09-04,37.0,24.8,32.2,23.8,73.66,77.33,0.97,5.0,5.9,,,,
2021-09-05,37.0,24.7,32.1,23.7,69.97,77.05,0.52,3.0,5.9,,,,
2021-09-06,33.9,24.8,32.1,23.6,67.85,76.75,0.38,4.0,5.9,,,,
2021-09-07,37.2,24.9,32.0,23.5,67.31,76.49,0.38,11.1,6.0,,,,
2021-09-08,35.4,23.7,31.9,23.5,65.62,76.13,0.38,5.7,6.2,,,,
2021-09-09,37.0,23.8,31.8,23.3,65.87,76.04,0.46,2.4,6.2,,,,
2021-09-10,38.3,24.8,31.7,23.2,63.08,75.55,0.38,3.9,6.3,,,,
2021-09-11,38.2,25.6,31.5,23.0,62.87,75.02,0.38,4.7,6.4,,,,
2021-09-12,38.0,25.5,31.3,22.9,57.2,74.37,0.38,8.0,6.6,,,,
2021-09-13,37.5,24.9,31.1,22.6,53.89,73.64,0.38,8.9,6.8,,,,
2021-09-14,37.3,26.2,31.0,22.5,59.72,73.01,0.81,7.3,6.9,,,,
2021-09-15,36.4,24.5,31.0,22.3,70.87,73.0,1.97,2.5,6.9,,,,
2021-09-16,33.6,23.6,31.0,22.2,80.8,72.85,16.06,3.5,6.9,,,,
2021-09-17,34.0,23.2,30.9,22.2,79.9,72.6,4.59,2.5,6.9,,,,
2021-09-18,31.3,24.4,30.8,22.1,79.76,72.72,2.58,4.2,6.9,,,,
2021-09-19,32.1,24.3,30.6,22.0,73.43,72.5,5.82,7.5,7.0,,,,
2021-09-20,35.3,23.4,30.4,21.8,80.66,71.85,0.38,2.8,7.2,,,,
2021-09-21,32.2,23.6,30.2,21.6,70.99,71.39,0.76,2.4,7.4,,,,
2021-09-22,36.0,23.4,30.0,21.5,74.09,71.12,2.41,2.9,7.5,,,,
2021-09-23,35.3,23.9,30.0,21.3,76.84,70.7,2.17,3.2,7.5,,,,
2021-09-24,35.2,23.3,29.9,21.2,72.83,70.35,0.38,5.1,7.4,,,,
2021-09-25,34.9,23.7,29.8,21.2,68.47,70.25,0.38,4.4,7.3,,,,
2021-09-26,32.9,24.4,29.8,21.2,65.9,70.07,0.52,3.2,7.2,,,,
2021-09-27,33.5,24.6,29.7,21.1,66.22,69.9,0.38,1.9,7.2,,,,
2021-09-28,36.1,25.0,29.5,21.0,63.09,69.94,0.38,4.0,7.3,,,,
2021-09-29,34.2,24.7,29.5,20.8,63.63,69.86,7.37,4.9,7.3,,,,
2021-09-30,36.4,23.2,29.5,20.7,71.58,69.59,1.36,3.8,7.3,,,,
2021-10-01,34.6,23.5,29.5,20.6,68.97,69.44,0.4,2.9,7.3,,,,
2021-10-02,32.7,23.9,29.3,20.3,70.44,69.14,1.4,5.7,7.4,,,,
2021-10-03,35.2,23.5,28.9,20.1,66.45,68.6,0.38,7.9,7.6,,,,
2021-10-04,35.1,24.0,28.5,19.8,65.95,68.28,0.88,5.4,7.7,,,,
2021-10-05,33.4,23.7,27.9,19.4,57.17,68.23,0.0,2.5,7.8,,,,
2021-10-06,32.6,23.7,27.5,19.1,53.47,68.03,0.38,8.6,7.9,,,,
2021-10-07,35.6,20.9,27.2,18.8,56.73,67.79,0.38,15.2,7.9,,,,
2021-10-08,27.6,19.9,27.3,18.7,63.15,67.68,9.03,16.1,7.7,,,,
2021-10-09,26.6,19.8,27.3,18.8,85.94,67.47,41.43,15.2,7.7,,,,
2021-10-10,22.5,17.7,27.4,18.7,88.55,67.22,21.05,16.8,7.7,,,,
2021-10-11,23.2,15.0,27.2,18.7,71.57,67.48,1.0,16.8,7.8,,,,
2021-10-12,22.1,14.9,27.0,18.7,67.36,68.0,0.38,15.8,8.0,,,,
2021-10-13,21.9,15.6,26.8,18.5,65.5,68.15,1.9,18.1,8.1,,,,
2021-10-14,23.5,17.2,26.5,18.4,72.61,68.47,0.38,14.2,8.2,,,,
2021-10-15,21.6,16.9,26.2,18.2,74.65,68.75,1.61,14.2,8.4,,,,
2021-10-16,21.6,15.1,26.1,18.0,72.04,68.56,1.19,14.9,8.4,,,,
2021-10-17,17.5,14.3,26.0,17.7,71.45,68.23,0.38,14.6,8.2,,,,
2021-10-18,21.6,14.9,25.8,17.6,69.62,68.34,0.38,6.2,8.1,,,,
2021-10-19,23.1,15.3,25.6,17.4,75.61,68.47,5.25,5.0,7.9,,,,
2021-10-20,22.1,13.8,25.4,17.1,91.06,68.47,17.77,8.9,7.8,,,,
2021-10-21,16.8,13.4,25.2,16.8,80.07,68.57,1.72,12.2,7.8,,,,
2021-10-22,14.9,12.5,25.0,16.6,67.05,68.71,0.38,11.6,7.7,,,,
2021-10-23,18.5,12.7,24.9,16.5,66.79,68.81,0.38,8.7,7.7,,,,
2021-10-24,20.7,12.7,24.7,16.4,61.85,69.0,0.0,8.8,7.7,,,,
2021-10-25,21.1,10.0,24.5,16.3,69.56,69.34,0.0,7.6,7.6,,,,
2021-10-26,22.5,14.7,24.3,16.2,71.29,69.71,0.38,6.4,7.5,,,,
2021-10-27,27.1,15.6,24.0,16.0,68.63,70.18,0.38,9.8,7.6,,,,
2021-10-28,23.1,16.4,23.7,15.8,66.42,70.21,0.38,8.5,7.5,,,,
2021-10-29,25.4,17.2,23.8,15.6,83.09,69.95,11.84,6.8,7.3,,,,
2021-10-30,20.8,15.0,23.8,15.4,79.08,69.68,15.52,7.3,7.4,,,,
2021-10-31,22.9,16.2,23.7,15.2,89.98,69.19,24.93,5.4,7.5,,,,
2021-11-01,17.6,15.8,23.8,15.0,89.6,68.68,21.77,5.9,7.5,,,,
2021-11-02,17.9,15.9,23.7,14.9,88.45,68.61,11.44,6.4,7.3,,,,
2021-11-03,20.0,16.0,23.7,14.8,89.94,68.87,6.65,4.4,7.2,,,,
2021-11-04,21.8,16.8,23.8,14.9,90.99,69.08,6.88,2.4,7.0,,,,
2021-11-05,24.7,17.2,23.9,14.9,89.54,70.02,5.43,8.7,6.7,,,,
2021-11-06,24.7,19.2,23.9,15.0,91.75,70.63,22.53,5.1,6.8,,,,
2021-11-07,26.5,9.4,23.5,14.9,81.18,71.09,19.67,13.6,7.1,,,,
2021-11-08,21.1,8.7,23.0,14.6,40.11,71.35,0.0,14.5,7.4,,,,
2021-11-09,16.1,10.7,22.4,14.2,42.64,71.69,0.0,9.2,7.6,,,,
2021-11-10,23.0,8.7,21.8,13.9,57.85,71.41,0.0,6.2,7.8,,,,
2021-11-11,23.3,10.7,21.3,13.5,59.12,71.48,0.41,6.6,7.8,,,,
2021-11-12,23.2,10.2,21.0,13.3,64.27,71.8,0.38,7.9,7.6,,,,
2021-11-13,18.6,8.1,20.7,13.1,69.25,72.17,0.0,6.8,7.5,,,,
2021-11-14,20.3,9.3,20.4,12.9,70.9,72.78,3.5,4.4,7.5,,,,
2021-11-15,23.7,12.4,20.1,12.7,83.87,73.02,6.43,2.5,7.6,,,,
2021-11-16,16.5,13.7,19.8,12.5,91.21,72.82,26.68,4.4,7.8,,,,
2021-11-17,15.9,12.4,19.5,12.3,89.68,72.53,13.11,6.6,7.8,,,,
2021-11-18,19.4,9.5,19.3,12.1,77.89,71.83,0.0,3.9,7.8,,,,
2021-11-19,21.2,14.0,19.3,11.9,82.49,70.84,15.52,3.0,7.8,,,,
2021-11-20,18.8,15.2,19.4,11.8,92.6,70.15,24.1,4.4,7.7,,,,
2021-11-21,17.3,11.2,19.4,11.6,89.15,69.75,12.66,11.5,7.6,,,,
2021-11-22,17.0,10.2,19.3,11.4,60.28,69.43,0.38,14.1,7.6,,,,
2021-11-23,13.1,10.2,19.3,11.2,46.34,69.37,0.38,8.7,7.6,,,,
2021-11-24,16.3,7.1,19.1,11.1,57.94,69.09,0.38,4.2,7.6,,,,
2021-11-25,18.9,9.2,18.8,10.9,59.55,68.93,0.0,3.9,7.7,,,,
2021-11-26,19.5,7.1,18.6,10.7,60.7,68.88,0.0,8.3,7.8,,,,
2021-11-27,19.0,7.5,18.3,10.5,64.85,68.76,0.0,9.1,8.0,,,,
2021-11-28,19.4,7.4,17.9,10.2,70.22,68.4,0.0,7.7,8.1,,,,
2021-11-29,20.3,9.0,17.6,9.8,72.41,68.47,0.38,7.9,8.1,,,,
2021-11-30,23.8,8.7,17.3,9.4,50.84,68.48,0.0,13.6,8.1,,,,
2021-12-01,15.8,6.4,17.0,9.2,46.55,68.55,0.0,10.9,8.0,,,,
2021-12-02,20.1,4.2,16.9,9.0,61.01,68.64,0.0,6.4,7.8,,,,
2021-12-03,18.1,6.6,16.9,8.9,60.24,68.62,0.0,6.4,7.6,,,,
2021-12-04,17.9,6.2,16.8,8.8,59.17,68.47,0.0,6.3,7.6,,,,
2021-12-05,18.5,6.8,16.6,8.7,61.61,68.6,0.0,5.2,7.6,,,,
2021-12-06,19.1,6.9,16.5,8.6,62.65,68.58,0.0,6.6,7.7,,,,
2021-12-07,23.2,6.1,16.3,8.5,65.42,68.51,0.0,7.5,7.5,,,,
2021-12-08,21.9,6.9,16.1,8.4,69.38,68.97,0.0,7.6,7.4,,,,
2021-12-09,21.7,9.6,16.0,8.4,70.2,69.22,0.0,6.3,7.4,,,,
2021-12-10,20.0,9.3,16.0,8.3,75.62,68.84,0.38,4.2,7.4,,,,
2021-12-11,21.2,12.4,16.0,8.3,77.81,68.62,0.38,5.5,7.4,,,,
2021-12-12,23.7,10.3,15.9,8.3,69.28,68.44,0.38,13.6,7.7,,,,
2021-12-13,15.2,9.0,15.8,8.2,69.5,68.26,0.38,9.1,7.9,,,,
2021-12-14,17.4,8.0,15.5,8.0,77.77,68.22,0.0,3.7,7.9,,,,
2021-12-15,20.0,11.7,15.2,7.7,82.47,68.41,0.81,3.6,8.0,,,,
2021-12-16,18.0,12.1,14.9,7.4,90.73,68.49,4.43,7.2,8.0,,,,
2021-12-17,21.0,8.6,14.7,7.2,52.74,68.61,0.0,15.1,7.8,,,,
2021-12-18,17.5,6.9,14.6,7.2,48.33,68.76,0.0,12.0,7.7,,,,
2021-12-19,18.8,3.1,14.6,7.2,55.72,68.58,0.0,6.6,7.7,,,,
2021-12-20,19.0,8.2,14.8,7.2,77.2,68.39,2.5,4.4,7.6,,,,
2021-12-21,18.8,9.3,14.8,7.3,75.52,68.55,0.0,5.9,7.3,,,,
2021-12-22,22.1,7.0,14.9,7.2,73.63,68.63,0.0,6.6,7.2,,,,
2021-12-23,22.3,8.8,14.9,7.1,72.45,68.6,0.0,3.9,7.3,,,,
2021-12-24,21.1,8.9,14.6,6.9,81.93,68.96,5.25,5.7,7.3,,,,
2021-12-25,15.4,6.1,14.1,6.8,79.1,69.27,1.9,14.7,7.5,,,,
2021-12-26,11.4,1.1,13.8,6.6,73.2,69.21,3.06,16.1,7.6,,,,
2021-12-27,5.6,1.2,13.4,6.4,69.36,69.27,0.81,12.0,7.8,,,,
2021-12-28,4.6,1.7,13.2,6.3,81.02,69.13,2.11,5.0,7.8,,,,
2021-12-29,10.7,2.4,13.1,6.3,86.08,68.94,0.38,6.8,7.9,,,,
2021-12-30,13.2,4.7,13.1,6.3,74.26,69.02,0.38,8.0,7.8,,,,
2021-12-31,12.6,4.3,13.0,6.3,74.99,69.3,0.38,6.4,7.7,,,,
2022-01-01,13.1,7.7,13.1,6.4,78.95,69.69,0.38,5.7,7.6,,,,
2022-01-02,17.0,7.3,13.1,6.3,76.98,70.35,0.38,5.4,7.6,,,,
2022-01-03,17.5,8.5,13.0,6.2,79.03,70.98,0.41,3.8,7.6,,,,
2022-01-04,20.2,11.3,12.9,6.2,80.17,71.66,2.25,4.4,7.5,,,,
2022-01-05,19.1,10.2,12.8,6.2,85.82,71.99,3.75,6.9,7.6,,,,
2022-01-06,15.5,7.6,12.7,6.2,83.45,71.82,3.38,11.1,7.6,,,,
2022-01-07,11.0,7.0,12.6,6.2,82.57,71.7,2.76,10.2,7.5,,,,
2022-01-08,8.2,7.4,12.6,6.2,90.85,71.61,6.43,7.4,7.4,,,,
2022-01-09,9.1,7.2,12.7,6.2,89.78,71.63,2.04,6.6,7.6,,,,
2022-01-10,9.7,7.6,12.7,6.2,90.01,71.58,2.11,6.0,7.6,,,,
2022-01-11,12.8,5.4,12.7,6.1,69.73,71.79,0.0,10.2,7.6,,,,
2022-01-12,15.2,3.8,12.6,6.0,73.06,71.98,0.38,3.9,7.8,,,,
2022-01-13,12.5,8.6,12.3,5.9,68.09,71.99,0.38,9.8,7.9,,,,
2022-01-14,15.8,7.9,12.1,5.7,74.29,71.57,2.04,3.9,7.8,,,,
2022-01-15,10.8,10.0,11.9,5.6,91.7,71.71,7.12,5.5,7.7,,,,
2022-01-16,9.9,8.4,11.8,5.6,91.73,71.94,30.55,8.5,7.7,,,,
2022-01-17,10.3,8.3,11.8,5.6,87.32,72.17,3.27,8.1,7.6,,,,
2022-01-18,16.6,8.1,12.0,5.7,78.31,72.71,0.38,7.3,7.3,,,,
2022-01-19,17.2,4.3,12.1,5.8,80.54,73.49,0.0,4.7,7.4,,,,
2022-01-20,17.3,5.9,12.1,5.9,85.9,74.09,2.58,4.8,7.6,,,,
2022-01-21,13.9,9.4,12.1,5.9,86.99,74.16,9.03,3.7,7.8,,,,
2022-01-22,14.0,11.1,12.0,5.9,92.94,74.06,29.53,3.7,8.1,,,,
2022-01-23,13.2,8.0,11.7,5.8,90.92,73.85,6.65,10.0,8.2,,,,
2022-01-24,11.7,6.4,11.6,5.7,83.77,73.77,2.5,11.3,8.2,,,,
2022-01-25,10.2,6.5,11.6,5.8,83.38,73.56,3.38,7.4,8.1,,,,
2022-01-26,12.8,6.5,11.9,5.8,89.46,73.93,7.89,5.5,7.8,,,,
2022-01-27,11.1,6.8,12.1,5.9,89.87,74.14,3.87,10.5,7.8,,,,
2022-01-28,8.3,4.7,12.4,6.0,85.8,74.15,2.86,11.5,7.9,,,,
2022-01-29,6.7,3.2,12.4,6.1,81.44,74.24,3.87,11.4,7.9,,,,
2022-01-30,10.1,3.2,12.3,6.2,69.14,74.32,5.82,10.8,8.0,,,,
2022-01-31,9.4,3.4,12.1,6.2,80.82,74.32,5.25,9.8,8.0,,,,
2022-02-01,7.5,3.6,11.9,6.2,83.35,74.52,1.9,9.8,8.0,,,,
2022-02-02,7.5,4.1,11.8,6.3,80.21,75.05,2.25,11.0,7.8,,,,
2022-02-03,11.4,4.1,12.0,6.3,72.61,75.48,0.38,9.6,7.7,,,,
2022-02-04,12.1,2.9,12.3,6.4,66.36,75.86,0.0,10.1,7.6,,,,
2022-02-05,14.0,1.3,12.5,6.6,69.77,76.09,1.4,8.5,7.7,,,,
2022-02-06,12.5,5.2,12.8,6.7,83.58,76.03,24.1,6.0,7.7,,,,
2022-02-07,11.5,4.9,13.1,6.9,84.64,75.96,3.5,9.9,7.8,,,,
2022-02-08,11.1,3.4,13.3,7.1,76.28,75.78,2.5,12.5,7.8,,,,
2022-02-09,8.0,3.3,13.5,7.1,81.82,75.57,2.5,7.8,8.0,,,,
2022-02-10,8.2,3.5,13.7,7.3,87.32,75.56,7.12,6.2,7.8,,,,
2022-02-11,8.9,6.6,14.0,7.5,91.32,76.43,3.75,7.6,7.6,,,,
2022-02-12,8.5,6.0,14.3,7.6,85.67,77.09,6.43,9.3,7.5,,,,
2022-02-13,8.6,5.3,14.4,7.8,88.05,77.56,8.16,8.9,7.5,,,,
2022-02-14,17.5,2.8,14.4,8.0,77.26,78.16,0.38,6.4,7.4,,,,
2022-02-15,17.4,6.3,14.3,8.0,75.28,78.65,0.76,7.6,7.5,,,,
2022-02-16,12.8,8.6,14.1,7.9,86.37,78.4,11.44,6.7,7.8,,,,
2022-02-17,10.1,6.5,13.9,7.9,91.18,78.0,13.56,10.0,8.0,,,,
2022-02-18,10.0,3.9,13.8,7.8,88.76,77.44,9.99,12.7,8.1,,,,
2022-02-19,4.8,3.2,13.8,7.9,82.41,76.94,17.77,14.0,8.1,,,,
2022-02-20,5.8,2.0,14.1,8.0,85.65,76.82,17.77,13.5,8.0,,,,
2022-02-21,5.9,1.8,14.3,8.1,77.41,77.04,1.72,10.9,7.9,,,,
2022-02-22,5.8,2.1,14.4,8.2,81.75,77.38,5.25,10.7,7.9,,,,
2022-02-23,9.8,0.6,14.5,8.4,70.64,78.13,0.38,11.7,7.9,,,,
2022-02-24,12.1,3.0,14.6,8.5,66.52,78.37,0.38,8.9,8.0,,,,
2022-02-25,11.4,4.8,14.6,8.5,71.3,78.35,0.0,3.4,8.0,,,,
2022-02-26,17.1,5.7,14.8,8.6,71.31,78.28,0.38,3.1,7.8,,,,
2022-02-27,20.4,9.3,15.0,8.7,72.39,78.21,0.38,4.8,7.8,,,,
2022-02-28,21.5,7.5,15.2,8.8,76.96,77.61,0.47,5.9,7.8,,,,
2022-03-01,24.1,11.9,15.4,8.9,82.78,77.79,0.64,7.1,7.6,,,,
2022-03-02,21.4,8.0,15.6,9.0,71.78,77.67,0.38,4.6,7.6,,,,
2022-03-03,25.3,13.0,15.8,9.1,84.32,77.46,3.16,4.1,7.6,,,,
2022-03-04,27.6,15.9,15.9,9.4,86.86,77.48,5.25,5.7,7.6,,,,
2022-03-05,27.1,15.5,16.0,9.7,86.56,77.74,9.34,5.1,7.7,,,,
2022-03-06,20.6,14.4,16.2,9.9,90.78,77.76,7.89,5.3,7.6,,,,
2022-03-07,20.1,10.0,16.3,10.0,71.08,77.92,0.0,8.9,7.7,,,,
2022-03-08,25.6,9.2,16.3,10.2,65.72,78.36,0.0,5.3,7.6,,,,
2022-03-09,25.8,11.8,16.4,10.3,65.24,79.08,0.0,5.1,7.2,,,,
2022-03-10,25.8,12.2,16.6,10.4,69.42,79.73,0.38,3.5,7.1,,,,
2022-03-11,25.0,15.1,16.7,10.6,77.69,80.5,0.38,3.8,7.3,,,,
2022-03-12,24.3,17.2,16.9,10.9,79.21,81.17,1.55,5.8,7.3,,,,
2022-03-13,26.8,18.7,17.2,11.1,85.21,81.7,1.61,6.2,7.3,,,,
2022-03-14,24.4,19.5,17.5,11.2,86.14,81.48,0.85,3.1,7.3,,,,
2022-03-15,31.1,17.5,17.8,11.4,79.67,81.73,0.62,3.0,7.3,,,,
2022-03-16,31.2,18.5,18.2,11.6,88.35,81.81,5.25,7.1,7.2,,,,
2022-03-17,24.7,16.2,18.4,11.8,89.95,81.94,23.3,6.3,7.1,,,,
2022-03-18,28.7,16.2,18.6,11.9,75.47,82.14,0.38,7.5,7.3,,,,
2022-03-19,31.0,16.6,18.6,12.1,79.54,82.52,3.16,5.9,7.5,,,,
2022-03-20,31.1,13.7,18.5,12.1,87.08,82.57,14.02,8.3,7.7,,,,
2022-03-21,25.9,11.1,18.3,12.1,91.47,82.47,21.77,6.5,7.8,,,,
2022-03-22,15.4,9.5,18.3,12.0,87.25,82.16,17.18,13.0,8.0,,,,
2022-03-23,15.4,9.6,18.3,11.9,79.44,81.43,13.11,9.0,8.0,,,,
2022-03-24,14.4,10.4,18.3,11.9,91.63,80.81,16.61,3.7,7.7,,,,
2022-03-25,27.7,10.8,18.6,12.0,91.25,80.44,16.61,5.5,7.5,,,,
2022-03-26,27.4,12.7,18.9,12.2,75.81,80.41,4.91,13.7,7.2,,,,
2022-03-27,19.3,10.7,19.3,12.5,74.79,80.4,0.38,10.8,7.1,,,,
2022-03-28,24.1,9.1,19.6,13.0,69.41,81.0,0.0,6.0,6.9,,,,
2022-03-29,24.2,12.3,19.8,13.3,85.55,81.45,3.87,3.1,6.9,,,,
2022-03-30,19.0,14.6,20.1,13.6,88.65,81.58,5.43,3.5,7.1,,,,
2022-03-31,19.8,14.1,20.4,13.7,86.94,81.67,3.75,10.4,7.3,,,,
2022-04-01,18.5,11.8,20.5,13.9,75.32,81.6,1.5,14.7,7.4,,,,
2022-04-02,21.3,10.4,20.7,14.0,63.69,81.29,0.38,9.0,7.6,,,,
2022-04-03,21.5,7.2,20.9,14.1,59.99,81.52,0.0,8.7,7.5,,,,
2022-04-04,27.1,11.1,21.0,14.3,57.64,81.78,0.0,3.5,7.3,,,,
2022-04-05,27.1,13.6,21.2,14.5,66.38,81.75,0.0,4.1,7.2,,,,
2022-04-06,29.5,14.2,21.5,14.7,67.51,81.93,0.0,4.6,7.1,,,,
2022-04-07,27.2,14.4,21.8,15.0,59.11,82.24,0.0,6.1,6.9,,,,
2022-04-08,31.9,15.1,22.0,15.2,47.29,82.43,0.0,2.3,7.0,,,,
2022-04-09,31.5,14.6,22.1,15.3,63.32,82.47,0.38,4.2,7.2,,,,
2022-04-10,30.9,18.4,22.2,15.3,64.48,82.42,0.38,5.5,7.3,,,,
2022-04-11,31.6,18.1,22.2,15.3,65.97,82.32,0.38,5.7,7.4,,,,
2022-04-12,31.6,19.6,22.2,15.3,78.6,81.91,26.68,8.0,7.3,,,,
2022-04-13,28.2,16.6,22.7,15.3,75.87,81.15,0.38,9.8,7.2,,,,
2022-04-14,24.6,13.9,23.3,15.7,72.69,80.79,2.96,9.0,7.0,,,,
2022-04-15,28.5,12.7,23.7,16.0,86.11,81.08,20.35,12.6,6.9,,,,
2022-04-16,17.0,11.2,24.0,16.4,86.59,81.64,7.89,12.3,6.8,,,,
2022-04-17,14.1,11.8,24.3,16.7,85.59,82.47,5.43,7.8,6.9,,,,
2022-04-18,21.1,12.1,24.3,17.0,81.2,83.32,0.38,6.7,6.8,,,,
2022-04-19,26.2,13.2,24.2,17.1,70.98,83.82,0.38,5.3,6.9,,,,
2022-04-20,26.8,14.2,24.3,17.3,74.64,83.75,0.0,3.0,7.0,,,,
2022-04-21,27.8,12.9,24.6,17.5,77.76,83.51,9.66,5.5,7.0,,,,
2022-04-22,27.5,15.4,24.7,17.6,92.38,83.19,30.55,6.9,7.1,,,,
2022-04-23,26.0,21.1,24.9,17.5,91.76,82.93,5.25,3.4,7.1,,,,
2022-04-24,30.8,20.1,24.9,17.6,90.33,82.83,12.24,7.3,6.9,,,,
2022-04-25,31.6,21.9,24.9,17.6,92.76,82.87,19.01,6.5,6.7,,,,
2022-04-26,31.2,22.2,25.0,17.7,93.61,82.65,9.66,3.3,6.6,,,,
2022-04-27,31.5,23.0,25.2,17.9,91.51,82.58,7.89,3.3,6.4,,,,
2022-04-28,32.7,22.2,25.5,18.1,90.06,82.49,21.05,5.9,6.4,,,,
2022-04-29,32.2,15.5,26.0,18.4,81.26,82.65,3.06,11.1,6.4,,,,
2022-04-30,20.6,14.5,26.4,18.7,83.42,82.71,26.68,10.2,6.5,,,,
2022-05-01,16.3,13.1,26.5,19.0,80.41,83.09,0.38,11.6,6.6,,,,
2022-05-02,23.0,10.2,26.6,19.1,60.94,83.17,0.0,8.9,6.7,,,,
2022-05-03,24.5,12.7,26.7,19.3,59.56,83.22,0.0,6.7,6.7,,,,
2022-05-04,30.2,16.3,26.6,19.3,56.44,83.13,0.0,2.7,6.7,,,,
2022-05-05,31.7,16.7,26.5,19.3,64.05,83.28,0.38,2.7,6.5,,,,
2022-05-06,31.6,19.9,26.5,19.3,76.0,83.48,2.86,3.9,6.3,,,,
2022-05-07,28.8,18.6,26.6,19.4,93.72,83.78,18.39,2.0,6.3,,,,
2022-05-08,25.2,20.2,26.7,19.5,92.99,84.03,7.37,4.0,6.4,,,,
2022-05-09,23.4,20.6,26.8,19.7,92.39,84.12,66.57,3.2,6.5,,,,
2022-05-10,25.4,20.0,27.0,19.9,86.13,83.99,47.44,5.6,6.6,,,,
2022-05-11,25.4,19.1,27.1,20.1,77.62,83.78,6.01,9.6,6.6,,,,
2022-05-12,25.7,19.0,27.2,20.2,89.23,83.59,9.66,7.1,6.6,,,,
2022-05-13,24.5,19.8,27.1,20.2,87.86,83.59,8.16,8.9,6.5,,,,
2022-05-14,23.1,18.3,27.0,20.1,82.08,83.56,7.89,8.8,6.4,,,,
2022-05-15,25.1,15.1,26.9,20.1,84.14,83.4,6.22,12.1,6.3,,,,
2022-05-16,23.1,13.8,26.9,20.1,71.81,83.32,0.38,9.5,6.2,,,,
2022-05-17,24.7,16.2,27.0,20.2,68.12,83.44,0.76,4.0,6.1,,,,
2022-05-18,26.2,17.1,27.2,20.4,72.24,83.21,0.38,4.5,6.0,,,,
2022-05-19,30.3,20.5,27.6,20.5,80.34,83.12,3.27,2.7,6.0,,,,
2022-05-20,25.5,19.2,27.9,20.6,88.44,83.29,2.5,5.3,5.9,,,,
2022-05-21,23.9,18.8,28.2,20.8,81.93,83.21,8.73,6.0,5.8,,,,
2022-05-22,23.8,18.8,28.3,20.9,91.87,82.96,49.08,4.9,5.8,,,,
2022-05-23,20.4,18.9,28.5,21.1,92.78,83.17,50.77,5.7,5.8,,,,
2022-05-24,23.3,19.1,28.6,21.3,93.12,83.51,7.89,4.7,5.7,,,,
2022-05-25,26.2,20.0,28.7,21.5,88.79,83.56,11.44,3.6,5.7,,,,
2022-05-26,27.6,21.6,28.8,21.6,92.73,83.58,14.51,3.7,5.7,,,,
2022-05-27,27.9,20.5,28.9,21.7,89.49,83.66,8.73,5.6,5.6,,,,
2022-05-28,28.6,21.5,29.1,21.8,91.85,83.8,9.34,4.2,5.5,,,,
2022-05-29,32.5,21.7,29.2,21.9,88.12,83.64,9.99,6.2,5.5,,,,
2022-05-30,32.7,22.5,29.2,22.0,92.66,83.53,16.06,2.6,5.6,,,,
2022-05-31,28.3,22.1,29.4,22.1,89.57,83.54,15.0,2.0,5.6,,,,
2022-06-01,33.5,21.5,29.6,22.3,90.05,83.57,7.12,5.4,5.5,,,,
2022-06-02,33.4,24.4,29.7,22.4,88.64,83.29,23.3,7.5,5.6,,,,
2022-06-03,32.8,23.7,29.8,22.5,90.69,83.22,21.77,7.8,5.5,,,,
2022-06-04,31.5,22.7,30.0,22.6,94.13,83.21,58.13,3.8,5.4,,,,
2022-06-05,28.8,22.8,30.0,22.6,95.88,83.31,84.37,2.7,5.3,,,,
2022-06-06,29.9,23.3,30.1,22.7,90.81,83.48,15.0,4.0,5.4,,,,
2022-06-07,29.0,23.8,30.2,22.8,83.69,83.78,1.03,4.4,5.4,,,,
2022-06-08,29.9,22.5,30.2,23.0,80.67,83.97,0.41,3.5,5.4,,,,
2022-06-09,35.0,23.2,30.1,23.0,80.62,84.16,2.11,2.3,5.4,,,,
2022-06-10,35.0,22.1,30.1,23.0,88.96,84.19,15.0,2.1,5.5,,,,
2022-06-11,29.7,21.8,30.0,23.0,91.93,84.18,41.43,3.7,5.7,,,,
2022-06-12,29.2,22.6,29.9,23.0,90.88,84.12,37.44,4.2,5.6,,,,
2022-06-13,29.0,21.6,30.0,23.0,96.09,84.15,25.79,3.1,5.8,,,,
2022-06-14,31.3,22.4,30.1,23.2,79.64,84.38,0.38,2.3,5.9,,,,
2022-06-15,31.1,22.4,30.1,23.3,88.08,84.71,1.66,3.9,5.9,,,,
2022-06-16,31.1,22.0,30.3,23.5,91.7,84.95,19.01,3.0,5.8,,,,
2022-06-17,25.5,22.4,30.5,23.7,93.32,85.23,24.93,6.6,5.9,,,,
2022-06-18,26.8,22.6,30.6,23.9,93.68,85.42,36.19,6.7,5.8,,,,
2022-06-19,29.8,23.1,30.8,24.0,94.65,85.68,38.72,6.3,5.8,,,,
2022-06-20,29.8,23.1,31.0,24.1,97.17,85.91,49.08,3.9,5.8,,,,
2022-06-21,25.4,23.0,31.1,24.2,95.3,85.86,19.67,4.4,5.8,,,,
2022-06-22,32.3,23.0,31.2,24.3,86.52,85.63,3.38,8.3,5.9,,,,
2022-06-23,30.2,23.8,31.3,24.4,83.29,85.48,3.16,8.8,6.0,,,,
2022-06-24,34.7,23.9,31.4,24.5,81.03,85.34,1.07,8.4,6.0,,,,
2022-06-25,34.9,23.4,31.4,24.5,79.69,85.24,1.0,9.3,6.1,,,,
2022-06-26,30.2,24.1,31.5,24.5,82.53,85.34,3.06,10.5,6.2,,,,
2022-06-27,34.0,24.5,31.5,24.5,81.99,85.48,5.82,11.4,6.3,,,,
2022-06-28,33.3,24.8,31.6,24.6,87.07,85.49,17.18,7.3,6.5,,,,
2022-06-29,31.2,23.5,31.8,24.6,92.02,85.32,12.66,2.3,6.7,,,,
2022-06-30,34.5,23.2,31.9,24.7,86.53,85.18,2.25,3.0,6.8,,,,
2022-07-01,36.2,23.6,32.0,24.8,79.69,85.03,0.54,6.2,6.9,,,,
2022-07-02,36.4,24.6,32.1,24.9,82.13,84.8,25.79,13.7,7.0,,,,
2022-07-03,31.1,24.5,32.2,25.0,88.57,84.52,93.39,11.5,7.0,,,,
2022-07-04,29.6,24.6,32.2,25.1,89.1,84.2,18.39,5.8,7.1,,,,
2022-07-05,33.8,25.0,32.3,25.1,89.75,83.9,9.99,6.5,7.2,,,,
2022-07-06,33.3,23.4,32.5,25.2,91.16,83.62,8.73,5.2,7.1,,,,
2022-07-07,33.0,23.6,32.5,25.1,89.49,83.41,6.65,4.9,7.1,,,,
2022-07-08,34.2,23.7,32.7,25.1,88.4,83.2,5.43,4.4,7.0,,,,
2022-07-09,35.2,23.6,32.8,25.1,83.89,83.03,1.4,5.1,6.9,,,,
2022-07-10,35.1,24.9,32.9,25.1,83.56,82.84,3.16,5.0,6.8,,,,
2022-07-11,35.2,24.3,32.9,25.1,83.98,82.64,1.77,6.9,6.8,,,,
2022-07-12,31.4,24.3,32.9,25.1,79.96,82.48,1.14,7.2,6.8,,,,
2022-07-13,36.4,24.6,32.9,25.1,80.19,82.35,0.38,6.4,6.7,,,,
2022-07-14,36.4,24.3,33.0,25.1,79.27,82.11,0.4,5.2,6.7,,,,
2022-07-15,36.5,24.4,33.0,25.0,77.82,81.76,0.69,6.7,6.5,,,,
2022-07-16,36.4,25.9,33.1,25.0,79.5,81.49,1.4,9.5,6.5,,,,
2022-07-17,34.6,26.2,33.2,25.1,84.76,81.34,15.52,7.2,6.5,,,,
2022-07-18,33.3,25.0,33.2,25.1,91.54,81.5,15.52,4.6,6.4,,,,
2022-07-19,30.3,24.4,33.3,25.1,87.57,81.65,5.43,4.8,6.3,,,,
2022-07-20,30.8,24.6,33.3,25.1,84.74,81.68,9.34,6.2,6.3,,,,
2022-07-21,34.9,24.1,33.3,25.1,83.05,81.61,1.66,5.7,6.2,,,,
2022-07-22,36.3,23.9,33.3,25.0,80.68,81.42,0.38,5.7,6.2,,,,
2022-07-23,37.6,23.8,33.4,25.0,79.28,81.05,0.38,6.4,6.0,,,,
2022-07-24,37.7,24.0,33.4,25.0,79.33,80.87,0.38,5.8,5.9,,,,
2022-07-25,38.4,25.6,33.3,24.9,77.3,80.96,0.0,6.1,5.8,,,,
2022-07-26,39.0,24.6,33.2,24.9,75.04,81.04,0.0,6.9,5.7,,,,
2022-07-27,39.0,24.4,33.3,24.8,73.11,80.91,0.0,6.4,5.6,,,,
2022-07-28,38.2,24.4,33.3,24.9,71.66,80.77,0.0,5.1,5.5,,,,
2022-07-29,38.0,24.6,33.4,24.8,72.42,80.67,0.38,4.1,5.5,,,,
2022-07-30,35.3,23.7,33.5,24.9,70.16,80.56,0.0,2.9,5.4,,,,
2022-07-31,36.2,24.7,33.7,25.0,71.1,80.47,0.38,1.8,5.3,,,,
2022-08-01,37.0,24.7,33.7,25.0,73.51,80.71,0.38,2.6,5.3,,,,
2022-08-02,38.2,25.8,33.6,25.0,69.3,81.02,0.38,3.3,5.3,,,,
2022-08-03,38.3,25.9,33.5,25.0,68.73,81.25,1.11,2.7,5.2,,,,
2022-08-04,32.8,25.4,33.4,25.0,77.45,81.28,10.34,3.3,5.2,,,,
2022-08-05,37.5,24.3,33.4,24.9,89.65,81.28,15.0,4.4,5.1,,,,
2022-08-06,34.6,23.5,33.5,24.9,82.21,81.09,0.58,5.5,4.9,,,,
2022-08-07,36.0,24.5,33.6,25.0,78.11,80.97,0.74,3.4,4.9,,,,
2022-08-08,35.9,24.0,33.7,25.0,77.29,80.99,0.38,4.0,4.9,,,,
2022-08-09,36.3,24.1,33.6,25.0,76.73,81.27,0.49,2.8,4.9,,,,
2022-08-10,36.0,23.8,33.3,25.0,75.26,81.6,0.38,6.3,5.0,,,,
2022-08-11,33.9,24.3,33.2,25.0,79.66,82.06,2.04,6.2,5.1,,,,
2022-08-12,31.0,23.9,33.0,24.9,79.19,82.44,0.94,4.9,5.2,,,,
2022-08-13,34.9,24.1,32.8,24.8,79.54,82.58,1.84,6.4,5.2,,,,
2022-08-14,35.2,24.3,32.8,24.8,78.5,82.25,0.81,6.4,5.3,,,,
2022-08-15,37.4,24.4,32.8,24.7,77.49,81.85,1.0,5.1,5.3,,,,
2022-08-16,37.7,24.6,32.8,24.7,78.0,81.48,1.19,4.4,5.4,,,,
2022-08-17,33.7,25.5,32.9,24.6,74.74,80.8,0.88,3.2,5.4,,,,
2022-08-18,36.7,25.4,33.0,24.6,71.38,79.99,0.62,4.5,5.5,,,,
2022-08-19,37.3,25.9,33.1,24.6,69.19,79.47,0.38,4.0,5.5,,,,
2022-08-20,36.9,25.7,33.1,24.6,69.77,79.12,0.52,7.3,5.5,,,,
2022-08-21,37.4,25.2,33.1,24.5,70.9,78.74,1.77,9.0,5.5,,,,
2022-08-22,34.4,25.1,33.0,24.4,73.46,78.58,0.69,8.0,5.5,,,,
2022-08-23,38.0,25.2,32.9,24.4,70.16,78.69,0.38,3.7,5.5,,,,
2022-08-24,39.0,26.6,32.8,24.3,64.48,79.01,0.47,5.4,5.5,,,,
2022-08-25,39.1,26.8,32.6,24.2,62.58,79.29,0.38,12.6,5.4,,,,
2022-08-26,37.5,24.1,32.6,24.2,68.62,79.46,0.9,7.9,5.3,,,,
2022-08-27,34.9,24.9,32.6,24.2,70.69,79.41,0.38,6.7,5.4,,,,
2022-08-28,37.9,24.9,32.6,24.2,67.85,79.1,0.38,7.5,5.4,,,,
2022-08-29,37.9,25.2,32.5,24.1,63.47,78.73,0.38,7.1,5.5,,,,
2022-08-30,38.0,25.8,32.5,24.1,67.9,78.29,0.79,3.6,5.7,,,,
2022-08-31,37.2,25.1,32.4,24.0,61.75,77.84,0.38,8.9,5.8,,,,
2022-09-01,31.5,23.8,32.4,24.0,57.68,77.7,0.38,9.7,5.8,,,,
2022-09-02,31.6,21.9,32.3,23.9,53.81,77.74,0.0,10.0,5.8,,,,
2022-09-03,32.7,21.5,32.3,23.8,47.97,77.66,0.0,9.8,5.8,,,,
2022-09-04,32.6,22.9,32.2,23.8,44.21,77.33,0.0,9.9,5.9,,,,
2022-09-05,33.2,20.6,32.1,23.7,45.43,77.05,0.0,7.6,5.9,,,,
2022-09-06,34.6,23.0,32.1,23.6,40.81,76.75,0.0,8.6,5.9,,,,
2022-09-07,35.0,23.8,32.0,23.5,39.98,76.49,1.66,4.7,6.0,,,,
2022-09-08,38.1,24.3,31.9,23.5,63.57,76.13,3.06,3.0,6.2,,,,
2022-09-09,36.4,24.1,31.8,23.3,69.36,76.04,1.72,3.0,6.2,,,,
2022-09-10,33.8,23.6,31.7,23.2,56.05,75.55,1.03,4.0,6.3,,,,
2022-09-11,37.1,24.6,31.5,23.0,59.99,75.02,0.38,3.2,6.4,,,,
2022-09-12,33.2,23.4,31.3,22.9,58.07,74.37,0.56,3.6,6.6,,,,
2022-09-13,32.0,23.3,31.1,22.6,64.66,73.64,0.94,5.2,6.8,,,,
2022-09-14,36.4,22.3,31.0,22.5,53.57,73.01,0.0,7.1,6.9,,,,
2022-09-15,36.5,22.6,31.0,22.3,49.25,73.0,0.0,6.5,6.9,,,,
2022-09-16,36.2,23.0,31.0,22.2,53.44,72.85,0.38,4.1,6.9,,,,
2022-09-17,37.5,25.3,30.9,22.2,60.15,72.6,0.38,3.2,6.9,,,,
2022-09-18,38.5,25.4,30.8,22.1,56.8,72.72,0.38,2.1,6.9,,,,
2022-09-19,38.8,26.0,30.6,22.0,49.86,72.5,0.0,7.3,7.0,,,,
2022-09-20,37.3,26.5,30.4,21.8,44.89,71.85,0.0,10.9,7.2,,,,
2022-09-21,37.2,23.2,30.2,21.6,43.98,71.39,0.0,10.0,7.4,,,,
2022-09-22,35.6,23.0,30.0,21.5,45.22,71.12,0.0,7.0,7.5,,,,
2022-09-23,35.7,23.5,30.0,21.3,46.76,70.7,0.0,11.6,7.5,,,,
2022-09-24,33.8,21.9,29.9,21.2,48.76,70.35,0.0,10.6,7.4,,,,
2022-09-25,35.1,22.2,29.8,21.2,46.91,70.25,0.0,8.7,7.3,,,,
2022-09-26,36.2,21.7,29.8,21.2,47.46,70.07,0.0,8.5,7.2,,,,
2022-09-27,36.7,23.3,29.7,21.1,47.32,69.9,0.0,9.9,7.2,,,,
2022-09-28,33.5,24.4,29.5,21.0,45.97,69.94,0.0,11.4,7.3,,,,
2022-09-29,36.0,24.4,29.5,20.8,48.41,69.86,0.38,7.7,7.3,,,,
2022-09-30,35.0,25.1,29.5,20.7,63.61,69.59,2.04,4.7,7.3,,,,
2022-10-01,35.1,23.4,29.5,20.6,74.29,69.44,1.03,6.8,7.3,,,,
2022-10-02,34.4,23.9,29.3,20.3,73.22,69.14,1.07,6.8,7.4,,,,
2022-10-03,33.0,24.5,28.9,20.1,65.75,68.6,0.38,5.2,7.6,,,,
2022-10-04,37.9,24.5,28.5,19.8,55.63,68.28,0.38,1.8,7.7,,,,
2022-10-05,38.2,22.4,27.9,19.4,52.04,68.23,0.64,9.3,7.8,,,,
2022-10-06,33.6,19.8,27.5,19.1,57.51,68.03,0.38,9.9,7.9,,,,
2022-10-07,23.9,15.6,27.2,18.8,59.33,67.79,0.38,13.1,7.9,,,,
2022-10-08,25.6,16.1,27.3,18.7,56.26,67.68,0.38,8.0,7.7,,,,
2022-10-09,25.8,16.7,27.3,18.8,61.73,67.47,0.38,14.4,7.7,,,,
2022-10-10,22.7,14.9,27.4,18.7,27.25,67.22,0.0,14.4,7.7,,,,
2022-10-11,23.7,15.3,27.2,18.7,31.79,67.48,0.0,10.8,7.8,,,,
2022-10-12,25.9,14.2,27.0,18.7,31.99,68.0,0.0,10.3,8.0,,,,
2022-10-13,26.9,13.5,26.8,18.5,32.96,68.15,0.0,9.9,8.1,,,,
2022-10-14,27.5,14.1,26.5,18.4,37.67,68.47,0.0,10.7,8.2,,,,
2022-10-15,30.5,13.7,26.2,18.2,38.56,68.75,0.0,10.4,8.4,,,,
2022-10-16,31.3,13.7,26.1,18.0,41.34,68.56,0.0,12.0,8.4,,,,
2022-10-17,27.9,18.4,26.0,17.7,38.21,68.23,0.0,16.5,8.2,,,,
2022-10-18,29.2,17.5,25.8,17.6,34.33,68.34,0.0,17.4,8.1,,,,
2022-10-19,25.9,15.1,25.6,17.4,26.53,68.47,0.38,12.0,7.9,,,,
2022-10-20,28.7,17.6,25.4,17.1,30.59,68.45,0.38,5.6,7.8,,,,
2022-10-21,34.0,20.3,25.2,16.8,41.76,68.54,0.0,6.0,7.8,,,,
2022-10-22,31.3,19.4,25.0,16.6,47.3,68.68,0.0,9.5,7.7,,,,
2022-10-23,34.7,20.6,24.9,16.5,34.95,68.79,0.0,10.7,7.7,,,,
2022-10-24,29.5,18.4,24.7,16.4,36.74,68.97,0.0,10.4,7.7,,,,
2022-10-25,32.8,17.5,24.5,16.3,41.44,69.34,0.0,6.8,7.6,,,,
2022-10-26,32.0,20.0,24.3,16.2,57.91,69.71,0.38,3.5,7.5,,,,
2022-10-27,31.7,17.9,24.0,16.0,58.35,70.18,0.0,10.4,7.6,,,,
2022-10-28,24.7,16.4,23.7,15.8,57.98,70.21,0.38,12.6,7.5,,,,
2022-10-29,25.5,18.0,23.8,15.6,61.44,69.95,0.38,11.9,7.3,,,,
2022-10-30,22.4,17.4,23.8,15.4,65.75,69.68,0.38,13.0,7.4,,,,
2022-10-31,25.1,15.4,23.7,15.2,49.08,69.19,0.0,13.7,7.5,,,,
2022-11-01,25.4,14.9,23.8,15.0,48.42,68.68,0.0,13.4,7.5,,,,
2022-11-02,25.9,14.2,23.7,14.9,50.34,68.61,0.0,10.9,7.3,,,,
2022-11-03,28.3,16.7,23.7,14.8,51.51,68.87,0.38,10.8,7.2,,,,
2022-11-04,23.5,18.0,23.8,14.9,50.27,69.08,0.38,13.2,7.0,,,,
2022-11-05,25.3,15.6,23.9,14.9,54.57,70.02,0.0,10.0,6.7,,,,
2022-11-06,23.8,14.0,23.9,15.0,56.97,70.63,0.0,3.2,6.8,,,,
2022-11-07,29.1,16.0,23.5,14.9,59.43,71.09,0.0,3.6,7.1,,,,
2022-11-08,30.0,15.1,23.0,14.6,61.32,71.35,0.0,3.9,7.4,,,,
2022-11-09,30.2,18.2,22.4,14.2,62.42,71.69,0.38,2.1,7.6,,,,
2022-11-10,28.2,20.4,21.8,13.9,64.16,71.41,0.38,3.9,7.8,,,,
2022-11-11,28.9,19.8,21.3,13.5,67.56,71.48,0.71,7.1,7.8,,,,
2022-11-12,31.8,19.8,21.0,13.3,67.24,71.8,0.38,4.0,7.6,,,,
2022-11-13,31.8,18.1,20.7,13.1,58.93,72.17,0.38,10.0,7.5,,,,
2022-11-14,27.2,15.7,20.4,12.9,59.38,72.78,6.01,10.7,7.5,,,,
2022-11-15,18.3,13.5,20.1,12.7,83.91,73.02,7.12,6.6,7.6,,,,
2022-11-16,18.3,14.8,19.8,12.5,89.33,72.82,11.06,5.4,7.8,,,,
2022-11-17,16.9,15.6,19.5,12.3,92.0,72.53,14.51,5.5,7.8,,,,
2022-11-18,18.1,15.1,19.3,12.1,88.3,71.83,5.25,4.7,7.8,,,,
2022-11-19,17.4,15.8,19.3,11.9,83.77,70.84,5.07,9.6,7.8,,,,
2022-11-20,19.1,15.3,19.4,11.8,82.6,70.15,0.69,4.2,7.7,,,,
2022-11-21,26.6,15.8,19.4,11.6,82.36,69.75,0.52,3.7,7.6,,,,
2022-11-22,26.9,16.6,19.3,11.4,88.45,69.43,4.01,8.2,7.6,,,,
2022-11-23,22.9,15.8,19.3,11.2,81.03,69.37,3.5,9.8,7.6,,,,
2022-11-24,21.0,15.3,19.1,11.1,80.45,69.09,4.28,7.4,7.6,,,,
2022-11-25,21.8,16.5,18.8,10.9,90.31,68.93,15.52,2.7,7.7,,,,
2022-11-26,21.6,17.0,18.6,10.7,87.94,68.88,28.55,3.9,7.8,,,,
2022-11-27,23.9,18.1,18.3,10.5,90.93,68.76,6.88,12.1,8.0,,,,
2022-11-28,26.0,19.9,17.9,10.2,87.63,68.4,12.66,11.6,8.1,,,,
2022-11-29,28.1,10.0,17.6,9.8,87.75,68.47,11.06,12.8,8.1,,,,
2022-11-30,18.1,4.0,17.3,9.4,75.91,68.48,3.62,18.0,8.1,,,,
2022-12-01,8.0,2.3,17.0,9.2,76.41,68.55,1.61,14.7,8.0,,,,
2022-12-02,7.2,2.3,16.9,9.0,73.3,68.64,0.64,9.7,7.8,,,,
2022-12-03,7.5,3.5,16.9,8.9,81.98,68.62,2.5,6.2,7.6,,,,
2022-12-04,8.7,4.7,16.8,8.8,81.06,68.47,1.9,12.4,7.6,,,,
2022-12-05,11.1,6.1,16.6,8.7,69.89,68.6,0.0,12.6,7.6,,,,
2022-12-06,12.1,6.1,16.5,8.6,70.66,68.58,0.38,9.2,7.7,,,,
2022-12-07,13.2,6.9,16.3,8.5,71.82,68.51,0.38,7.7,7.5,,,,
2022-12-08,12.7,8.4,16.1,8.4,75.66,68.97,0.38,7.3,7.4,,,,
2022-12-09,15.2,7.0,16.0,8.4,72.63,69.22,0.0,8.0,7.4,,,,
2022-12-10,19.5,7.5,16.0,8.3,67.58,68.84,0.0,9.6,7.4,,,,
2022-12-11,19.7,6.9,16.0,8.3,64.69,68.62,0.0,12.0,7.4,,,,
2022-12-12,16.4,4.6,15.9,8.3,52.81,68.44,0.0,10.6,7.7,,,,
2022-12-13,13.7,1.7,15.8,8.2,59.49,68.26,0.0,9.5,7.9,,,,
2022-12-14,13.9,4.7,15.5,8.0,50.47,68.22,0.0,10.1,7.9,,,,
2022-12-15,15.8,4.4,15.2,7.7,59.0,68.41,0.0,3.9,8.0,,,,
2022-12-16,19.0,6.2,14.9,7.4,62.64,68.49,0.0,12.9,8.0,,,,
2022-12-17,16.5,4.7,14.7,7.2,42.14,68.61,0.0,18.2,7.8,,,,
2022-12-18,14.2,2.5,14.6,7.2,38.77,68.76,0.0,10.2,7.7,,,,
2022-12-19,13.3,3.1,14.6,7.2,44.95,68.58,0.0,2.7,7.7,,,,
2022-12-20,16.0,6.4,14.8,7.2,50.63,68.39,0.0,3.7,7.6,,,,
2022-12-21,16.4,3.5,14.8,7.3,52.58,68.55,0.0,7.5,7.3,,,,
2022-12-22,19.3,7.7,14.9,7.2,47.23,68.63,0.0,5.7,7.2,,,,
2022-12-23,18.2,7.9,14.9,7.1,53.68,68.6,0.0,6.8,7.3,,,,
2022-12-24,18.4,8.3,14.6,6.9,52.42,68.96,0.0,7.2,7.3,,,,
2022-12-25,20.8,6.6,14.1,6.8,51.57,69.27,0.0,5.1,7.5,,,,
2022-12-26,19.8,9.8,13.8,6.6,53.24,69.21,0.0,8.5,7.6,,,,
2022-12-27,16.4,8.2,13.4,6.4,50.58,69.27,0.38,9.7,7.8,,,,
2022-12-28,11.7,4.4,13.2,6.3,69.38,69.13,6.22,12.9,7.8,,,,
2022-12-29,11.0,4.3,13.1,6.3,70.81,68.94,0.38,10.9,7.9,,,,
2022-12-30,12.8,3.1,13.1,6.3,63.72,69.02,0.0,9.6,7.8,,,,
2022-12-31,12.6,3.7,13.0,6.3,67.66,69.3,0.0,8.9,7.7,,,,
2023-01-01,15.5,4.4,13.1,6.4,67.87,69.69,0.0,8.2,7.7,,,,
2023-01-02,15.7,6.2,13.1,6.3,68.67,70.35,0.38,11.1,7.6,,,,
2023-01-03,14.0,7.0,13.0,6.2,65.18,70.98,0.0,10.8,7.6,,,,
2023-01-04,15.4,3.8,12.9,6.2,64.47,71.66,0.0,5.5,7.5,,,,
2023-01-05,18.0,9.3,12.8,6.2,69.31,71.99,0.0,6.3,7.6,,,,
2023-01-06,18.7,8.2,12.7,6.2,67.43,71.82,0.0,8.9,7.6,,,,
2023-01-07,19.9,7.0,12.6,6.2,57.71,71.7,0.0,4.0,7.5,,,,
2023-01-08,22.8,8.6,12.6,6.2,77.7,71.61,0.69,2.2,7.4,,,,
2023-01-09,21.5,10.9,12.7,6.2,75.43,71.63,0.38,3.6,7.6,,,,
2023-01-10,20.0,8.7,12.7,6.2,64.26,71.58,0.0,9.1,7.6,,,,
2023-01-11,21.8,11.3,12.7,6.1,85.49,71.79,4.14,3.6,7.6,,,,
2023-01-12,16.5,12.2,12.6,6.0,91.44,71.98,9.99,4.4,7.8,,,,
2023-01-13,25.3,13.1,12.3,5.9,81.62,71.99,2.04,7.9,7.9,,,,
2023-01-14,25.0,7.1,12.0,5.7,74.16,71.57,10.34,12.6,7.8,,,,
2023-01-15,17.5,2.4,11.9,5.6,63.95,71.71,1.9,18.1,7.7,,,,
2023-01-16,6.2,2.4,11.8,5.6,54.43,71.94,0.67,13.3,7.7,,,,
2023-01-17,9.4,2.5,11.8,5.6,50.94,72.17,0.0,9.9,7.6,,,,
2023-01-18,13.0,3.5,12.0,5.7,44.65,72.71,0.0,8.1,7.3,,,,
2023-01-19,13.8,3.9,12.1,5.8,54.41,73.49,0.0,5.9,7.4,,,,
2023-01-20,15.6,7.8,12.1,5.9,45.09,74.09,0.0,8.5,7.6,,,,
2023-01-21,15.9,8.0,12.1,5.9,65.46,74.16,0.9,5.1,7.8,,,,
2023-01-22,15.1,8.5,12.0,5.9,83.98,74.06,8.73,8.5,8.1,,,,
2023-01-23,10.3,7.3,11.7,5.8,71.98,73.85,2.76,10.7,8.2,,,,
2023-01-24,10.4,3.4,11.6,5.7,37.26,73.77,0.0,17.4,8.2,,,,
2023-01-25,12.5,-0.8,11.6,5.8,46.93,73.56,0.0,5.4,8.1,,,,
2023-01-26,10.9,3.6,11.9,5.8,63.69,73.93,0.67,5.8,7.8,,,,
2023-01-27,10.6,4.7,12.1,5.9,32.01,74.14,0.38,14.9,7.8,,,,
2023-01-28,14.2,1.5,12.4,6.0,41.35,74.15,0.0,9.9,7.9,,,,
2023-01-29,19.1,1.2,12.4,6.1,42.86,74.24,0.0,6.1,7.9,,,,
2023-01-30,17.3,4.0,12.3,6.2,43.47,74.32,0.0,2.6,8.0,,,,
2023-01-31,19.7,6.7,12.1,6.2,58.01,74.32,0.0,5.6,8.0,,,,
2023-02-01,21.1,4.3,11.9,6.2,82.5,74.52,2.67,3.0,8.0,,,,
2023-02-02,15.6,9.3,11.8,6.3,86.77,75.05,7.89,9.7,7.8,,,,
2023-02-03,11.6,6.3,12.0,6.3,85.39,75.48,3.75,7.8,7.7,,,,
2023-02-04,9.5,6.4,12.3,6.4,89.02,75.86,13.56,8.1,7.6,,,,
2023-02-05,8.5,6.3,12.5,6.6,92.62,76.09,21.05,6.8,7.7,,,,
2023-02-06,9.6,6.9,12.8,6.7,92.59,76.03,16.06,5.0,7.7,,,,
2023-02-07,12.9,7.9,13.1,6.9,87.79,75.96,6.22,8.0,7.8,,,,
2023-02-08,12.4,9.7,13.3,7.1,92.74,75.78,21.77,6.1,7.8,,,,
2023-02-09,12.6,10.3,13.5,7.1,89.53,75.57,18.39,8.1,8.0,,,,
2023-02-10,12.9,9.5,13.7,7.3,91.48,75.56,13.11,7.5,7.8,,,,
2023-02-11,11.6,9.5,14.0,7.5,94.58,76.43,15.0,4.9,7.6,,,,
2023-02-12,23.6,10.0,14.3,7.6,87.52,77.09,15.0,5.3,7.5,,,,
2023-02-13,17.0,7.1,14.4,7.8,72.75,77.56,5.25,16.0,7.5,,,,
2023-02-14,11.4,5.3,14.4,8.0,67.37,78.16,0.38,14.4,7.4,,,,
2023-02-15,14.3,2.8,14.3,8.0,58.16,78.64,0.0,11.0,7.5,,,,
2023-02-16,17.7,5.5,14.1,7.9,65.14,78.39,0.0,5.0,7.8,,,,
2023-02-17,17.9,9.8,13.9,7.9,72.18,77.99,0.0,4.3,8.0,,,,
2023-02-18,20.3,11.7,13.8,7.8,77.45,77.42,0.38,4.2,8.1,,,,
2023-02-19,17.1,11.0,13.8,7.8,56.86,76.93,0.49,12.7,8.1,,,,
2023-02-20,19.1,8.5,14.1,8.0,54.15,76.82,0.0,9.5,8.0,,,,
2023-02-21,22.4,10.6,14.3,8.1,52.24,77.04,0.0,10.0,7.9,,,,
2023-02-22,16.2,11.8,14.4,8.2,61.53,77.38,0.0,8.1,7.9,,,,
2023-02-23,17.8,10.4,14.5,8.4,70.11,78.13,0.38,6.2,7.9,,,,
2023-02-24,16.2,8.1,14.6,8.5,71.55,78.37,0.38,11.3,8.0,,,,
2023-02-25,15.4,5.6,14.6,8.5,57.79,78.35,0.0,12.7,8.0,,,,
2023-02-26,15.8,5.2,14.8,8.6,58.93,78.28,0.0,9.9,7.8,,,,
2023-02-27,18.4,5.4,15.0,8.7,62.7,78.21,0.0,4.4,7.8,,,,
2023-02-28,20.9,10.4,15.2,8.8,66.9,77.62,0.0,3.4,7.7,,,,
2023-03-01,23.6,10.2,15.4,8.9,60.56,77.79,0.0,7.6,7.6,,,,
2023-03-02,23.3,10.3,15.6,9.0,58.12,77.67,0.0,8.4,7.6,,,,
2023-03-03,22.8,9.6,15.8,9.1,92.49,77.46,6.88,6.0,7.6,,,,
2023-03-04,24.5,8.0,15.9,9.4,68.64,77.48,0.0,5.0,7.6,,,,
2023-03-05,22.5,10.6,16.0,9.7,60.17,77.74,0.0,2.7,7.7,,,,
2023-03-06,25.5,13.9,16.2,9.9,80.34,77.76,1.97,4.1,7.6,,,,
2023-03-07,22.2,12.7,16.3,10.0,72.75,77.92,0.0,3.9,7.7,,,,
2023-03-08,22.6,16.4,16.3,10.2,84.5,78.36,0.38,2.6,7.6,,,,
2023-03-09,28.1,11.6,16.4,10.3,70.9,79.08,0.0,4.4,7.2,,,,
2023-03-10,28.4,14.9,16.6,10.4,74.24,79.73,0.62,5.2,7.1,,,,
2023-03-11,26.3,14.6,16.7,10.6,73.58,80.5,1.07,3.9,7.3,,,,
2023-03-12,26.2,13.7,16.9,10.9,44.22,81.17,4.14,13.6,7.3,,,,
2023-03-13,20.2,12.3,17.2,11.1,55.73,81.7,0.0,7.5,7.3,,,,
2023-03-14,23.1,9.7,17.5,11.2,60.95,81.48,0.0,5.8,7.3,,,,
2023-03-15,22.6,10.2,17.8,11.4,81.11,81.73,0.69,2.8,7.3,,,,
2023-03-16,25.1,16.1,18.2,11.6,73.1,81.81,1.26,6.2,7.2,,,,
2023-03-17,24.6,11.4,18.4,11.8,80.42,81.94,4.14,7.8,7.1,,,,
2023-03-18,20.6,10.6,18.6,11.9,77.33,82.14,1.11,9.0,7.3,,,,
2023-03-19,12.1,9.6,18.6,12.1,90.25,82.52,4.91,7.0,7.5,,,,
2023-03-20,22.1,9.4,18.5,12.1,92.03,82.57,5.43,6.1,7.7,,,,
2023-03-21,27.0,10.1,18.3,12.1,82.32,82.47,2.58,10.2,7.8,,,,
2023-03-22,30.1,15.2,18.3,12.0,74.46,82.16,1.5,8.5,8.0,,,,
2023-03-23,28.9,15.5,18.3,11.9,82.37,81.43,24.1,8.9,8.0,,,,
2023-03-24,19.4,11.2,18.3,11.9,82.83,80.81,32.69,13.0,7.7,,,,
2023-03-25,19.2,10.9,18.6,12.0,80.86,80.44,25.79,12.3,7.5,,,,
2023-03-26,16.5,11.1,18.9,12.2,76.57,80.41,2.96,10.9,7.2,,,,
2023-03-27,18.3,10.9,19.3,12.5,77.74,80.4,8.44,9.0,7.1,,,,
2023-03-28,18.1,11.7,19.6,13.0,85.8,81.0,6.22,5.2,6.9,,,,
2023-03-29,15.7,12.1,19.8,13.3,90.08,81.45,7.89,3.7,6.9,,,,
2023-03-30,20.4,12.2,20.1,13.6,80.3,81.58,0.76,5.4,7.1,,,,
2023-03-31,21.0,13.1,20.4,13.7,80.72,81.67,0.38,4.0,7.3,,,,
2023-04-01,22.9,14.9,20.5,13.9,80.66,81.6,1.55,3.8,7.4,,,,
2023-04-02,25.0,17.9,20.7,14.0,90.75,81.29,14.02,9.0,7.6,,,,
2023-04-03,23.7,19.5,20.9,14.1,88.55,81.52,41.43,11.6,7.5,,,,
2023-04-04,22.3,19.7,21.0,14.3,91.56,81.78,52.52,5.3,7.3,,,,
2023-04-05,28.9,14.8,21.2,14.5,78.49,81.75,11.84,11.1,7.2,,,,
2023-04-06,19.7,12.4,21.5,14.7,74.64,81.93,4.28,11.7,7.1,,,,
2023-04-07,21.2,13.3,21.8,15.0,53.96,82.24,0.0,11.2,6.9,,,,
2023-04-08,24.7,15.4,22.0,15.2,60.56,82.43,0.0,8.5,7.0,,,,
2023-04-09,24.6,15.2,22.1,15.3,74.2,82.47,0.38,4.1,7.2,,,,
2023-04-10,22.2,15.9,22.2,15.3,89.31,82.42,3.62,3.0,7.3,,,,
2023-04-11,22.6,16.1,22.2,15.3,94.1,82.32,6.43,3.2,7.4,,,,
2023-04-12,26.2,18.0,22.2,15.3,89.54,81.91,5.25,3.2,7.3,,,,
2023-04-13,26.9,19.9,22.7,15.3,81.0,81.15,2.96,8.0,7.2,,,,
2023-04-14,26.3,21.1,23.3,15.7,87.76,80.79,32.69,5.3,7.0,,,,
2023-04-15,28.8,16.8,23.7,16.0,69.53,81.08,0.38,8.3,6.9,,,,
2023-04-16,32.7,15.0,24.0,16.4,63.41,81.64,0.0,4.2,6.8,,,,
2023-04-17,32.4,17.3,24.3,16.7,79.83,82.47,3.38,9.0,6.9,,,,
2023-04-18,26.9,21.2,24.3,17.0,94.4,83.32,21.77,6.0,6.8,,,,
2023-04-19,27.1,20.2,24.2,17.1,84.47,83.82,19.67,3.6,6.9,,,,
2023-04-20,28.0,19.8,24.3,17.3,76.46,83.75,0.0,4.2,7.0,,,,
2023-04-21,30.6,20.6,24.6,17.5,83.24,83.51,11.84,4.5,7.0,,,,
2023-04-22,28.6,15.3,24.7,17.6,88.4,83.19,36.19,6.6,7.1,,,,
2023-04-23,24.9,14.6,24.9,17.5,86.26,82.93,28.55,9.9,7.1,,,,
2023-04-24,15.8,11.3,24.9,17.6,81.71,82.83,9.03,12.9,6.9,,,,
2023-04-25,22.5,11.8,24.9,17.6,78.39,82.87,3.16,9.0,6.7,,,,
2023-04-26,23.4,13.1,25.0,17.7,59.77,82.65,0.0,5.6,6.6,,,,
2023-04-27,28.1,15.6,25.2,17.9,82.68,82.58,1.45,5.1,6.4,,,,
2023-04-28,21.6,19.3,25.5,18.1,92.51,82.49,21.77,6.8,6.4,,,,
2023-04-29,21.0,13.2,26.0,18.4,70.09,82.65,38.72,12.4,6.4,,,,
2023-04-30,27.6,11.3,26.4,18.7,54.57,82.71,0.0,5.7,6.5,,,,
2023-05-01,29.3,15.5,26.5,19.0,63.29,83.09,0.38,5.3,6.6,,,,
2023-05-02,29.5,16.4,26.6,19.1,81.71,83.17,1.84,10.9,6.7,,,,
2023-05-03,26.5,22.5,26.7,19.3,78.53,83.22,3.06,13.6,6.7,,,,
2023-05-04,29.7,22.6,26.6,19.3,81.69,83.13,4.28,11.0,6.7,,,,
2023-05-05,30.8,21.8,26.5,19.3,84.0,83.28,2.04,7.8,6.5,,,,
2023-05-06,27.4,20.1,26.5,19.3,84.91,83.48,24.1,7.4,6.3,,,,
2023-05-07,28.7,16.9,26.6,19.4,80.8,83.78,10.34,14.2,6.3,,,,
2023-05-08,22.5,16.9,26.7,19.5,80.28,84.03,4.28,11.7,6.4,,,,
2023-05-09,22.8,18.0,26.8,19.7,89.25,84.12,1.23,5.0,6.5,,,,
2023-05-10,21.9,18.6,27.0,19.9,92.84,83.99,15.52,5.5,6.6,,,,
2023-05-11,18.7,17.2,27.1,20.1,85.03,83.78,19.01,10.4,6.6,,,,
2023-05-12,24.6,17.1,27.2,20.2,74.69,83.59,0.0,6.7,6.6,,,,
2023-05-13,25.2,18.6,27.1,20.2,79.48,83.59,0.38,3.2,6.5,,,,
2023-05-14,25.2,18.5,27.0,20.1,85.76,83.56,0.0,2.2,6.4,,,,
2023-05-15,31.8,18.3,26.9,20.1,73.66,83.4,0.0,3.2,6.3,,,,
2023-05-16,31.8,20.7,26.9,20.1,85.47,83.32,5.07,8.9,6.2,,,,
2023-05-17,30.2,22.8,27.0,20.2,82.53,83.44,8.73,5.9,6.1,,,,
2023-05-18,30.5,21.8,27.2,20.4,64.61,83.21,6.88,6.6,6.0,,,,
2023-05-19,34.6,20.6,27.6,20.5,80.29,83.12,1.36,5.0,6.0,,,,
2023-05-20,30.8,22.2,27.9,20.6,87.3,83.29,14.51,3.7,5.9,,,,
2023-05-21,34.4,23.0,28.2,20.8,82.38,83.21,8.44,5.8,5.8,,,,
2023-05-22,33.8,17.0,28.3,20.9,78.83,82.96,23.3,11.1,5.8,,,,
2023-05-23,21.0,17.9,28.5,21.1,81.01,83.17,2.11,8.0,5.8,,,,
2023-05-24,26.6,18.0,28.6,21.3,83.18,83.51,0.79,3.7,5.7,,,,
2023-05-25,28.3,18.6,28.7,21.5,85.66,83.56,9.66,4.6,5.7,,,,
2023-05-26,32.4,20.8,28.8,21.6,80.12,83.58,3.5,6.8,5.7,,,,
2023-05-27,30.3,23.4,28.9,21.7,78.31,83.66,2.33,8.6,5.6,,,,
2023-05-28,34.2,23.1,29.1,21.8,71.98,83.8,1.11,6.4,5.5,,,,
2023-05-29,36.1,24.9,29.2,21.9,72.7,83.64,0.52,4.4,5.5,,,,
2023-05-30,38.4,24.2,29.2,22.0,66.52,83.53,0.0,3.5,5.6,,,,
2023-05-31,38.2,24.8,29.4,22.1,72.25,83.54,0.0,7.2,5.6,,,,
2023-06-01,31.9,25.7,29.6,22.3,77.2,83.57,6.01,4.6,5.5,,,,
2023-06-02,35.7,24.3,29.7,22.4,76.6,83.29,7.62,4.8,5.6,,,,
2023-06-03,36.3,24.5,29.8,22.5,74.38,83.22,1.97,4.6,5.5,,,,
2023-06-04,36.3,24.5,30.0,22.6,75.76,83.21,4.74,4.5,5.4,,,,
2023-06-05,34.7,23.8,30.0,22.6,82.89,83.31,13.56,3.5,5.3,,,,
2023-06-06,28.9,23.4,30.1,22.7,82.71,83.48,2.41,7.0,5.4,,,,
2023-06-07,33.1,24.8,30.2,22.8,83.71,83.78,10.69,4.2,5.4,,,,
2023-06-08,30.1,24.8,30.2,23.0,88.03,83.97,12.66,3.1,5.4,,,,
2023-06-09,33.8,23.6,30.1,23.0,87.57,84.16,6.43,4.8,5.4,,,,
2023-06-10,34.7,24.4,30.1,23.0,65.68,84.19,0.0,3.9,5.5,,,,
2023-06-11,36.5,25.1,30.0,23.0,66.19,84.18,0.0,2.2,5.7,,,,
2023-06-12,36.6,25.3,29.9,23.0,71.15,84.12,0.0,2.3,5.6,,,,
2023-06-13,35.1,23.1,30.0,23.0,84.71,84.15,9.34,6.9,5.8,,,,
2023-06-14,28.9,20.9,30.1,23.2,73.3,84.38,0.38,7.3,5.9,,,,
2023-06-15,29.3,21.4,30.1,23.3,72.52,84.71,0.0,6.0,5.9,,,,
2023-06-16,29.7,23.1,30.3,23.5,84.27,84.95,4.14,5.0,5.8,,,,
2023-06-17,28.9,24.5,30.5,23.7,85.46,85.23,8.16,8.9,5.9,,,,
2023-06-18,29.6,24.6,30.6,23.9,84.06,85.42,16.06,7.8,5.8,,,,
2023-06-19,29.7,24.1,30.8,24.0,86.59,85.68,11.06,6.6,5.8,,,,
2023-06-20,29.0,24.0,31.0,24.1,87.84,85.91,12.24,4.9,5.8,,,,
2023-06-21,32.6,24.1,31.1,24.2,88.7,85.86,16.61,3.6,5.8,,,,
2023-06-22,32.1,24.0,31.2,24.3,95.23,85.63,49.08,3.9,5.9,,,,
2023-06-23,27.5,22.9,31.3,24.4,90.11,85.48,8.73,2.8,6.0,,,,
2023-06-24,27.7,22.9,31.4,24.5,91.71,85.34,54.32,3.9,6.0,,,,
2023-06-25,24.0,22.9,31.4,24.5,93.5,85.24,68.86,2.7,6.1,,,,
2023-06-26,29.6,22.9,31.5,24.5,89.71,85.34,8.73,3.0,6.2,,,,
2023-06-27,29.6,23.4,31.5,24.5,79.55,85.48,2.76,5.1,6.3,,,,
2023-06-28,34.3,25.0,31.6,24.6,74.38,85.49,1.07,8.9,6.5,,,,
2023-06-29,34.3,24.2,31.8,24.6,75.07,85.32,0.88,8.8,6.7,,,,
2023-06-30,34.0,24.8,31.9,24.7,77.22,85.18,1.03,7.8,6.8,,,,
2023-07-01,35.5,25.6,32.0,24.8,75.81,85.03,2.67,7.1,6.9,,,,
2023-07-02,36.1,25.4,32.1,24.9,75.75,84.8,1.45,7.9,7.0,,,,
2023-07-03,36.0,25.2,32.2,25.0,77.0,84.52,3.5,9.4,7.0,,,,
2023-07-04,34.9,26.2,32.2,25.1,82.09,84.2,4.59,8.7,7.1,,,,
2023-07-05,34.6,26.9,32.3,25.1,76.19,83.9,1.72,8.8,7.2,,,,
2023-07-06,31.2,28.3,32.5,25.2,69.68,83.62,1.77,13.2,7.1,,,,
2023-07-07,34.8,26.1,32.5,25.1,73.97,83.41,2.25,12.3,7.1,,,,
2023-07-08,34.1,25.7,32.7,25.1,78.05,83.2,2.33,8.5,7.0,,,,
2023-07-09,36.5,24.6,32.8,25.1,73.11,83.03,1.72,9.2,6.9,,,,
2023-07-10,36.4,24.3,32.9,25.1,68.85,82.84,0.58,9.8,6.8,,,,
2023-07-11,36.5,25.4,32.9,25.1,67.82,82.64,0.52,11.0,6.8,,,,
2023-07-12,36.4,25.1,32.9,25.1,66.29,82.48,0.81,10.4,6.8,,,,
2023-07-13,36.3,25.3,32.9,25.1,69.71,82.35,0.6,8.2,6.7,,,,
2023-07-14,36.3,26.1,33.0,25.1,70.33,82.11,0.38,5.1,6.7,,,,
2023-07-15,36.7,26.3,33.0,25.0,70.75,81.76,0.47,5.7,6.5,,,,
2023-07-16,33.6,24.4,33.1,25.0,52.26,81.49,0.0,10.7,6.5,,,,
2023-07-17,37.5,25.5,33.2,25.1,68.5,81.34,2.33,14.4,6.5,,,,
2023-07-18,32.1,24.5,33.2,25.1,91.37,81.5,24.93,12.5,6.4,,,,
2023-07-19,33.8,24.0,33.3,25.1,83.67,81.65,5.25,4.6,6.3,,,,
2023-07-20,34.4,24.6,33.3,25.1,84.56,81.68,5.07,3.3,6.3,,,,
2023-07-21,35.5,25.0,33.3,25.1,80.92,81.61,6.22,5.0,6.2,,,,
2023-07-22,36.5,25.3,33.3,25.0,75.68,81.42,1.31,5.7,6.2,,,,
2023-07-23,36.6,25.0,33.4,25.0,70.84,81.05,0.38,6.4,6.0,,,,
2023-07-24,37.3,25.5,33.4,25.0,67.43,80.87,0.0,5.8,5.9,,,,
2023-07-25,37.6,25.4,33.3,24.9,67.19,80.96,0.38,5.9,5.8,,,,
2023-07-26,34.4,26.5,33.2,24.9,66.58,81.04,0.38,2.7,5.7,,,,
2023-07-27,38.5,25.4,33.3,24.8,60.22,80.91,0.0,8.5,5.6,,,,
2023-07-28,39.3,25.7,33.3,24.9,66.2,80.77,0.38,7.5,5.5,,,,
2023-07-29,39.3,25.6,33.4,24.8,66.03,80.67,2.67,3.4,5.5,,,,
2023-07-30,37.4,24.9,33.5,24.9,85.75,80.57,17.77,4.7,5.4,,,,
2023-07-31,31.0,25.0,33.7,25.0,85.37,80.46,7.89,3.7,5.3,,,,
2023-08-01,34.0,24.1,33.7,25.0,84.42,80.72,9.34,2.6,5.3,,,,
2023-08-02,33.7,24.5,33.6,25.0,76.4,81.01,7.12,2.4,5.3,,,,
2023-08-03,36.0,24.4,33.5,25.0,88.31,81.2,0.38,3.2,5.2,,,,
2023-08-04,32.8,26.6,33.4,25.0,82.24,81.21,1.4,2.8,5.2,,,,
2023-08-05,36.3,26.0,33.4,24.9,75.98,81.19,1.19,4.5,5.1,,,,
2023-08-06,35.4,25.6,33.5,24.9,76.45,81.0,0.97,6.0,4.9,,,,
2023-08-07,34.2,25.1,33.6,25.0,75.33,80.9,1.03,4.0,4.9,,,,
2023-08-08,35.7,25.6,33.7,25.0,79.31,80.95,0.44,3.7,4.9,,,,
2023-08-09,32.3,25.9,33.6,25.0,81.72,81.24,0.88,2.6,4.9,,,,
2023-08-10,37.5,25.0,33.3,25.0,85.3,81.61,7.89,3.3,5.0,,,,
2023-08-11,37.2,24.7,33.2,25.0,85.85,82.06,4.59,2.8,5.1,,,,
2023-08-12,32.8,25.9,33.0,24.9,81.41,82.44,0.38,3.9,5.2,,,,
2023-08-13,36.1,25.7,32.8,24.8,80.35,82.58,3.06,3.6,5.2,,,,
2023-08-14,35.8,24.4,32.8,24.8,86.32,82.25,14.02,3.7,5.3,,,,
2023-08-15,34.9,24.3,32.8,24.7,84.61,81.85,4.43,2.7,5.3,,,,
2023-08-16,34.9,24.9,32.8,24.7,83.01,81.48,2.96,3.6,5.4,,,,
2023-08-17,35.1,25.8,32.9,24.6,85.74,80.8,3.38,2.6,5.4,,,,
2023-08-18,36.9,24.9,33.0,24.6,88.03,79.99,3.27,2.3,5.5,,,,
2023-08-19,38.2,24.3,33.1,24.6,77.4,79.47,0.38,3.1,5.5,,,,
2023-08-20,38.1,25.5,33.1,24.6,86.71,79.12,6.65,4.2,5.5,,,,
2023-08-21,34.4,25.1,33.1,24.5,84.25,78.74,6.88,3.5,5.5,,,,
2023-08-22,31.7,24.8,33.0,24.4,88.89,78.58,11.44,3.1,5.5,,,,
2023-08-23,31.3,23.6,32.9,24.4,90.1,78.69,13.56,2.4,5.5,,,,
2023-08-24,33.7,23.5,32.8,24.3,86.79,79.01,4.43,2.8,5.5,,,,
2023-08-25,29.9,24.4,32.6,24.2,89.2,79.29,6.01,2.6,5.4,,,,
2023-08-26,31.0,24.5,32.6,24.2,86.14,79.46,1.07,4.5,5.3,,,,
2023-08-27,33.9,25.1,32.6,24.2,89.81,79.41,15.52,5.3,5.4,,,,
2023-08-28,31.0,21.8,32.6,24.2,87.93,79.1,21.05,9.3,5.4,,,,
2023-08-29,25.5,21.9,32.5,24.1,72.7,78.73,3.27,10.6,5.5,,,,
2023-08-30,27.0,23.2,32.5,24.1,70.49,78.29,0.0,9.8,5.7,,,,
2023-08-31,28.3,22.6,32.4,24.0,70.33,77.84,0.0,10.3,5.8,,,,
2023-09-01,30.4,22.1,32.4,24.0,67.42,77.7,0.0,11.0,5.8,,,,
2023-09-02,34.2,23.2,32.3,23.9,76.13,77.74,2.5,10.3,5.8,,,,
2023-09-03,29.8,20.9,32.3,23.8,77.91,77.66,17.18,11.7,5.8,,,,
2023-09-04,28.9,23.1,32.2,23.8,73.35,77.33,0.0,10.0,5.9,,,,
2023-09-05,30.6,21.3,32.1,23.7,73.14,77.05,0.0,8.2,5.9,,,,
2023-09-06,30.5,22.9,32.1,23.6,76.87,76.75,0.0,8.5,5.9,,,,
2023-09-07,30.4,24.2,32.0,23.5,76.21,76.49,1.61,8.2,6.0,,,,
2023-09-08,30.9,24.7,31.9,23.5,79.3,76.13,1.77,8.5,6.2,,,,
2023-09-09,34.0,23.8,31.8,23.3,85.28,76.04,5.25,5.9,6.2,,,,
2023-09-10,30.8,23.6,31.7,23.2,87.81,75.55,4.01,3.6,6.3,,,,
2023-09-11,32.8,25.1,31.5,23.0,85.61,75.02,0.85,4.2,6.4,,,,
2023-09-12,30.1,24.8,31.3,22.9,86.16,74.37,1.77,2.7,6.6,,,,
2023-09-13,31.3,22.4,31.1,22.6,80.38,73.64,1.72,9.6,6.8,,,,
2023-09-14,25.8,21.6,31.0,22.5,81.1,73.01,21.77,8.1,6.9,,,,
2023-09-15,31.7,21.6,31.0,22.3,79.05,73.0,0.69,5.2,6.9,,,,
2023-09-16,33.0,21.6,31.0,22.2,80.74,72.85,0.38,3.9,6.9,,,,
2023-09-17,34.1,22.7,30.9,22.2,86.41,72.6,1.0,5.0,6.9,,,,
2023-09-18,34.5,24.3,30.8,22.1,84.17,72.72,1.03,5.3,6.9,,,,
2023-09-19,33.7,24.5,30.6,22.0,87.93,72.5,1.72,5.6,7.0,,,,
2023-09-20,34.6,24.2,30.4,21.8,85.29,71.85,0.74,6.4,7.2,,,,
2023-09-21,32.7,24.3,30.2,21.6,82.54,71.39,5.25,6.2,7.4,,,,
2023-09-22,31.5,23.5,30.0,21.5,74.46,71.12,2.33,7.4,7.5,,,,
2023-09-23,32.5,23.9,30.0,21.3,78.35,70.7,0.38,5.5,7.5,,,,
2023-09-24,33.4,24.4,29.9,21.2,80.32,70.35,1.77,5.0,7.4,,,,
2023-09-25,33.7,24.5,29.8,21.2,79.82,70.25,0.67,6.8,7.3,,,,
2023-09-26,33.4,23.7,29.8,21.2,75.04,70.07,0.38,9.4,7.2,,,,
2023-09-27,34.1,23.8,29.7,21.1,75.36,69.9,0.38,7.7,7.2,,,,
2023-09-28,34.3,24.0,29.5,21.0,80.14,69.94,2.86,7.2,7.3,,,,
2023-09-29,34.9,23.7,29.5,20.8,82.46,69.86,1.26,4.2,7.3,,,,
2023-09-30,35.2,24.3,29.5,20.7,81.16,69.59,0.38,4.6,7.3,,,,
2023-10-01,33.7,25.5,29.5,20.6,75.02,69.44,2.76,6.3,7.3,,,,
2023-10-02,32.6,24.4,29.3,20.3,84.52,69.14,2.25,4.5,7.4,,,,
2023-10-03,34.6,23.6,28.9,20.1,79.94,68.6,0.76,5.1,7.6,,,,
2023-10-04,32.6,23.9,28.5,19.8,73.46,68.28,0.54,8.4,7.7,,,,
2023-10-05,29.9,21.1,27.9,19.4,70.04,68.23,0.38,14.8,7.8,,,,
2023-10-06,29.3,19.8,27.5,19.1,65.64,68.03,0.0,14.6,7.9,,,,
2023-10-07,23.8,17.9,27.2,18.8,62.99,67.79,0.0,17.2,7.9,,,,
2023-10-08,24.7,17.0,27.3,18.7,64.83,67.68,0.0,17.2,7.7,,,,
2023-10-09,23.1,18.9,27.3,18.8,67.12,67.47,0.62,16.8,7.7,,,,
2023-10-10,22.2,18.0,27.4,18.7,71.14,67.22,1.4,15.9,7.7,,,,
2023-10-11,20.9,18.9,27.2,18.7,70.28,67.48,0.38,11.9,7.8,,,,
2023-10-12,26.4,19.4,27.0,18.7,63.14,68.0,0.0,10.0,8.0,,,,
2023-10-13,27.5,20.3,26.8,18.5,66.25,68.15,0.0,10.8,8.1,,,,
2023-10-14,24.3,17.2,26.5,18.4,71.19,68.47,0.44,7.9,8.2,,,,
2023-10-15,28.9,14.4,26.2,18.2,60.39,68.75,0.0,9.3,8.4,,,,
2023-10-16,30.6,14.2,26.1,18.0,57.01,68.56,0.0,7.0,8.4,,,,
2023-10-17,30.6,13.3,26.0,17.7,63.16,68.23,0.0,4.1,8.2,,,,
2023-10-18,32.0,16.4,25.8,17.6,68.23,68.34,0.38,5.8,8.1,,,,
2023-10-19,26.1,20.9,25.6,17.4,84.7,68.47,16.06,4.6,7.9,,,,
2023-10-20,20.8,16.6,25.4,17.1,70.26,68.47,5.82,16.7,7.8,,,,
2023-10-21,24.5,14.9,25.2,16.8,59.24,68.56,0.0,12.5,7.8,,,,
2023-10-22,27.8,15.4,25.0,16.6,62.69,68.7,0.0,6.7,7.7,,,,
2023-10-23,29.1,14.3,24.9,16.5,73.35,68.81,0.0,4.2,7.7,,,,
2023-10-24,30.7,18.7,24.7,16.4,79.64,68.99,0.0,3.7,7.7,,,,
2023-10-25,32.4,18.5,24.5,16.3,79.43,69.34,0.0,3.0,7.6,,,,
2023-10-26,28.9,21.9,24.3,16.2,82.43,69.71,14.51,6.2,7.5,,,,
2023-10-27,23.8,19.6,24.0,16.0,80.08,70.18,1.14,9.1,7.6,,,,
2023-10-28,27.9,19.0,23.7,15.8,74.02,70.21,0.0,7.1,7.5,,,,
2023-10-29,22.4,17.6,23.8,15.6,77.74,69.95,2.76,5.8,7.3,,,,
2023-10-30,28.0,16.5,23.8,15.4,72.32,69.68,0.0,6.2,7.4,,,,
2023-10-31,29.1,16.8,23.7,15.2,69.92,69.19,0.0,2.9,7.5,,,,
2023-11-01,29.3,13.5,23.8,15.0,73.29,68.68,0.0,2.1,7.5,,,,
2023-11-02,30.7,14.8,23.7,14.9,74.36,68.61,0.0,2.2,7.3,,,,
2023-11-03,28.9,16.7,23.7,14.8,82.24,68.87,0.62,1.8,7.2,,,,
2023-11-04,28.8,21.7,23.8,14.9,90.2,69.08,4.28,3.4,7.0,,,,
2023-11-05,29.5,19.9,23.9,14.9,84.86,70.02,3.87,7.3,6.7,,,,
2023-11-06,22.7,17.6,23.9,15.0,56.28,70.63,17.18,14.0,6.8,,,,
2023-11-07,20.0,15.1,23.5,14.9,69.34,71.09,1.97,3.5,7.1,,,,
2023-11-08,21.7,16.6,23.0,14.6,86.25,71.35,3.16,2.1,7.4,,,,
2023-11-09,25.9,19.6,22.4,14.2,93.67,71.69,19.67,3.9,7.6,,,,
2023-11-10,22.1,18.9,21.8,13.9,82.11,71.41,19.67,9.0,7.8,,,,
2023-11-11,19.2,13.8,21.3,13.5,80.13,71.48,7.37,10.6,7.8,,,,
2023-11-12,13.6,9.4,21.0,13.3,72.68,71.8,2.86,19.3,7.6,,,,
2023-11-13,10.8,9.1,20.7,13.1,78.79,72.17,4.01,13.3,7.5,,,,
2023-11-14,13.7,9.4,20.4,12.9,77.64,72.78,6.01,5.5,7.5,,,,
2023-11-15,13.7,11.5,20.1,12.7,81.94,73.02,3.27,3.6,7.6,,,,
2023-11-16,18.7,11.0,19.8,12.5,65.01,72.82,2.41,14.3,7.8,,,,
2023-11-17,21.6,7.5,19.5,12.3,66.15,72.53,0.0,4.6,7.8,,,,
2023-11-18,22.6,10.4,19.3,12.1,53.84,71.83,0.0,4.8,7.8,,,,
2023-11-19,24.1,12.3,19.3,11.9,68.74,70.84,0.0,2.8,7.8,,,,
2023-11-20,24.4,9.5,19.4,11.8,79.02,70.15,0.0,2.6,7.7,,,,
2023-11-21,24.2,8.9,19.4,11.6,80.58,69.75,0.0,2.4,7.6,,,,
2023-11-22,24.7,10.2,19.3,11.4,80.57,69.43,0.0,2.6,7.6,,,,
2023-11-23,26.4,12.5,19.3,11.2,77.84,69.37,0.0,5.6,7.6,,,,
2023-11-24,23.3,16.3,19.1,11.1,62.9,69.09,0.0,7.5,7.6,,,,
2023-11-25,21.2,15.2,18.8,10.9,68.1,68.93,0.0,4.2,7.7,,,,
2023-11-26,22.5,14.9,18.6,10.7,71.71,68.88,0.0,4.7,7.8,,,,
2023-11-27,24.8,12.7,18.3,10.5,70.45,68.76,0.0,5.0,8.0,,,,
2023-11-28,23.7,10.7,17.9,10.2,68.26,68.4,0.0,3.6,8.1,,,,
2023-11-29,24.5,10.0,17.6,9.8,74.47,68.47,0.0,3.7,8.1,,,,
2023-11-30,20.2,11.9,17.3,9.4,55.2,68.48,0.74,17.4,8.1,,,,
2023-12-01,15.5,9.9,17.0,9.2,54.0,68.55,0.38,14.0,8.0,,,,
2023-12-02,12.1,9.4,16.9,9.0,70.18,68.64,0.41,5.8,7.8,,,,
2023-12-03,11.5,9.3,16.9,8.9,82.71,68.62,6.01,5.2,7.6,,,,
2023-12-04,15.9,9.7,16.8,8.8,83.27,68.47,7.37,3.8,7.6,,,,
2023-12-05,18.1,8.5,16.6,8.7,84.81,68.6,0.0,3.1,7.6,,,,
2023-12-06,23.6,12.4,16.5,8.6,72.07,68.58,0.38,6.1,7.7,,,,
2023-12-07,23.0,7.3,16.3,8.5,74.17,68.51,0.0,1.9,7.5,,,,
2023-12-08,24.0,7.3,16.1,8.4,73.39,68.97,0.0,2.5,7.4,,,,
2023-12-09,19.5,15.5,16.0,8.4,86.63,69.22,1.77,2.6,7.4,,,,
2023-12-10,24.2,17.1,16.0,8.3,94.48,68.84,4.91,2.6,7.4,,,,
2023-12-11,22.4,11.7,16.0,8.3,85.21,68.62,11.06,8.3,7.4,,,,
2023-12-12,14.2,9.9,15.9,8.3,58.17,68.44,1.23,7.5,7.7,,,,
2023-12-13,16.1,10.9,15.8,8.2,73.57,68.26,0.38,8.7,7.9,,,,
2023-12-14,22.4,14.1,15.5,8.0,84.86,68.22,2.17,7.3,7.9,,,,
2023-12-15,23.7,5.9,15.2,7.7,74.13,68.41,19.67,6.5,8.0,,,,
2023-12-16,6.5,3.9,14.9,7.4,52.85,68.49,1.72,6.3,8.0,,,,
2023-12-17,5.7,3.1,14.7,7.2,45.24,68.61,2.58,5.9,7.8,,,,
2023-12-18,5.3,3.0,14.6,7.2,83.24,68.76,6.01,6.0,7.7,,,,
2023-12-19,6.6,3.5,14.6,7.2,68.14,68.58,0.74,5.4,7.7,,,,
2023-12-20,10.9,4.4,14.8,7.2,56.49,68.39,0.0,5.9,7.6,,,,
2023-12-21,9.1,4.4,14.8,7.3,49.24,68.55,0.0,5.4,7.3,,,,
2023-12-22,9.6,2.0,14.9,7.2,34.44,68.63,0.0,4.6,7.2,,,,
2023-12-23,12.3,2.0,14.9,7.1,41.24,68.6,0.0,4.6,7.3,,,,
2023-12-24,13.6,3.8,14.6,6.9,43.62,68.96,0.0,4.5,7.3,,,,
2023-12-25,15.8,4.3,14.1,6.8,47.99,69.27,0.0,3.9,7.5,,,,
2023-12-26,17.6,3.7,13.8,6.6,68.64,69.21,0.0,4.0,7.6,,,,
2023-12-27,19.9,5.7,13.4,6.4,67.27,69.27,0.0,2.9,7.8,,,,
2023-12-28,21.8,6.2,13.2,6.3,70.72,69.13,0.0,3.0,7.8,,,,
2023-12-29,21.6,8.5,13.1,6.3,76.73,68.94,0.0,3.0,7.9,,,,
2023-12-30,22.6,13.6,13.1,6.3,74.72,69.02,0.0,5.0,7.8,,,,
2023-12-31,22.1,12.3,13.0,6.3,73.21,69.3,1.4,7.2,7.7,,,,
2024-07-15,,,,,,,,,,37.4,25.1,0.65,0.3
2024-07-16,,,,,,,,,,36.2,25.1,0.65,0.3
2024-07-17,,,,,,,,,,37.4,25.1,0.65,0.3
2024-07-18,,,,,,,,,,36.0,25.3,0.65,0.3
2024-07-19,,,,,,,,,,36.1,25.5,0.65,0.3
2024-07-20,,,,,,,,,,36.1,25.6,0.65,0.3
2024-07-21,,,,,,,,,,36.3,25.2,0.65,0.3
2024-07-22,,,,,,,,,,37.4,25.3,0.65,0.3
2024-07-23,,,,,,,,,,36.8,25.2,0.65,0.3
2024-07-24,,,,,,,,,,36.8,25.2,0.65,0.3
