date,wind_velocity,wind_velocity_history
2023-01-01T00:00:00,8.2,7.7
2023-01-02T00:00:00,11.1,7.6
2023-01-03T00:00:00,10.8,7.6
2023-01-04T00:00:00,5.5,7.5
2023-01-05T00:00:00,6.3,7.6
2023-01-06T00:00:00,8.9,7.6
2023-01-07T00:00:00,4.0,7.5
2023-01-08T00:00:00,2.2,7.4
2023-01-09T00:00:00,3.6,7.6
2023-01-10T00:00:00,9.1,7.6
2023-01-11T00:00:00,3.6,7.6
2023-01-12T00:00:00,4.4,7.8
2023-01-13T00:00:00,7.9,7.9
2023-01-14T00:00:00,12.6,7.8
2023-01-15T00:00:00,18.1,7.7
2023-01-16T00:00:00,13.3,7.7
2023-01-17T00:00:00,9.9,7.6
2023-01-18T00:00:00,8.1,7.3
2023-01-19T00:00:00,5.9,7.4
2023-01-20T00:00:00,8.5,7.6
2023-01-21T00:00:00,5.1,7.8
2023-01-22T00:00:00,8.5,8.1
2023-01-23T00:00:00,10.7,8.2
2023-01-24T00:00:00,17.4,8.2
2023-01-25T00:00:00,5.4,8.1
2023-01-26T00:00:00,5.8,7.8
2023-01-27T00:00:00,14.9,7.8
2023-01-28T00:00:00,9.9,7.9
2023-01-29T00:00:00,6.1,7.9
2023-01-30T00:00:00,2.6,8.0
2023-01-31T00:00:00,5.6,8.0
2023-02-01T00:00:00,3.0,8.0
2023-02-02T00:00:00,9.7,7.8
2023-02-03T00:00:00,7.8,7.7
2023-02-04T00:00:00,8.1,7.6
2023-02-05T00:00:00,6.8,7.7
2023-02-06T00:00:00,5.0,7.7
2023-02-07T00:00:00,8.0,7.8
2023-02-08T00:00:00,6.1,7.8
2023-02-09T00:00:00,8.1,8.0
2023-02-10T00:00:00,7.5,7.8
2023-02-11T00:00:00,4.9,7.6
2023-02-12T00:00:00,5.3,7.5
2023-02-13T00:00:00,16.0,7.5
2023-02-14T00:00:00,14.4,7.4
2023-02-15T00:00:00,11.0,7.5
2023-02-16T00:00:00,5.0,7.8
2023-02-17T00:00:00,4.3,8.0
2023-02-18T00:00:00,4.2,8.1
2023-02-19T00:00:00,12.7,8.1
2023-02-20T00:00:00,9.5,8.0
2023-02-21T00:00:00,10.0,7.9
2023-02-22T00:00:00,8.1,7.9
2023-02-23T00:00:00,6.2,7.9
2023-02-24T00:00:00,11.3,8.0
2023-02-25T00:00:00,12.7,8.0
2023-02-26T00:00:00,9.9,7.8
2023-02-27T00:00:00,4.4,7.8
2023-02-28T00:00:00,3.4,7.7
2023-03-01T00:00:00,7.6,7.6
2023-03-02T00:00:00,8.4,7.6
2023-03-03T00:00:00,6.0,7.6
2023-03-04T00:00:00,5.0,7.6
2023-03-05T00:00:00,2.7,7.7
2023-03-06T00:00:00,4.1,7.6
2023-03-07T00:00:00,3.9,7.7
2023-03-08T00:00:00,2.6,7.6
2023-03-09T00:00:00,4.4,7.2
2023-03-10T00:00:00,5.2,7.1
2023-03-11T00:00:00,3.9,7.3
2023-03-12T00:00:00,13.6,7.3
2023-03-13T00:00:00,7.5,7.3
2023-03-14T00:00:00,5.8,7.3
2023-03-15T00:00:00,2.8,7.3
2023-03-16T00:00:00,6.2,7.2
2023-03-17T00:00:00,7.8,7.1
2023-03-18T00:00:00,9.0,7.3
2023-03-19T00:00:00,7.0,7.5
2023-03-20T00:00:00,6.1,7.7
2023-03-21T00:00:00,10.2,7.8
2023-03-22T00:00:00,8.5,8.0
2023-03-23T00:00:00,8.9,8.0
2023-03-24T00:00:00,13.0,7.7
2023-03-25T00:00:00,12.3,7.5
2023-03-26T00:00:00,10.9,7.2
2023-03-27T00:00:00,9.0,7.1
2023-03-28T00:00:00,5.2,6.9
2023-03-29T00:00:00,3.7,6.9
2023-03-30T00:00:00,5.4,7.1
2023-03-31T00:00:00,4.0,7.3
2023-04-01T00:00:00,3.8,7.4
2023-04-02T00:00:00,9.0,7.6
2023-04-03T00:00:00,11.6,7.5
2023-04-04T00:00:00,5.3,7.3
2023-04-05T00:00:00,11.1,7.2
2023-04-06T00:00:00,11.7,7.1
2023-04-07T00:00:00,11.2,6.9
2023-04-08T00:00:00,8.5,7.0
2023-04-09T00:00:00,4.1,7.2
2023-04-10T00:00:00,3.0,7.3
2023-04-11T00:00:00,3.2,7.4
2023-04-12T00:00:00,3.2,7.3
2023-04-13T00:00:00,8.0,7.2
2023-04-14T00:00:00,5.3,7.0
2023-04-15T00:00:00,8.3,6.9
2023-04-16T00:00:00,4.2,6.8
2023-04-17T00:00:00,9.0,6.9
2023-04-18T00:00:00,6.0,6.8
2023-04-19T00:00:00,3.6,6.9
2023-04-20T00:00:00,4.2,7.0
2023-04-21T00:00:00,4.5,7.0
2023-04-22T00:00:00,6.6,7.1
2023-04-23T00:00:00,9.9,7.1
2023-04-24T00:00:00,12.9,6.9
2023-04-25T00:00:00,9.0,6.7
2023-04-26T00:00:00,5.6,6.6
2023-04-27T00:00:00,5.1,6.4
2023-04-28T00:00:00,6.8,6.4
2023-04-29T00:00:00,12.4,6.4
2023-04-30T00:00:00,5.7,6.5
2023-05-01T00:00:00,5.3,6.6
2023-05-02T00:00:00,10.9,6.7
2023-05-03T00:00:00,13.6,6.7
2023-05-04T00:00:00,11.0,6.7
2023-05-05T00:00:00,7.8,6.5
2023-05-06T00:00:00,7.4,6.3
2023-05-07T00:00:00,14.2,6.3
2023-05-08T00:00:00,11.7,6.4
2023-05-09T00:00:00,5.0,6.5
2023-05-10T00:00:00,5.5,6.6
2023-05-11T00:00:00,10.4,6.6
2023-05-12T00:00:00,6.7,6.6
2023-05-13T00:00:00,3.2,6.5
2023-05-14T00:00:00,2.2,6.4
2023-05-15T00:00:00,3.2,6.3
2023-05-16T00:00:00,8.9,6.2
2023-05-17T00:00:00,5.9,6.1
2023-05-18T00:00:00,6.6,6.0
2023-05-19T00:00:00,5.0,6.0
2023-05-20T00:00:00,3.7,5.9
2023-05-21T00:00:00,5.8,5.8
2023-05-22T00:00:00,11.1,5.8
2023-05-23T00:00:00,8.0,5.8
2023-05-24T00:00:00,3.7,5.7
2023-05-25T00:00:00,4.6,5.7
2023-05-26T00:00:00,6.8,5.7
2023-05-27T00:00:00,8.6,5.6
2023-05-28T00:00:00,6.4,5.5
2023-05-29T00:00:00,4.4,5.5
2023-05-30T00:00:00,3.5,5.6
2023-05-31T00:00:00,7.2,5.6
2023-06-01T00:00:00,4.6,5.5
2023-06-02T00:00:00,4.8,5.6
2023-06-03T00:00:00,4.6,5.5
2023-06-04T00:00:00,4.5,5.4
2023-06-05T00:00:00,3.5,5.3
2023-06-06T00:00:00,7.0,5.4
2023-06-07T00:00:00,4.2,5.4
2023-06-08T00:00:00,3.1,5.4
2023-06-09T00:00:00,4.8,5.4
2023-06-10T00:00:00,3.9,5.5
2023-06-11T00:00:00,2.2,5.7
2023-06-12T00:00:00,2.3,5.6
2023-06-13T00:00:00,6.9,5.8
2023-06-14T00:00:00,7.3,5.9
2023-06-15T00:00:00,6.0,5.9
2023-06-16T00:00:00,5.0,5.8
2023-06-17T00:00:00,8.9,5.9
2023-06-18T00:00:00,7.8,5.8
2023-06-19T00:00:00,6.6,5.8
2023-06-20T00:00:00,4.9,5.8
2023-06-21T00:00:00,3.6,5.8
2023-06-22T00:00:00,3.9,5.9
2023-06-23T00:00:00,2.8,6.0
2023-06-24T00:00:00,3.9,6.0
2023-06-25T00:00:00,2.7,6.1
2023-06-26T00:00:00,3.0,6.2
2023-06-27T00:00:00,5.1,6.3
2023-06-28T00:00:00,8.9,6.5
2023-06-29T00:00:00,8.8,6.7
2023-06-30T00:00:00,7.8,6.8
2023-07-01T00:00:00,7.1,6.9
2023-07-02T00:00:00,7.9,7.0
2023-07-03T00:00:00,9.4,7.0
2023-07-04T00:00:00,8.7,7.1
2023-07-05T00:00:00,8.8,7.2
2023-07-06T00:00:00,13.2,7.1
2023-07-07T00:00:00,12.3,7.1
2023-07-08T00:00:00,8.5,7.0
2023-07-09T00:00:00,9.2,6.9
2023-07-10T00:00:00,9.8,6.8
2023-07-11T00:00:00,11.0,6.8
2023-07-12T00:00:00,10.4,6.8
2023-07-13T00:00:00,8.2,6.7
2023-07-14T00:00:00,5.1,6.7
2023-07-15T00:00:00,5.7,6.5
2023-07-16T00:00:00,10.7,6.5
2023-07-17T00:00:00,14.4,6.5
2023-07-18T00:00:00,12.5,6.4
2023-07-19T00:00:00,4.6,6.3
2023-07-20T00:00:00,3.3,6.3
2023-07-21T00:00:00,5.0,6.2
2023-07-22T00:00:00,5.7,6.2
2023-07-23T00:00:00,6.4,6.0
2023-07-24T00:00:00,5.8,5.9
2023-07-25T00:00:00,5.9,5.8
2023-07-26T00:00:00,2.7,5.7
2023-07-27T00:00:00,8.5,5.6
2023-07-28T00:00:00,7.5,5.5
2023-07-29T00:00:00,3.4,5.5
2023-07-30T00:00:00,4.7,5.4
2023-07-31T00:00:00,3.7,5.3
2023-08-01T00:00:00,2.6,5.3
2023-08-02T00:00:00,2.4,5.3
2023-08-03T00:00:00,3.2,5.2
2023-08-04T00:00:00,2.8,5.2
2023-08-05T00:00:00,4.5,5.1
2023-08-06T00:00:00,6.0,4.9
2023-08-07T00:00:00,4.0,4.9
2023-08-08T00:00:00,3.7,4.9
2023-08-09T00:00:00,2.6,4.9
2023-08-10T00:00:00,3.3,5.0
2023-08-11T00:00:00,2.8,5.1
2023-08-12T00:00:00,3.9,5.2
2023-08-13T00:00:00,3.6,5.2
2023-08-14T00:00:00,3.7,5.3
2023-08-15T00:00:00,2.7,5.3
2023-08-16T00:00:00,3.6,5.4
2023-08-17T00:00:00,2.6,5.4
2023-08-18T00:00:00,2.3,5.5
2023-08-19T00:00:00,3.1,5.5
2023-08-20T00:00:00,4.2,5.5
2023-08-21T00:00:00,3.5,5.5
2023-08-22T00:00:00,3.1,5.5
2023-08-23T00:00:00,2.4,5.5
2023-08-24T00:00:00,2.8,5.5
2023-08-25T00:00:00,2.6,5.4
2023-08-26T00:00:00,4.5,5.3
2023-08-27T00:00:00,5.3,5.4
2023-08-28T00:00:00,9.3,5.4
2023-08-29T00:00:00,10.6,5.5
2023-08-30T00:00:00,9.8,5.7
2023-08-31T00:00:00,10.3,5.8
2023-09-01T00:00:00,11.0,5.8
2023-09-02T00:00:00,10.3,5.8
2023-09-03T00:00:00,11.7,5.8
2023-09-04T00:00:00,10.0,5.9
2023-09-05T00:00:00,8.2,5.9
2023-09-06T00:00:00,8.5,5.9
2023-09-07T00:00:00,8.2,6.0
2023-09-08T00:00:00,8.5,6.2
2023-09-09T00:00:00,5.9,6.2
2023-09-10T00:00:00,3.6,6.3
2023-09-11T00:00:00,4.2,6.4
2023-09-12T00:00:00,2.7,6.6
2023-09-13T00:00:00,9.6,6.8
2023-09-14T00:00:00,8.1,6.9
2023-09-15T00:00:00,5.2,6.9
2023-09-16T00:00:00,3.9,6.9
2023-09-17T00:00:00,5.0,6.9
2023-09-18T00:00:00,5.3,6.9
2023-09-19T00:00:00,5.6,7.0
2023-09-20T00:00:00,6.4,7.2
2023-09-21T00:00:00,6.2,7.4
2023-09-22T00:00:00,7.4,7.5
2023-09-23T00:00:00,5.5,7.5
2023-09-24T00:00:00,5.0,7.4
2023-09-25T00:00:00,6.8,7.3
2023-09-26T00:00:00,9.4,7.2
2023-09-27T00:00:00,7.7,7.2
2023-09-28T00:00:00,7.2,7.3
2023-09-29T00:00:00,4.2,7.3
2023-09-30T00:00:00,4.6,7.3
2023-10-01T00:00:00,6.3,7.3
2023-10-02T00:00:00,4.5,7.4
2023-10-03T00:00:00,5.1,7.6
2023-10-04T00:00:00,8.4,7.7
2023-10-05T00:00:00,14.8,7.8
2023-10-06T00:00:00,14.6,7.9
2023-10-07T00:00:00,17.2,7.9
2023-10-08T00:00:00,17.2,7.7
2023-10-09T00:00:00,16.8,7.7
2023-10-10T00:00:00,15.9,7.7
2023-10-11T00:00:00,11.9,7.8
2023-10-12T00:00:00,10.0,8.0
2023-10-13T00:00:00,10.8,8.1
2023-10-14T00:00:00,7.9,8.2
2023-10-15T00:00:00,9.3,8.4
2023-10-16T00:00:00,7.0,8.4
2023-10-17T00:00:00,4.1,8.2
2023-10-18T00:00:00,5.8,8.1
2023-10-19T00:00:00,4.6,7.9
2023-10-20T00:00:00,16.7,7.8
2023-10-21T00:00:00,12.5,7.8
2023-10-22T00:00:00,6.7,7.7
2023-10-23T00:00:00,4.2,7.7
2023-10-24T00:00:00,3.7,7.7
2023-10-25T00:00:00,3.0,7.6
2023-10-26T00:00:00,6.2,7.5
2023-10-27T00:00:00,9.1,7.6
2023-10-28T00:00:00,7.1,7.5
2023-10-29T00:00:00,5.8,7.3
2023-10-30T00:00:00,6.2,7.4
2023-10-31T00:00:00,2.9,7.5
2023-11-01T00:00:00,2.1,7.5
2023-11-02T00:00:00,2.2,7.3
2023-11-03T00:00:00,1.8,7.2
2023-11-04T00:00:00,3.4,7.0
2023-11-05T00:00:00,7.3,6.7
2023-11-06T00:00:00,14.0,6.8
2023-11-07T00:00:00,3.5,7.1
2023-11-08T00:00:00,2.1,7.4
2023-11-09T00:00:00,3.9,7.6
2023-11-10T00:00:00,9.0,7.8
2023-11-11T00:00:00,10.6,7.8
2023-11-12T00:00:00,19.3,7.6
2023-11-13T00:00:00,13.3,7.5
2023-11-14T00:00:00,5.5,7.5
2023-11-15T00:00:00,3.6,7.6
2023-11-16T00:00:00,14.3,7.8
2023-11-17T00:00:00,4.6,7.8
2023-11-18T00:00:00,4.8,7.8
2023-11-19T00:00:00,2.8,7.8
2023-11-20T00:00:00,2.6,7.7
2023-11-21T00:00:00,2.4,7.6
2023-11-22T00:00:00,2.6,7.6
2023-11-23T00:00:00,5.6,7.6
2023-11-24T00:00:00,7.5,7.6
2023-11-25T00:00:00,4.2,7.7
2023-11-26T00:00:00,4.7,7.8
2023-11-27T00:00:00,5.0,8.0
2023-11-28T00:00:00,3.6,8.1
2023-11-29T00:00:00,3.7,8.1
2023-11-30T00:00:00,17.4,8.1
2023-12-01T00:00:00,14.0,8.0
2023-12-02T00:00:00,5.8,7.8
2023-12-03T00:00:00,5.2,7.6
2023-12-04T00:00:00,3.8,7.6
2023-12-05T00:00:00,3.1,7.6
2023-12-06T00:00:00,6.1,7.7
2023-12-07T00:00:00,1.9,7.5
2023-12-08T00:00:00,2.5,7.4
2023-12-09T00:00:00,2.6,7.4
2023-12-10T00:00:00,2.6,7.4
2023-12-11T00:00:00,8.3,7.4
2023-12-12T00:00:00,7.5,7.7
2023-12-13T00:00:00,8.7,7.9
2023-12-14T00:00:00,7.3,7.9
2023-12-15T00:00:00,6.5,8.0
2023-12-16T00:00:00,6.3,8.0
2023-12-17T00:00:00,5.9,7.8
2023-12-18T00:00:00,6.0,7.7
2023-12-19T00:00:00,5.4,7.7
2023-12-20T00:00:00,5.9,7.6
2023-12-21T00:00:00,5.4,7.3
2023-12-22T00:00:00,4.6,7.2
2023-12-23T00:00:00,4.6,7.3
2023-12-24T00:00:00,4.5,7.3
2023-12-25T00:00:00,3.9,7.5
2023-12-26T00:00:00,4.0,7.6
2023-12-27T00:00:00,2.9,7.8
2023-12-28T00:00:00,3.0,7.8
2023-12-29T00:00:00,3.0,7.9
2023-12-30T00:00:00,5.0,7.8
2023-12-31T00:00:00,7.2,7.7
2022-01-01T00:00:00,5.7,7.6
2022-01-02T00:00:00,5.4,7.6
2022-01-03T00:00:00,3.8,7.6
2022-01-04T00:00:00,4.4,7.5
2022-01-05T00:00:00,6.9,7.6
2022-01-06T00:00:00,11.1,7.6
2022-01-07T00:00:00,10.2,7.5
2022-01-08T00:00:00,7.4,7.4
2022-01-09T00:00:00,6.6,7.6
2022-01-10T00:00:00,6.0,7.6
2022-01-11T00:00:00,10.2,7.6
2022-01-12T00:00:00,3.9,7.8
2022-01-13T00:00:00,9.8,7.9
2022-01-14T00:00:00,3.9,7.8
2022-01-15T00:00:00,5.5,7.7
2022-01-16T00:00:00,8.5,7.7
2022-01-17T00:00:00,8.1,7.6
2022-01-18T00:00:00,7.3,7.3
2022-01-19T00:00:00,4.7,7.4
2022-01-20T00:00:00,4.8,7.6
2022-01-21T00:00:00,3.7,7.8
2022-01-22T00:00:00,3.7,8.1
2022-01-23T00:00:00,10.0,8.2
2022-01-24T00:00:00,11.3,8.2
2022-01-25T00:00:00,7.4,8.1
2022-01-26T00:00:00,5.5,7.8
2022-01-27T00:00:00,10.5,7.8
2022-01-28T00:00:00,11.5,7.9
2022-01-29T00:00:00,11.4,7.9
2022-01-30T00:00:00,10.8,8.0
2022-01-31T00:00:00,9.8,8.0
2022-02-01T00:00:00,9.8,8.0
2022-02-02T00:00:00,11.0,7.8
2022-02-03T00:00:00,9.6,7.7
2022-02-04T00:00:00,10.1,7.6
2022-02-05T00:00:00,8.5,7.7
2022-02-06T00:00:00,6.0,7.7
2022-02-07T00:00:00,9.9,7.8
2022-02-08T00:00:00,12.5,7.8
2022-02-09T00:00:00,7.8,8.0
2022-02-10T00:00:00,6.2,7.8
2022-02-11T00:00:00,7.6,7.6
2022-02-12T00:00:00,9.3,7.5
2022-02-13T00:00:00,8.9,7.5
2022-02-14T00:00:00,6.4,7.4
2022-02-15T00:00:00,7.6,7.5
2022-02-16T00:00:00,6.7,7.8
2022-02-17T00:00:00,10.0,8.0
2022-02-18T00:00:00,12.7,8.1
2022-02-19T00:00:00,14.0,8.1
2022-02-20T00:00:00,13.5,8.0
2022-02-21T00:00:00,10.9,7.9
2022-02-22T00:00:00,10.7,7.9
2022-02-23T00:00:00,11.7,7.9
2022-02-24T00:00:00,8.9,8.0
2022-02-25T00:00:00,3.4,8.0
2022-02-26T00:00:00,3.1,7.8
2022-02-27T00:00:00,4.8,7.8
2022-02-28T00:00:00,5.9,7.8
2022-03-01T00:00:00,7.1,7.6
2022-03-02T00:00:00,4.6,7.6
2022-03-03T00:00:00,4.1,7.6
2022-03-04T00:00:00,5.7,7.6
2022-03-05T00:00:00,5.1,7.7
2022-03-06T00:00:00,5.3,7.6
2022-03-07T00:00:00,8.9,7.7
2022-03-08T00:00:00,5.3,7.6
2022-03-09T00:00:00,5.1,7.2
2022-03-10T00:00:00,3.5,7.1
2022-03-11T00:00:00,3.8,7.3
2022-03-12T00:00:00,5.8,7.3
2022-03-13T00:00:00,6.2,7.3
2022-03-14T00:00:00,3.1,7.3
2022-03-15T00:00:00,3.0,7.3
2022-03-16T00:00:00,7.1,7.2
2022-03-17T00:00:00,6.3,7.1
2022-03-18T00:00:00,7.5,7.3
2022-03-19T00:00:00,5.9,7.5
2022-03-20T00:00:00,8.3,7.7
2022-03-21T00:00:00,6.5,7.8
2022-03-22T00:00:00,13.0,8.0
2022-03-23T00:00:00,9.0,8.0
2022-03-24T00:00:00,3.7,7.7
2022-03-25T00:00:00,5.5,7.5
2022-03-26T00:00:00,13.7,7.2
2022-03-27T00:00:00,10.8,7.1
2022-03-28T00:00:00,6.0,6.9
2022-03-29T00:00:00,3.1,6.9
2022-03-30T00:00:00,3.5,7.1
2022-03-31T00:00:00,10.4,7.3
2022-04-01T00:00:00,14.7,7.4
2022-04-02T00:00:00,9.0,7.6
2022-04-03T00:00:00,8.7,7.5
2022-04-04T00:00:00,3.5,7.3
2022-04-05T00:00:00,4.1,7.2
2022-04-06T00:00:00,4.6,7.1
2022-04-07T00:00:00,6.1,6.9
2022-04-08T00:00:00,2.3,7.0
2022-04-09T00:00:00,4.2,7.2
2022-04-10T00:00:00,5.5,7.3
2022-04-11T00:00:00,5.7,7.4
2022-04-12T00:00:00,8.0,7.3
2022-04-13T00:00:00,9.8,7.2
2022-04-14T00:00:00,9.0,7.0
2022-04-15T00:00:00,12.6,6.9
2022-04-16T00:00:00,12.3,6.8
2022-04-17T00:00:00,7.8,6.9
2022-04-18T00:00:00,6.7,6.8
2022-04-19T00:00:00,5.3,6.9
2022-04-20T00:00:00,3.0,7.0
2022-04-21T00:00:00,5.5,7.0
2022-04-22T00:00:00,6.9,7.1
2022-04-23T00:00:00,3.4,7.1
2022-04-24T00:00:00,7.3,6.9
2022-04-25T00:00:00,6.5,6.7
2022-04-26T00:00:00,3.3,6.6
2022-04-27T00:00:00,3.3,6.4
2022-04-28T00:00:00,5.9,6.4
2022-04-29T00:00:00,11.1,6.4
2022-04-30T00:00:00,10.2,6.5
2022-05-01T00:00:00,11.6,6.6
2022-05-02T00:00:00,8.9,6.7
2022-05-03T00:00:00,6.7,6.7
2022-05-04T00:00:00,2.7,6.7
2022-05-05T00:00:00,2.7,6.5
2022-05-06T00:00:00,3.9,6.3
2022-05-07T00:00:00,2.0,6.3
2022-05-08T00:00:00,4.0,6.4
2022-05-09T00:00:00,3.2,6.5
2022-05-10T00:00:00,5.6,6.6
2022-05-11T00:00:00,9.6,6.6
2022-05-12T00:00:00,7.1,6.6
2022-05-13T00:00:00,8.9,6.5
2022-05-14T00:00:00,8.8,6.4
2022-05-15T00:00:00,12.1,6.3
2022-05-16T00:00:00,9.5,6.2
2022-05-17T00:00:00,4.0,6.1
2022-05-18T00:00:00,4.5,6.0
2022-05-19T00:00:00,2.7,6.0
2022-05-20T00:00:00,5.3,5.9
2022-05-21T00:00:00,6.0,5.8
2022-05-22T00:00:00,4.9,5.8
2022-05-23T00:00:00,5.7,5.8
2022-05-24T00:00:00,4.7,5.7
2022-05-25T00:00:00,3.6,5.7
2022-05-26T00:00:00,3.7,5.7
2022-05-27T00:00:00,5.6,5.6
2022-05-28T00:00:00,4.2,5.5
2022-05-29T00:00:00,6.2,5.5
2022-05-30T00:00:00,2.6,5.6
2022-05-31T00:00:00,2.0,5.6
2022-06-01T00:00:00,5.4,5.5
2022-06-02T00:00:00,7.5,5.6
2022-06-03T00:00:00,7.8,5.5
2022-06-04T00:00:00,3.8,5.4
2022-06-05T00:00:00,2.7,5.3
2022-06-06T00:00:00,4.0,5.4
2022-06-07T00:00:00,4.4,5.4
2022-06-08T00:00:00,3.5,5.4
2022-06-09T00:00:00,2.3,5.4
2022-06-10T00:00:00,2.1,5.5
2022-06-11T00:00:00,3.7,5.7
2022-06-12T00:00:00,4.2,5.6
2022-06-13T00:00:00,3.1,5.8
2022-06-14T00:00:00,2.3,5.9
2022-06-15T00:00:00,3.9,5.9
2022-06-16T00:00:00,3.0,5.8
2022-06-17T00:00:00,6.6,5.9
2022-06-18T00:00:00,6.7,5.8
2022-06-19T00:00:00,6.3,5.8
2022-06-20T00:00:00,3.9,5.8
2022-06-21T00:00:00,4.4,5.8
2022-06-22T00:00:00,8.3,5.9
2022-06-23T00:00:00,8.8,6.0
2022-06-24T00:00:00,8.4,6.0
2022-06-25T00:00:00,9.3,6.1
2022-06-26T00:00:00,10.5,6.2
2022-06-27T00:00:00,11.4,6.3
2022-06-28T00:00:00,7.3,6.5
2022-06-29T00:00:00,2.3,6.7
2022-06-30T00:00:00,3.0,6.8
2022-07-01T00:00:00,6.2,6.9
2022-07-02T00:00:00,13.7,7.0
2022-07-03T00:00:00,11.5,7.0
2022-07-04T00:00:00,5.8,7.1
2022-07-05T00:00:00,6.5,7.2
2022-07-06T00:00:00,5.2,7.1
2022-07-07T00:00:00,4.9,7.1
2022-07-08T00:00:00,4.4,7.0
2022-07-09T00:00:00,5.1,6.9
2022-07-10T00:00:00,5.0,6.8
2022-07-11T00:00:00,6.9,6.8
2022-07-12T00:00:00,7.2,6.8
2022-07-13T00:00:00,6.4,6.7
2022-07-14T00:00:00,5.2,6.7
2022-07-15T00:00:00,6.7,6.5
2022-07-16T00:00:00,9.5,6.5
2022-07-17T00:00:00,7.2,6.5
2022-07-18T00:00:00,4.6,6.4
2022-07-19T00:00:00,4.8,6.3
2022-07-20T00:00:00,6.2,6.3
2022-07-21T00:00:00,5.7,6.2
2022-07-22T00:00:00,5.7,6.2
2022-07-23T00:00:00,6.4,6.0
2022-07-24T00:00:00,5.8,5.9
2022-07-25T00:00:00,6.1,5.8
2022-07-26T00:00:00,6.9,5.7
2022-07-27T00:00:00,6.4,5.6
2022-07-28T00:00:00,5.1,5.5
2022-07-29T00:00:00,4.1,5.5
2022-07-30T00:00:00,2.9,5.4
2022-07-31T00:00:00,1.8,5.3
2022-08-01T00:00:00,2.6,5.3
2022-08-02T00:00:00,3.3,5.3
2022-08-03T00:00:00,2.7,5.2
2022-08-04T00:00:00,3.3,5.2
2022-08-05T00:00:00,4.4,5.1
2022-08-06T00:00:00,5.5,4.9
2022-08-07T00:00:00,3.4,4.9
2022-08-08T00:00:00,4.0,4.9
2022-08-09T00:00:00,2.8,4.9
2022-08-10T00:00:00,6.3,5.0
2022-08-11T00:00:00,6.2,5.1
2022-08-12T00:00:00,4.9,5.2
2022-08-13T00:00:00,6.4,5.2
2022-08-14T00:00:00,6.4,5.3
2022-08-15T00:00:00,5.1,5.3
2022-08-16T00:00:00,4.4,5.4
2022-08-17T00:00:00,3.2,5.4
2022-08-18T00:00:00,4.5,5.5
2022-08-19T00:00:00,4.0,5.5
2022-08-20T00:00:00,7.3,5.5
2022-08-21T00:00:00,9.0,5.5
2022-08-22T00:00:00,8.0,5.5
2022-08-23T00:00:00,3.7,5.5
2022-08-24T00:00:00,5.4,5.5
2022-08-25T00:00:00,12.6,5.4
2022-08-26T00:00:00,7.9,5.3
2022-08-27T00:00:00,6.7,5.4
2022-08-28T00:00:00,7.5,5.4
2022-08-29T00:00:00,7.1,5.5
2022-08-30T00:00:00,3.6,5.7
2022-08-31T00:00:00,8.9,5.8
2022-09-01T00:00:00,9.7,5.8
2022-09-02T00:00:00,10.0,5.8
2022-09-03T00:00:00,9.8,5.8
2022-09-04T00:00:00,9.9,5.9
2022-09-05T00:00:00,7.6,5.9
2022-09-06T00:00:00,8.6,5.9
2022-09-07T00:00:00,4.7,6.0
2022-09-08T00:00:00,3.0,6.2
2022-09-09T00:00:00,3.0,6.2
2022-09-10T00:00:00,4.0,6.3
2022-09-11T00:00:00,3.2,6.4
2022-09-12T00:00:00,3.6,6.6
2022-09-13T00:00:00,5.2,6.8
2022-09-14T00:00:00,7.1,6.9
2022-09-15T00:00:00,6.5,6.9
2022-09-16T00:00:00,4.1,6.9
2022-09-17T00:00:00,3.2,6.9
2022-09-18T00:00:00,2.1,6.9
2022-09-19T00:00:00,7.3,7.0
2022-09-20T00:00:00,10.9,7.2
2022-09-21T00:00:00,10.0,7.4
2022-09-22T00:00:00,7.0,7.5
2022-09-23T00:00:00,11.6,7.5
2022-09-24T00:00:00,10.6,7.4
2022-09-25T00:00:00,8.7,7.3
2022-09-26T00:00:00,8.5,7.2
2022-09-27T00:00:00,9.9,7.2
2022-09-28T00:00:00,11.4,7.3
2022-09-29T00:00:00,7.7,7.3
2022-09-30T00:00:00,4.7,7.3
2022-10-01T00:00:00,6.8,7.3
2022-10-02T00:00:00,6.8,7.4
2022-10-03T00:00:00,5.2,7.6
2022-10-04T00:00:00,1.8,7.7
2022-10-05T00:00:00,9.3,7.8
2022-10-06T00:00:00,9.9,7.9
2022-10-07T00:00:00,13.1,7.9
2022-10-08T00:00:00,8.0,7.7
2022-10-09T00:00:00,14.4,7.7
2022-10-10T00:00:00,14.4,7.7
2022-10-11T00:00:00,10.8,7.8
2022-10-12T00:00:00,10.3,8.0
2022-10-13T00:00:00,9.9,8.1
2022-10-14T00:00:00,10.7,8.2
2022-10-15T00:00:00,10.4,8.4
2022-10-16T00:00:00,12.0,8.4
2022-10-17T00:00:00,16.5,8.2
2022-10-18T00:00:00,17.4,8.1
2022-10-19T00:00:00,12.0,7.9
2022-10-20T00:00:00,5.6,7.8
2022-10-21T00:00:00,6.0,7.8
2022-10-22T00:00:00,9.5,7.7
2022-10-23T00:00:00,10.7,7.7
2022-10-24T00:00:00,10.4,7.7
2022-10-25T00:00:00,6.8,7.6
2022-10-26T00:00:00,3.5,7.5
2022-10-27T00:00:00,10.4,7.6
2022-10-28T00:00:00,12.6,7.5
2022-10-29T00:00:00,11.9,7.3
2022-10-30T00:00:00,13.0,7.4
2022-10-31T00:00:00,13.7,7.5
2022-11-01T00:00:00,13.4,7.5
2022-11-02T00:00:00,10.9,7.3
2022-11-03T00:00:00,10.8,7.2
2022-11-04T00:00:00,13.2,7.0
2022-11-05T00:00:00,10.0,6.7
2022-11-06T00:00:00,3.2,6.8
2022-11-07T00:00:00,3.6,7.1
2022-11-08T00:00:00,3.9,7.4
2022-11-09T00:00:00,2.1,7.6
2022-11-10T00:00:00,3.9,7.8
2022-11-11T00:00:00,7.1,7.8
2022-11-12T00:00:00,4.0,7.6
2022-11-13T00:00:00,10.0,7.5
2022-11-14T00:00:00,10.7,7.5
2022-11-15T00:00:00,6.6,7.6
2022-11-16T00:00:00,5.4,7.8
2022-11-17T00:00:00,5.5,7.8
2022-11-18T00:00:00,4.7,7.8
2022-11-19T00:00:00,9.6,7.8
2022-11-20T00:00:00,4.2,7.7
2022-11-21T00:00:00,3.7,7.6
2022-11-22T00:00:00,8.2,7.6
2022-11-23T00:00:00,9.8,7.6
2022-11-24T00:00:00,7.4,7.6
2022-11-25T00:00:00,2.7,7.7
2022-11-26T00:00:00,3.9,7.8
2022-11-27T00:00:00,12.1,8.0
2022-11-28T00:00:00,11.6,8.1
2022-11-29T00:00:00,12.8,8.1
2022-11-30T00:00:00,18.0,8.1
2022-12-01T00:00:00,14.7,8.0
2022-12-02T00:00:00,9.7,7.8
2022-12-03T00:00:00,6.2,7.6
2022-12-04T00:00:00,12.4,7.6
2022-12-05T00:00:00,12.6,7.6
2022-12-06T00:00:00,9.2,7.7
2022-12-07T00:00:00,7.7,7.5
2022-12-08T00:00:00,7.3,7.4
2022-12-09T00:00:00,8.0,7.4
2022-12-10T00:00:00,9.6,7.4
2022-12-11T00:00:00,12.0,7.4
2022-12-12T00:00:00,10.6,7.7
2022-12-13T00:00:00,9.5,7.9
2022-12-14T00:00:00,10.1,7.9
2022-12-15T00:00:00,3.9,8.0
2022-12-16T00:00:00,12.9,8.0
2022-12-17T00:00:00,18.2,7.8
2022-12-18T00:00:00,10.2,7.7
2022-12-19T00:00:00,2.7,7.7
2022-12-20T00:00:00,3.7,7.6
2022-12-21T00:00:00,7.5,7.3
2022-12-22T00:00:00,5.7,7.2
2022-12-23T00:00:00,6.8,7.3
2022-12-24T00:00:00,7.2,7.3
2022-12-25T00:00:00,5.1,7.5
2022-12-26T00:00:00,8.5,7.6
2022-12-27T00:00:00,9.7,7.8
2022-12-28T00:00:00,12.9,7.8
2022-12-29T00:00:00,10.9,7.9
2022-12-30T00:00:00,9.6,7.8
2022-12-31T00:00:00,8.9,7.7
2021-01-01T00:00:00,6.9,7.6
2021-01-02T00:00:00,4.9,7.6
2021-01-03T00:00:00,8.0,7.6
2021-01-04T00:00:00,7.2,7.5
2021-01-05T00:00:00,11.8,7.6
2021-01-06T00:00:00,12.1,7.6
2021-01-07T00:00:00,16.8,7.5
2021-01-08T00:00:00,14.4,7.4
2021-01-09T00:00:00,10.5,7.6
2021-01-10T00:00:00,10.0,7.6
2021-01-11T00:00:00,11.0,7.6
2021-01-12T00:00:00,2.9,7.8
2021-01-13T00:00:00,1.3,7.9
2021-01-14T00:00:00,2.1,7.8
2021-01-15T00:00:00,2.0,7.7
2021-01-16T00:00:00,11.2,7.7
2021-01-17T00:00:00,14.6,7.6
2021-01-18T00:00:00,4.3,7.3
2021-01-19T00:00:00,3.9,7.4
2021-01-20T00:00:00,3.6,7.6
2021-01-21T00:00:00,3.0,7.8
2021-01-22T00:00:00,6.6,8.1
2021-01-23T00:00:00,7.2,8.2
2021-01-24T00:00:00,4.9,8.2
2021-01-25T00:00:00,6.4,8.1
2021-01-26T00:00:00,10.7,7.8
2021-01-27T00:00:00,7.1,7.8
2021-01-28T00:00:00,12.0,7.9
2021-01-29T00:00:00,5.6,7.9
2021-01-30T00:00:00,4.2,8.0
2021-01-31T00:00:00,4.2,8.0
2021-02-01T00:00:00,3.2,8.0
2021-02-02T00:00:00,7.7,7.8
2021-02-03T00:00:00,5.0,7.7
2021-02-04T00:00:00,4.6,7.6
2021-02-05T00:00:00,4.8,7.7
2021-02-06T00:00:00,4.2,7.7
2021-02-07T00:00:00,2.8,7.8
2021-02-08T00:00:00,12.2,7.8
2021-02-09T00:00:00,10.0,8.0
2021-02-10T00:00:00,7.7,7.8
2021-02-11T00:00:00,7.8,7.6
2021-02-12T00:00:00,5.1,7.5
2021-02-13T00:00:00,3.4,7.5
2021-02-14T00:00:00,1.5,7.4
2021-02-15T00:00:00,3.2,7.5
2021-02-16T00:00:00,7.8,7.8
2021-02-17T00:00:00,10.4,8.0
2021-02-18T00:00:00,7.6,8.1
2021-02-19T00:00:00,3.2,8.1
2021-02-20T00:00:00,2.2,8.0
2021-02-21T00:00:00,3.9,7.9
2021-02-22T00:00:00,2.8,7.9
2021-02-23T00:00:00,2.7,7.9
2021-02-24T00:00:00,7.2,8.0
2021-02-25T00:00:00,8.4,8.0
2021-02-26T00:00:00,13.5,7.8
2021-02-27T00:00:00,9.5,7.8
2021-02-28T00:00:00,4.3,7.7
2021-03-01T00:00:00,8.7,7.6
2021-03-02T00:00:00,12.8,7.6
2021-03-03T00:00:00,6.1,7.6
2021-03-04T00:00:00,2.9,7.6
2021-03-05T00:00:00,3.1,7.7
2021-03-06T00:00:00,10.8,7.6
2021-03-07T00:00:00,12.4,7.7
2021-03-08T00:00:00,7.0,7.6
2021-03-09T00:00:00,8.0,7.2
2021-03-10T00:00:00,6.7,7.1
2021-03-11T00:00:00,6.0,7.3
2021-03-12T00:00:00,6.5,7.3
2021-03-13T00:00:00,3.1,7.3
2021-03-14T00:00:00,4.9,7.3
2021-03-15T00:00:00,8.4,7.3
2021-03-16T00:00:00,5.7,7.2
2021-03-17T00:00:00,5.5,7.1
2021-03-18T00:00:00,7.5,7.3
2021-03-19T00:00:00,6.7,7.5
2021-03-20T00:00:00,13.1,7.7
2021-03-21T00:00:00,14.2,7.8
2021-03-22T00:00:00,10.7,8.0
2021-03-23T00:00:00,3.2,8.0
2021-03-24T00:00:00,2.0,7.7
2021-03-25T00:00:00,2.7,7.5
2021-03-26T00:00:00,5.4,7.2
2021-03-27T00:00:00,5.8,7.1
2021-03-28T00:00:00,3.2,6.9
2021-03-29T00:00:00,9.3,6.9
2021-03-30T00:00:00,9.1,7.1
2021-03-31T00:00:00,9.3,7.3
2021-04-01T00:00:00,7.7,7.4
2021-04-02T00:00:00,7.0,7.6
2021-04-03T00:00:00,11.3,7.5
2021-04-04T00:00:00,12.5,7.3
2021-04-05T00:00:00,6.8,7.2
2021-04-06T00:00:00,4.1,7.1
2021-04-07T00:00:00,5.9,6.9
2021-04-08T00:00:00,11.8,7.0
2021-04-09T00:00:00,8.5,7.2
2021-04-10T00:00:00,5.0,7.3
2021-04-11T00:00:00,4.4,7.4
2021-04-12T00:00:00,4.8,7.3
2021-04-13T00:00:00,5.6,7.2
2021-04-14T00:00:00,8.3,7.0
2021-04-15T00:00:00,5.9,6.9
2021-04-16T00:00:00,6.9,6.8
2021-04-17T00:00:00,9.0,6.9
2021-04-18T00:00:00,5.9,6.8
2021-04-19T00:00:00,5.5,6.9
2021-04-20T00:00:00,5.4,7.0
2021-04-21T00:00:00,5.3,7.0
2021-04-22T00:00:00,3.3,7.1
2021-04-23T00:00:00,4.8,7.1
2021-04-24T00:00:00,4.9,6.9
2021-04-25T00:00:00,12.7,6.7
2021-04-26T00:00:00,7.8,6.6
2021-04-27T00:00:00,6.9,6.4
2021-04-28T00:00:00,7.0,6.4
2021-04-29T00:00:00,3.4,6.4
2021-04-30T00:00:00,3.5,6.5
2021-05-01T00:00:00,3.2,6.6
2021-05-02T00:00:00,4.7,6.7
2021-05-03T00:00:00,9.7,6.7
2021-05-04T00:00:00,9.8,6.7
2021-05-05T00:00:00,7.2,6.5
2021-05-06T00:00:00,5.0,6.3
2021-05-07T00:00:00,2.7,6.3
2021-05-08T00:00:00,4.7,6.4
2021-05-09T00:00:00,3.2,6.5
2021-05-10T00:00:00,8.0,6.6
2021-05-11T00:00:00,7.2,6.6
2021-05-12T00:00:00,4.8,6.6
2021-05-13T00:00:00,6.7,6.5
2021-05-14T00:00:00,10.2,6.4
2021-05-15T00:00:00,10.1,6.3
2021-05-16T00:00:00,6.9,6.2
2021-05-17T00:00:00,10.6,6.1
2021-05-18T00:00:00,6.5,6.0
2021-05-19T00:00:00,4.6,6.0
2021-05-20T00:00:00,6.5,5.9
2021-05-21T00:00:00,3.0,5.8
2021-05-22T00:00:00,5.1,5.8
2021-05-23T00:00:00,6.1,5.8
2021-05-24T00:00:00,9.8,5.7
2021-05-25T00:00:00,4.0,5.7
2021-05-26T00:00:00,6.6,5.7
2021-05-27T00:00:00,4.5,5.6
2021-05-28T00:00:00,5.0,5.5
2021-05-29T00:00:00,4.1,5.5
2021-05-30T00:00:00,2.9,5.6
2021-05-31T00:00:00,2.3,5.6
2021-06-01T00:00:00,2.4,5.5
2021-06-02T00:00:00,3.9,5.6
2021-06-03T00:00:00,5.3,5.5
2021-06-04T00:00:00,7.5,5.4
2021-06-05T00:00:00,1.5,5.3
2021-06-06T00:00:00,1.5,5.4
2021-06-07T00:00:00,2.1,5.4
2021-06-08T00:00:00,2.0,5.4
2021-06-09T00:00:00,3.0,5.4
2021-06-10T00:00:00,2.3,5.5
2021-06-11T00:00:00,4.6,5.7
2021-06-12T00:00:00,4.6,5.6
2021-06-13T00:00:00,7.1,5.8
2021-06-14T00:00:00,9.2,5.9
2021-06-15T00:00:00,9.2,5.9
2021-06-16T00:00:00,7.3,5.8
2021-06-17T00:00:00,7.7,5.9
2021-06-18T00:00:00,7.9,5.8
2021-06-19T00:00:00,6.8,5.8
2021-06-20T00:00:00,3.3,5.8
2021-06-21T00:00:00,3.1,5.8
2021-06-22T00:00:00,3.1,5.9
2021-06-23T00:00:00,3.5,6.0
2021-06-24T00:00:00,3.1,6.0
2021-06-25T00:00:00,4.9,6.1
2021-06-26T00:00:00,7.1,6.2
2021-06-27T00:00:00,7.5,6.3
2021-06-28T00:00:00,4.1,6.5
2021-06-29T00:00:00,4.4,6.7
2021-06-30T00:00:00,7.6,6.8
2021-07-01T00:00:00,9.1,6.9
2021-07-02T00:00:00,8.9,7.0
2021-07-03T00:00:00,6.9,7.0
2021-07-04T00:00:00,4.3,7.1
2021-07-05T00:00:00,5.7,7.2
2021-07-06T00:00:00,4.1,7.1
2021-07-07T00:00:00,6.3,7.1
2021-07-08T00:00:00,6.8,7.0
2021-07-09T00:00:00,7.1,6.9
2021-07-10T00:00:00,7.5,6.8
2021-07-11T00:00:00,8.9,6.8
2021-07-12T00:00:00,10.7,6.8
2021-07-13T00:00:00,10.6,6.7
2021-07-14T00:00:00,9.0,6.7
2021-07-15T00:00:00,7.5,6.5
2021-07-16T00:00:00,5.7,6.5
2021-07-17T00:00:00,3.9,6.5
2021-07-18T00:00:00,3.1,6.4
2021-07-19T00:00:00,2.9,6.3
2021-07-20T00:00:00,3.8,6.3
2021-07-21T00:00:00,4.8,6.2
2021-07-22T00:00:00,4.0,6.2
2021-07-23T00:00:00,7.1,6.0
2021-07-24T00:00:00,9.2,5.9
2021-07-25T00:00:00,7.1,5.8
2021-07-26T00:00:00,3.7,5.7
2021-07-27T00:00:00,2.9,5.6
2021-07-28T00:00:00,3.4,5.5
2021-07-29T00:00:00,3.9,5.5
2021-07-30T00:00:00,4.0,5.4
2021-07-31T00:00:00,3.8,5.3
2021-08-01T00:00:00,3.9,5.3
2021-08-02T00:00:00,5.7,5.3
2021-08-03T00:00:00,7.7,5.2
2021-08-04T00:00:00,8.3,5.2
2021-08-05T00:00:00,5.9,5.1
2021-08-06T00:00:00,4.1,4.9
2021-08-07T00:00:00,3.0,4.9
2021-08-08T00:00:00,2.8,4.9
2021-08-09T00:00:00,4.5,4.9
2021-08-10T00:00:00,4.7,5.0
2021-08-11T00:00:00,4.7,5.1
2021-08-12T00:00:00,6.0,5.2
2021-08-13T00:00:00,6.1,5.2
2021-08-14T00:00:00,3.7,5.3
2021-08-15T00:00:00,3.6,5.3
2021-08-16T00:00:00,4.3,5.4
2021-08-17T00:00:00,4.5,5.4
2021-08-18T00:00:00,2.5,5.5
2021-08-19T00:00:00,3.8,5.5
2021-08-20T00:00:00,5.8,5.5
2021-08-21T00:00:00,7.6,5.5
2021-08-22T00:00:00,8.6,5.5
2021-08-23T00:00:00,8.3,5.5
2021-08-24T00:00:00,7.0,5.5
2021-08-25T00:00:00,4.3,5.4
2021-08-26T00:00:00,3.9,5.3
2021-08-27T00:00:00,1.9,5.4
2021-08-28T00:00:00,3.8,5.4
2021-08-29T00:00:00,3.4,5.5
2021-08-30T00:00:00,4.1,5.7
2021-08-31T00:00:00,3.2,5.8
2021-09-01T00:00:00,2.2,5.8
2021-09-02T00:00:00,2.8,5.8
2021-09-03T00:00:00,3.6,5.8
2021-09-04T00:00:00,5.0,5.9
2021-09-05T00:00:00,3.0,5.9
2021-09-06T00:00:00,4.0,5.9
2021-09-07T00:00:00,11.1,6.0
2021-09-08T00:00:00,5.7,6.2
2021-09-09T00:00:00,2.4,6.2
2021-09-10T00:00:00,3.9,6.3
2021-09-11T00:00:00,4.7,6.4
2021-09-12T00:00:00,8.0,6.6
2021-09-13T00:00:00,8.9,6.8
2021-09-14T00:00:00,7.3,6.9
2021-09-15T00:00:00,2.5,6.9
2021-09-16T00:00:00,3.5,6.9
2021-09-17T00:00:00,2.5,6.9
2021-09-18T00:00:00,4.2,6.9
2021-09-19T00:00:00,7.5,7.0
2021-09-20T00:00:00,2.8,7.2
2021-09-21T00:00:00,2.4,7.4
2021-09-22T00:00:00,2.9,7.5
2021-09-23T00:00:00,3.2,7.5
2021-09-24T00:00:00,5.1,7.4
2021-09-25T00:00:00,4.4,7.3
2021-09-26T00:00:00,3.2,7.2
2021-09-27T00:00:00,1.9,7.2
2021-09-28T00:00:00,4.0,7.3
2021-09-29T00:00:00,4.9,7.3
2021-09-30T00:00:00,3.8,7.3
2021-10-01T00:00:00,2.9,7.3
2021-10-02T00:00:00,5.7,7.4
2021-10-03T00:00:00,7.9,7.6
2021-10-04T00:00:00,5.4,7.7
2021-10-05T00:00:00,2.5,7.8
2021-10-06T00:00:00,8.6,7.9
2021-10-07T00:00:00,15.2,7.9
2021-10-08T00:00:00,16.1,7.7
2021-10-09T00:00:00,15.2,7.7
2021-10-10T00:00:00,16.8,7.7
2021-10-11T00:00:00,16.8,7.8
2021-10-12T00:00:00,15.8,8.0
2021-10-13T00:00:00,18.1,8.1
2021-10-14T00:00:00,14.2,8.2
2021-10-15T00:00:00,14.2,8.4
2021-10-16T00:00:00,14.9,8.4
2021-10-17T00:00:00,14.6,8.2
2021-10-18T00:00:00,6.2,8.1
2021-10-19T00:00:00,5.0,7.9
2021-10-20T00:00:00,8.9,7.8
2021-10-21T00:00:00,12.2,7.8
2021-10-22T00:00:00,11.6,7.7
2021-10-23T00:00:00,8.7,7.7
2021-10-24T00:00:00,8.8,7.7
2021-10-25T00:00:00,7.6,7.6
2021-10-26T00:00:00,6.4,7.5
2021-10-27T00:00:00,9.8,7.6
2021-10-28T00:00:00,8.5,7.5
2021-10-29T00:00:00,6.8,7.3
2021-10-30T00:00:00,7.3,7.4
2021-10-31T00:00:00,5.4,7.5
2021-11-01T00:00:00,5.9,7.5
2021-11-02T00:00:00,6.4,7.3
2021-11-03T00:00:00,4.4,7.2
2021-11-04T00:00:00,2.4,7.0
2021-11-05T00:00:00,8.7,6.7
2021-11-06T00:00:00,5.1,6.8
2021-11-07T00:00:00,13.6,7.1
2021-11-08T00:00:00,14.5,7.4
2021-11-09T00:00:00,9.2,7.6
2021-11-10T00:00:00,6.2,7.8
2021-11-11T00:00:00,6.6,7.8
2021-11-12T00:00:00,7.9,7.6
2021-11-13T00:00:00,6.8,7.5
2021-11-14T00:00:00,4.4,7.5
2021-11-15T00:00:00,2.5,7.6
2021-11-16T00:00:00,4.4,7.8
2021-11-17T00:00:00,6.6,7.8
2021-11-18T00:00:00,3.9,7.8
2021-11-19T00:00:00,3.0,7.8
2021-11-20T00:00:00,4.4,7.7
2021-11-21T00:00:00,11.5,7.6
2021-11-22T00:00:00,14.1,7.6
2021-11-23T00:00:00,8.7,7.6
2021-11-24T00:00:00,4.2,7.6
2021-11-25T00:00:00,3.9,7.7
2021-11-26T00:00:00,8.3,7.8
2021-11-27T00:00:00,9.1,8.0
2021-11-28T00:00:00,7.7,8.1
2021-11-29T00:00:00,7.9,8.1
2021-11-30T00:00:00,13.6,8.1
2021-12-01T00:00:00,10.9,8.0
2021-12-02T00:00:00,6.4,7.8
2021-12-03T00:00:00,6.4,7.6
2021-12-04T00:00:00,6.3,7.6
2021-12-05T00:00:00,5.2,7.6
2021-12-06T00:00:00,6.6,7.7
2021-12-07T00:00:00,7.5,7.5
2021-12-08T00:00:00,7.6,7.4
2021-12-09T00:00:00,6.3,7.4
2021-12-10T00:00:00,4.2,7.4
2021-12-11T00:00:00,5.5,7.4
2021-12-12T00:00:00,13.6,7.7
2021-12-13T00:00:00,9.1,7.9
2021-12-14T00:00:00,3.7,7.9
2021-12-15T00:00:00,3.6,8.0
2021-12-16T00:00:00,7.2,8.0
2021-12-17T00:00:00,15.1,7.8
2021-12-18T00:00:00,12.0,7.7
2021-12-19T00:00:00,6.6,7.7
2021-12-20T00:00:00,4.4,7.6
2021-12-21T00:00:00,5.9,7.3
2021-12-22T00:00:00,6.6,7.2
2021-12-23T00:00:00,3.9,7.3
2021-12-24T00:00:00,5.7,7.3
2021-12-25T00:00:00,14.7,7.5
2021-12-26T00:00:00,16.1,7.6
2021-12-27T00:00:00,12.0,7.8
2021-12-28T00:00:00,5.0,7.8
2021-12-29T00:00:00,6.8,7.9
2021-12-30T00:00:00,8.0,7.8
2021-12-31T00:00:00,6.4,7.7
2020-01-01T00:00:00,4.0,7.6
2020-01-02T00:00:00,3.4,7.6
2020-01-03T00:00:00,6.6,7.6
2020-01-04T00:00:00,6.9,7.5
2020-01-05T00:00:00,6.1,7.6
2020-01-06T00:00:00,9.3,7.6
2020-01-07T00:00:00,9.1,7.5
2020-01-08T00:00:00,8.5,7.4
2020-01-09T00:00:00,5.6,7.6
2020-01-10T00:00:00,9.9,7.6
2020-01-11T00:00:00,11.3,7.6
2020-01-12T00:00:00,8.1,7.8
2020-01-13T00:00:00,5.8,7.9
2020-01-14T00:00:00,10.7,7.8
2020-01-15T00:00:00,6.9,7.7
2020-01-16T00:00:00,11.7,7.7
2020-01-17T00:00:00,10.6,7.6
2020-01-18T00:00:00,7.3,7.3
2020-01-19T00:00:00,7.6,7.4
2020-01-20T00:00:00,4.6,7.6
2020-01-21T00:00:00,3.5,7.8
2020-01-22T00:00:00,8.1,8.1
2020-01-23T00:00:00,6.1,8.2
2020-01-24T00:00:00,12.4,8.2
2020-01-25T00:00:00,13.6,8.1
2020-01-26T00:00:00,12.0,7.8
2020-01-27T00:00:00,11.9,7.8
2020-01-28T00:00:00,9.9,7.9
2020-01-29T00:00:00,9.0,7.9
2020-01-30T00:00:00,7.7,8.0
2020-01-31T00:00:00,5.1,8.0
2020-02-01T00:00:00,3.5,8.0
2020-02-02T00:00:00,5.5,7.8
2020-02-03T00:00:00,10.6,7.7
2020-02-04T00:00:00,5.7,7.6
2020-02-05T00:00:00,4.8,7.7
2020-02-06T00:00:00,5.7,7.7
2020-02-07T00:00:00,11.6,7.8
2020-02-08T00:00:00,10.4,7.8
2020-02-09T00:00:00,8.5,8.0
2020-02-10T00:00:00,3.1,7.8
2020-02-11T00:00:00,3.8,7.6
2020-02-12T00:00:00,3.1,7.5
2020-02-13T00:00:00,4.4,7.5
2020-02-14T00:00:00,3.8,7.4
2020-02-15T00:00:00,14.1,7.5
2020-02-16T00:00:00,15.1,7.8
2020-02-17T00:00:00,12.2,8.0
2020-02-18T00:00:00,5.7,8.1
2020-02-19T00:00:00,3.3,8.1
2020-02-20T00:00:00,4.2,8.0
2020-02-21T00:00:00,5.7,7.9
2020-02-22T00:00:00,6.1,7.9
2020-02-23T00:00:00,5.7,7.9
2020-02-24T00:00:00,9.2,8.0
2020-02-25T00:00:00,5.5,8.0
2020-02-26T00:00:00,3.2,7.8
2020-02-27T00:00:00,5.9,7.9
2020-02-28T00:00:00,7.1,7.8
2020-02-29T00:00:00,6.8,7.7
2020-03-01T00:00:00,8.6,7.7
2020-03-02T00:00:00,8.2,7.6
2020-03-03T00:00:00,10.4,7.6
2020-03-04T00:00:00,11.0,7.6
2020-03-05T00:00:00,5.2,7.7
2020-03-06T00:00:00,3.6,7.6
2020-03-07T00:00:00,4.1,7.7
2020-03-08T00:00:00,6.1,7.6
2020-03-09T00:00:00,9.4,7.2
2020-03-10T00:00:00,13.4,7.1
2020-03-11T00:00:00,4.0,7.3
2020-03-12T00:00:00,3.9,7.3
2020-03-13T00:00:00,10.0,7.3
2020-03-14T00:00:00,11.6,7.3
2020-03-15T00:00:00,3.5,7.3
2020-03-16T00:00:00,3.5,7.2
2020-03-17T00:00:00,6.5,7.1
2020-03-18T00:00:00,2.6,7.3
2020-03-19T00:00:00,2.4,7.5
2020-03-20T00:00:00,4.2,7.7
2020-03-21T00:00:00,11.8,7.8
2020-03-22T00:00:00,7.1,8.0
2020-03-23T00:00:00,4.0,8.0
2020-03-24T00:00:00,4.8,7.7
2020-03-25T00:00:00,8.5,7.5
2020-03-26T00:00:00,8.1,7.2
2020-03-27T00:00:00,8.2,7.1
2020-03-28T00:00:00,15.2,6.9
2020-03-29T00:00:00,9.1,6.9
2020-03-30T00:00:00,9.4,7.1
2020-03-31T00:00:00,6.7,7.3
2020-04-01T00:00:00,6.0,7.4
2020-04-02T00:00:00,7.3,7.6
2020-04-03T00:00:00,9.9,7.5
2020-04-04T00:00:00,9.5,7.3
2020-04-05T00:00:00,7.1,7.2
2020-04-06T00:00:00,5.4,7.1
2020-04-07T00:00:00,6.1,6.9
2020-04-08T00:00:00,3.9,7.0
2020-04-09T00:00:00,2.5,7.2
2020-04-10T00:00:00,6.3,7.3
2020-04-11T00:00:00,11.8,7.4
2020-04-12T00:00:00,12.5,7.3
2020-04-13T00:00:00,4.6,7.2
2020-04-14T00:00:00,4.0,7.0
2020-04-15T00:00:00,5.4,6.9
2020-04-16T00:00:00,8.1,6.8
2020-04-17T00:00:00,6.6,6.9
2020-04-18T00:00:00,8.6,6.8
2020-04-19T00:00:00,7.3,6.9
2020-04-20T00:00:00,5.0,7.0
2020-04-21T00:00:00,11.6,7.0
2020-04-22T00:00:00,10.8,7.1
2020-04-23T00:00:00,9.7,7.1
2020-04-24T00:00:00,7.7,6.9
2020-04-25T00:00:00,2.7,6.7
2020-04-26T00:00:00,4.0,6.6
2020-04-27T00:00:00,3.2,6.4
2020-04-28T00:00:00,2.9,6.4
2020-04-29T00:00:00,5.3,6.4
2020-04-30T00:00:00,6.3,6.5
2020-05-01T00:00:00,5.5,6.6
2020-05-02T00:00:00,5.7,6.7
2020-05-03T00:00:00,6.4,6.7
2020-05-04T00:00:00,7.7,6.7
2020-05-05T00:00:00,9.1,6.5
2020-05-06T00:00:00,8.1,6.3
2020-05-07T00:00:00,11.2,6.3
2020-05-08T00:00:00,10.2,6.4
2020-05-09T00:00:00,9.3,6.5
2020-05-10T00:00:00,7.7,6.6
2020-05-11T00:00:00,7.0,6.6
2020-05-12T00:00:00,7.8,6.6
2020-05-13T00:00:00,5.9,6.5
2020-05-14T00:00:00,9.6,6.4
2020-05-15T00:00:00,5.3,6.3
2020-05-16T00:00:00,3.7,6.2
2020-05-17T00:00:00,2.5,6.1
2020-05-18T00:00:00,2.4,6.0
2020-05-19T00:00:00,3.9,6.0
2020-05-20T00:00:00,4.6,5.9
2020-05-21T00:00:00,5.4,5.8
2020-05-22T00:00:00,6.9,5.8
2020-05-23T00:00:00,3.8,5.8
2020-05-24T00:00:00,2.6,5.7
2020-05-25T00:00:00,5.4,5.7
2020-05-26T00:00:00,6.8,5.7
2020-05-27T00:00:00,5.8,5.6
2020-05-28T00:00:00,3.2,5.5
2020-05-29T00:00:00,5.3,5.5
2020-05-30T00:00:00,3.6,5.6
2020-05-31T00:00:00,3.3,5.6
2020-06-01T00:00:00,3.5,5.5
2020-06-02T00:00:00,4.5,5.6
2020-06-03T00:00:00,1.9,5.5
2020-06-04T00:00:00,4.3,5.4
2020-06-05T00:00:00,4.5,5.3
2020-06-06T00:00:00,3.7,5.4
2020-06-07T00:00:00,3.9,5.4
2020-06-08T00:00:00,2.3,5.4
2020-06-09T00:00:00,3.3,5.4
2020-06-10T00:00:00,3.6,5.5
2020-06-11T00:00:00,6.9,5.7
2020-06-12T00:00:00,7.5,5.6
2020-06-13T00:00:00,4.8,5.8
2020-06-14T00:00:00,3.9,5.9
2020-06-15T00:00:00,8.6,5.9
2020-06-16T00:00:00,10.4,5.8
2020-06-17T00:00:00,11.4,5.9
2020-06-18T00:00:00,8.6,5.8
2020-06-19T00:00:00,7.6,5.8
2020-06-20T00:00:00,8.4,5.8
2020-06-21T00:00:00,9.4,5.8
2020-06-22T00:00:00,7.5,5.9
2020-06-23T00:00:00,4.8,6.0
2020-06-24T00:00:00,4.9,6.0
2020-06-25T00:00:00,5.8,6.1
2020-06-26T00:00:00,7.5,6.2
2020-06-27T00:00:00,10.9,6.3
2020-06-28T00:00:00,10.8,6.5
2020-06-29T00:00:00,9.0,6.7
2020-06-30T00:00:00,6.1,6.8
2020-07-01T00:00:00,2.5,6.9
2020-07-02T00:00:00,5.0,7.0
2020-07-03T00:00:00,4.0,7.0
2020-07-04T00:00:00,5.2,7.1
2020-07-05T00:00:00,9.1,7.2
2020-07-06T00:00:00,11.0,7.1
2020-07-07T00:00:00,9.4,7.1
2020-07-08T00:00:00,8.9,7.0
2020-07-09T00:00:00,6.0,6.9
2020-07-10T00:00:00,7.2,6.8
2020-07-11T00:00:00,11.1,6.8
2020-07-12T00:00:00,9.9,6.8
2020-07-13T00:00:00,6.0,6.7
2020-07-14T00:00:00,5.3,6.7
2020-07-15T00:00:00,7.1,6.5
2020-07-16T00:00:00,8.3,6.5
2020-07-17T00:00:00,10.7,6.5
2020-07-18T00:00:00,10.9,6.4
2020-07-19T00:00:00,7.1,6.3
2020-07-20T00:00:00,3.6,6.3
2020-07-21T00:00:00,6.6,6.2
2020-07-22T00:00:00,9.1,6.2
2020-07-23T00:00:00,7.4,6.0
2020-07-24T00:00:00,5.9,5.9
2020-07-25T00:00:00,4.8,5.8
2020-07-26T00:00:00,6.4,5.7
2020-07-27T00:00:00,5.1,5.6
2020-07-28T00:00:00,2.1,5.5
2020-07-29T00:00:00,2.1,5.5
2020-07-30T00:00:00,2.0,5.4
2020-07-31T00:00:00,2.5,5.3
2020-08-01T00:00:00,6.8,5.3
2020-08-02T00:00:00,3.9,5.3
2020-08-03T00:00:00,3.3,5.2
2020-08-04T00:00:00,3.1,5.2
2020-08-05T00:00:00,5.2,5.1
2020-08-06T00:00:00,6.4,4.9
2020-08-07T00:00:00,6.1,4.9
2020-08-08T00:00:00,7.9,4.9
2020-08-09T00:00:00,8.5,4.9
2020-08-10T00:00:00,7.4,5.0
2020-08-11T00:00:00,5.3,5.1
2020-08-12T00:00:00,8.5,5.2
2020-08-13T00:00:00,8.5,5.2
2020-08-14T00:00:00,7.3,5.3
2020-08-15T00:00:00,7.1,5.3
2020-08-16T00:00:00,5.5,5.4
2020-08-17T00:00:00,4.2,5.4
2020-08-18T00:00:00,2.6,5.5
2020-08-19T00:00:00,6.3,5.5
2020-08-20T00:00:00,6.4,5.5
2020-08-21T00:00:00,2.4,5.5
2020-08-22T00:00:00,1.9,5.5
2020-08-23T00:00:00,5.4,5.5
2020-08-24T00:00:00,6.4,5.5
2020-08-25T00:00:00,3.3,5.4
2020-08-26T00:00:00,4.1,5.3
2020-08-27T00:00:00,2.4,5.4
2020-08-28T00:00:00,1.0,5.4
2020-08-29T00:00:00,2.4,5.5
2020-08-30T00:00:00,4.0,5.7
2020-08-31T00:00:00,5.9,5.8
2020-09-01T00:00:00,6.1,5.8
2020-09-02T00:00:00,6.1,5.8
2020-09-03T00:00:00,6.5,5.8
2020-09-04T00:00:00,4.4,5.9
2020-09-05T00:00:00,2.7,5.9
2020-09-06T00:00:00,3.3,5.9
2020-09-07T00:00:00,3.3,6.0
2020-09-08T00:00:00,3.0,6.2
2020-09-09T00:00:00,3.8,6.2
2020-09-10T00:00:00,4.0,6.3
2020-09-11T00:00:00,6.6,6.4
2020-09-12T00:00:00,8.0,6.6
2020-09-13T00:00:00,8.6,6.8
2020-09-14T00:00:00,4.8,6.9
2020-09-15T00:00:00,3.4,6.9
2020-09-16T00:00:00,3.4,6.9
2020-09-17T00:00:00,9.4,6.9
2020-09-18T00:00:00,13.6,6.9
2020-09-19T00:00:00,8.7,7.0
2020-09-20T00:00:00,5.6,7.2
2020-09-21T00:00:00,3.7,7.4
2020-09-22T00:00:00,3.7,7.5
2020-09-23T00:00:00,10.2,7.5
2020-09-24T00:00:00,6.9,7.4
2020-09-25T00:00:00,5.8,7.3
2020-09-26T00:00:00,9.9,7.2
2020-09-27T00:00:00,7.7,7.2
2020-09-28T00:00:00,4.3,7.3
2020-09-29T00:00:00,4.5,7.3
2020-09-30T00:00:00,8.8,7.3
2020-10-01T00:00:00,3.9,7.3
2020-10-02T00:00:00,4.5,7.4
2020-10-03T00:00:00,4.5,7.6
2020-10-04T00:00:00,8.4,7.7
2020-10-05T00:00:00,14.4,7.8
2020-10-06T00:00:00,12.3,7.9
2020-10-07T00:00:00,11.6,7.9
2020-10-08T00:00:00,11.4,7.7
2020-10-09T00:00:00,10.0,7.7
2020-10-10T00:00:00,8.0,7.7
2020-10-11T00:00:00,7.8,7.8
2020-10-12T00:00:00,11.3,8.0
2020-10-13T00:00:00,12.5,8.1
2020-10-14T00:00:00,12.9,8.2
2020-10-15T00:00:00,12.3,8.4
2020-10-16T00:00:00,13.0,8.4
2020-10-17T00:00:00,13.5,8.2
2020-10-18T00:00:00,10.9,8.1
2020-10-19T00:00:00,10.4,7.9
2020-10-20T00:00:00,10.7,7.8
2020-10-21T00:00:00,9.9,7.8
2020-10-22T00:00:00,10.2,7.7
2020-10-23T00:00:00,11.3,7.7
2020-10-24T00:00:00,9.2,7.7
2020-10-25T00:00:00,5.3,7.6
2020-10-26T00:00:00,7.2,7.5
2020-10-27T00:00:00,8.7,7.6
2020-10-28T00:00:00,12.7,7.5
2020-10-29T00:00:00,9.4,7.3
2020-10-30T00:00:00,7.2,7.4
2020-10-31T00:00:00,4.8,7.5
2020-11-01T00:00:00,7.5,7.5
2020-11-02T00:00:00,11.8,7.3
2020-11-03T00:00:00,10.3,7.2
2020-11-04T00:00:00,7.8,7.0
2020-11-05T00:00:00,4.5,6.7
2020-11-06T00:00:00,7.8,6.8
2020-11-07T00:00:00,9.4,7.1
2020-11-08T00:00:00,11.0,7.4
2020-11-09T00:00:00,10.7,7.6
2020-11-10T00:00:00,9.3,7.8
2020-11-11T00:00:00,8.2,7.8
2020-11-12T00:00:00,7.9,7.6
2020-11-13T00:00:00,10.2,7.5
2020-11-14T00:00:00,8.7,7.5
2020-11-15T00:00:00,3.6,7.6
2020-11-16T00:00:00,2.3,7.8
2020-11-17T00:00:00,7.7,7.8
2020-11-18T00:00:00,10.8,7.8
2020-11-19T00:00:00,5.9,7.8
2020-11-20T00:00:00,6.6,7.7
2020-11-21T00:00:00,5.2,7.6
2020-11-22T00:00:00,13.6,7.6
2020-11-23T00:00:00,11.7,7.6
2020-11-24T00:00:00,8.2,7.6
2020-11-25T00:00:00,7.1,7.7
2020-11-26T00:00:00,11.6,7.8
2020-11-27T00:00:00,13.1,8.0
2020-11-28T00:00:00,12.6,8.1
2020-11-29T00:00:00,10.9,8.1
2020-11-30T00:00:00,12.5,8.1
2020-12-01T00:00:00,10.7,8.0
2020-12-02T00:00:00,12.7,7.8
2020-12-03T00:00:00,14.5,7.6
2020-12-04T00:00:00,13.7,7.6
2020-12-05T00:00:00,9.6,7.6
2020-12-06T00:00:00,6.2,7.7
2020-12-07T00:00:00,11.6,7.5
2020-12-08T00:00:00,9.8,7.4
2020-12-09T00:00:00,6.8,7.4
2020-12-10T00:00:00,8.6,7.4
2020-12-11T00:00:00,7.2,7.4
2020-12-12T00:00:00,7.4,7.7
2020-12-13T00:00:00,10.0,7.9
2020-12-14T00:00:00,16.1,7.9
2020-12-15T00:00:00,12.4,8.0
2020-12-16T00:00:00,11.3,8.0
2020-12-17T00:00:00,8.9,7.8
2020-12-18T00:00:00,11.0,7.7
2020-12-19T00:00:00,13.9,7.7
2020-12-20T00:00:00,12.3,7.6
2020-12-21T00:00:00,9.8,7.3
2020-12-22T00:00:00,4.5,7.2
2020-12-23T00:00:00,4.6,7.3
2020-12-24T00:00:00,9.4,7.3
2020-12-25T00:00:00,6.0,7.5
2020-12-26T00:00:00,4.5,7.6
2020-12-27T00:00:00,3.5,7.8
2020-12-28T00:00:00,4.4,7.8
2020-12-29T00:00:00,11.6,7.9
2020-12-30T00:00:00,18.5,7.8
2020-12-31T00:00:00,13.2,7.7
2024-01-01T00:00:00,9.3,7.6
2024-01-02T00:00:00,10.7,7.6
2024-01-03T00:00:00,12.9,7.6
2024-01-04T00:00:00,2.8,7.5
2024-01-05T00:00:00,2.3,7.6
2024-01-06T00:00:00,4.0,7.6
2024-01-07T00:00:00,4.0,7.5
2024-01-08T00:00:00,5.0,7.4
2024-01-09T00:00:00,3.5,7.6
2024-01-10T00:00:00,10.3,7.6
2024-01-11T00:00:00,3.5,7.6
2024-01-12T00:00:00,3.1,7.8
2024-01-13T00:00:00,2.4,7.9
2024-01-14T00:00:00,2.3,7.8
2024-01-15T00:00:00,4.7,7.7
2024-01-16T00:00:00,3.3,7.7
2024-01-17T00:00:00,3.6,7.6
2024-01-18T00:00:00,3.7,7.3
2024-01-19T00:00:00,7.7,7.4
2024-01-20T00:00:00,13.6,7.6
2024-01-21T00:00:00,13.7,7.8
2024-01-22T00:00:00,17.9,8.1
2024-01-23T00:00:00,18.1,8.2
2024-01-24T00:00:00,9.4,8.2
2024-01-25T00:00:00,6.4,8.1
2024-01-26T00:00:00,5.5,7.8
2024-01-27T00:00:00,5.9,7.8
2024-01-28T00:00:00,5.9,7.9
2024-01-29T00:00:00,2.3,7.9
2024-01-30T00:00:00,1.0,8.0
2024-01-31T00:00:00,2.1,8.0
2024-02-01T00:00:00,5.1,8.0
2024-02-02T00:00:00,6.6,7.8
2024-02-03T00:00:00,6.8,7.7
2024-02-04T00:00:00,7.5,7.6
2024-02-05T00:00:00,8.2,7.7
2024-02-06T00:00:00,8.1,7.7
2024-02-07T00:00:00,11.2,7.8
2024-02-08T00:00:00,11.7,7.8
2024-02-09T00:00:00,8.9,8.0
2024-02-10T00:00:00,2.8,7.8
2024-02-11T00:00:00,1.5,7.6
2024-02-12T00:00:00,3.2,7.5
2024-02-13T00:00:00,2.6,7.5
2024-02-14T00:00:00,2.9,7.4
2024-02-15T00:00:00,11.3,7.5
2024-02-16T00:00:00,6.6,7.8
2024-02-17T00:00:00,6.6,8.0
2024-02-18T00:00:00,7.8,8.1
2024-02-19T00:00:00,5.7,8.1
2024-02-20T00:00:00,6.2,8.0
2024-02-21T00:00:00,9.5,7.9
2024-02-22T00:00:00,13.9,7.9
2024-02-23T00:00:00,11.6,7.9
2024-02-24T00:00:00,8.8,8.0
2024-02-25T00:00:00,8.6,8.0
2024-02-26T00:00:00,8.9,7.8
2024-02-27T00:00:00,7.0,7.9
2024-02-28T00:00:00,4.2,7.8
2024-02-29T00:00:00,11.4,7.7
2024-03-01T00:00:00,14.1,7.7
2024-03-02T00:00:00,6.0,7.6
2024-03-03T00:00:00,2.2,7.6
2024-03-04T00:00:00,1.8,7.6
2024-03-05T00:00:00,7.8,7.7
2024-03-06T00:00:00,16.6,7.6
2024-03-07T00:00:00,11.9,7.7
2024-03-08T00:00:00,8.9,7.6
2024-03-09T00:00:00,5.8,7.2
2024-03-10T00:00:00,3.9,7.1
2024-03-11T00:00:00,4.4,7.3
2024-03-12T00:00:00,4.4,7.3
2024-03-13T00:00:00,4.3,7.3
2024-03-14T00:00:00,3.0,7.3
2024-03-15T00:00:00,3.5,7.3
2024-03-16T00:00:00,3.0,7.2
2024-03-17T00:00:00,3.4,7.1
2024-03-18T00:00:00,9.4,7.3
2024-03-19T00:00:00,14.4,7.5
2024-03-20T00:00:00,6.2,7.7
2024-03-21T00:00:00,3.6,7.8
2024-03-22T00:00:00,1.6,8.0
2024-03-23T00:00:00,7.2,8.0
2024-03-24T00:00:00,6.9,7.7
2024-03-25T00:00:00,9.8,7.5
2024-03-26T00:00:00,9.4,7.2
2024-03-27T00:00:00,3.6,7.1
2024-03-28T00:00:00,7.9,6.9
2024-03-29T00:00:00,4.9,6.9
2024-03-30T00:00:00,7.9,7.1
2024-03-31T00:00:00,5.4,7.3
2024-04-01T00:00:00,7.1,7.4
2024-04-02T00:00:00,10.8,7.6
2024-04-03T00:00:00,9.5,7.5
2024-04-04T00:00:00,9.6,7.3
2024-04-05T00:00:00,8.6,7.2
2024-04-06T00:00:00,7.0,7.1
2024-04-07T00:00:00,4.9,6.9
2024-04-08T00:00:00,6.6,7.0
2024-04-09T00:00:00,6.4,7.2
2024-04-10T00:00:00,3.9,7.3
2024-04-11T00:00:00,3.4,7.4
2024-04-12T00:00:00,5.1,7.3
2024-04-13T00:00:00,7.7,7.2
2024-04-14T00:00:00,7.6,7.0
2024-04-15T00:00:00,5.2,6.9
2024-04-16T00:00:00,7.9,6.8
2024-04-17T00:00:00,4.8,6.9
2024-04-18T00:00:00,5.3,6.8
2024-04-19T00:00:00,5.7,6.9
2024-04-20T00:00:00,5.2,7.0
2024-04-21T00:00:00,6.8,7.0
2024-04-22T00:00:00,3.6,7.1
2024-04-23T00:00:00,7.0,7.1
2024-04-24T00:00:00,5.1,6.9
2024-04-25T00:00:00,5.3,6.7
2024-04-26T00:00:00,3.1,6.6
2024-04-27T00:00:00,4.9,6.4
2024-04-28T00:00:00,5.5,6.4
2024-04-29T00:00:00,7.8,6.4
2024-04-30T00:00:00,9.9,6.5
2024-05-01T00:00:00,12.2,6.6
2024-05-02T00:00:00,5.4,6.7
2024-05-03T00:00:00,3.9,6.7
2024-05-04T00:00:00,3.6,6.7
2024-05-05T00:00:00,5.2,6.5
2024-05-06T00:00:00,3.5,6.3
2024-05-07T00:00:00,4.4,6.3
2024-05-08T00:00:00,6.9,6.4
2024-05-09T00:00:00,4.4,6.5
2024-05-10T00:00:00,3.9,6.6
2024-05-11T00:00:00,5.8,6.6
2024-05-12T00:00:00,7.0,6.6
2024-05-13T00:00:00,7.4,6.5
2024-05-14T00:00:00,2.5,6.4
2024-05-15T00:00:00,4.1,6.3
2024-05-16T00:00:00,4.4,6.2
2024-05-17T00:00:00,3.7,6.1
2024-05-18T00:00:00,5.0,6.0
2024-05-19T00:00:00,4.1,6.0
2024-05-20T00:00:00,5.2,5.9
2024-05-21T00:00:00,8.2,5.8
2024-05-22T00:00:00,5.4,5.8
2024-05-23T00:00:00,4.6,5.8
2024-05-24T00:00:00,4.8,5.7
2024-05-25T00:00:00,6.4,5.7
2024-05-26T00:00:00,8.5,5.7
2024-05-27T00:00:00,7.2,5.6
2024-05-28T00:00:00,10.9,5.5
2024-05-29T00:00:00,7.0,5.5
2024-05-30T00:00:00,7.2,5.6
2024-05-31T00:00:00,9.8,5.6
2024-06-01T00:00:00,9.9,5.5
2024-06-02T00:00:00,5.8,5.6
2024-06-03T00:00:00,8.1,5.5
2024-06-04T00:00:00,5.5,5.4
2024-06-05T00:00:00,7.0,5.3
2024-06-06T00:00:00,6.2,5.4
2024-06-07T00:00:00,4.2,5.4
2024-06-08T00:00:00,6.1,5.4
2024-06-09T00:00:00,3.3,5.4
2024-06-10T00:00:00,5.5,5.5
2024-06-11T00:00:00,7.5,5.7
2024-06-12T00:00:00,7.1,5.6
2024-06-13T00:00:00,6.4,5.8
2024-06-14T00:00:00,5.3,5.9
2024-06-15T00:00:00,5.1,5.9
2024-06-16T00:00:00,5.4,5.8
2024-06-17T00:00:00,6.1,5.9
2024-06-18T00:00:00,6.0,5.8
2024-06-19T00:00:00,4.1,5.8
2024-06-20T00:00:00,4.6,5.8
2024-06-21T00:00:00,8.5,5.8
2024-06-22T00:00:00,8.3,5.9
2024-06-23T00:00:00,4.9,6.0
2024-06-24T00:00:00,5.9,6.0
2024-06-25T00:00:00,6.2,6.1
2024-06-26T00:00:00,5.3,6.2
2024-06-27T00:00:00,4.4,6.3
2024-06-28T00:00:00,9.2,6.5
2024-06-29T00:00:00,9.8,6.7
2024-06-30T00:00:00,9.3,6.8
2024-07-01T00:00:00,8.2,6.9
2024-07-02T00:00:00,6.8,7.0
2024-07-03T00:00:00,5.6,7.0
2024-07-04T00:00:00,7.1,7.1
2024-07-05T00:00:00,8.4,7.2
2024-07-06T00:00:00,8.0,7.1
2024-07-07T00:00:00,9.5,7.1
2024-07-08T00:00:00,11.2,7.0
2024-07-09T00:00:00,9.9,6.9
2024-07-10T00:00:00,8.3,6.8
2024-07-11T00:00:00,7.7,6.8
2024-07-12T00:00:00,7.9,6.8
2024-07-13T00:00:00,7.5,6.7
2024-07-14T00:00:00,6.9,6.7
2024-07-15T00:00:00,6.8,6.5
2024-07-16T00:00:00,6.8,6.5
2024-07-17T00:00:00,10.7,6.5
2024-07-18T00:00:00,9.1,6.4
2024-07-19T00:00:00,7.5,6.3
2024-07-20T00:00:00,7.0,6.3
2024-07-21T00:00:00,7.2,6.2
2024-07-22T00:00:00,9.2,6.2
2024-07-23T00:00:00,7.8,6.0
2024-07-24T00:00:00,4.6,5.9
2024-07-25T00:00:00,5.8,5.8
2024-07-26T00:00:00,4.8,5.7
2024-07-27T00:00:00,5.8,5.6
2024-07-28T00:00:00,4.8,5.5
2024-07-29T00:00:00,5.4,5.5
2024-07-30T00:00:00,5.8,5.4
2024-07-31T00:00:00,5.9,5.3
2024-08-01T00:00:00,5.8,5.3
2024-08-02T00:00:00,5.2,5.3
2024-08-03T00:00:00,5.9,5.2
2024-08-04T00:00:00,6.8,5.2
2024-08-05T00:00:00,7.3,5.1
2024-08-06T00:00:00,6.0,4.9
2024-08-07T00:00:00,8.1,4.9
2024-08-08T00:00:00,10.0,4.9
2024-08-09T00:00:00,10.1,4.9
2024-08-10T00:00:00,6.7,5.0
2024-08-11T00:00:00,4.5,5.1
2024-08-12T00:00:00,4.6,5.2
2024-08-13T00:00:00,4.1,5.2
2024-08-14T00:00:00,3.6,5.3
2024-08-15T00:00:00,4.6,5.3
2024-08-16T00:00:00,5.9,5.4
2024-08-17T00:00:00,7.6,5.4
2024-08-18T00:00:00,4.3,5.5
2024-08-19T00:00:00,4.5,5.5
2024-08-20T00:00:00,4.8,5.5
2024-08-21T00:00:00,6.2,5.5
2024-08-22T00:00:00,8.4,5.5
2024-08-23T00:00:00,7.1,5.5
2024-08-24T00:00:00,6.1,5.5
2024-08-25T00:00:00,5.7,5.4
2024-08-26T00:00:00,5.9,5.3
2024-08-27T00:00:00,6.7,5.4
2024-08-28T00:00:00,8.1,5.4
2024-08-29T00:00:00,7.2,5.5
2024-08-30T00:00:00,4.9,5.7
2024-08-31T00:00:00,4.2,5.8
2024-09-01T00:00:00,3.8,5.8
2024-09-02T00:00:00,4.5,5.8
2024-09-03T00:00:00,4.9,5.8
2024-09-04T00:00:00,4.5,5.9
2024-09-05T00:00:00,9.5,5.9
2024-09-06T00:00:00,13.8,5.9
2024-09-07T00:00:00,10.9,6.0
2024-09-08T00:00:00,4.8,6.2
2024-09-09T00:00:00,5.3,6.2
2024-09-10T00:00:00,5.7,6.3
2024-09-11T00:00:00,5.5,6.4
2024-09-12T00:00:00,9.3,6.6
2024-09-13T00:00:00,6.4,6.8
2024-09-14T00:00:00,7.4,6.9
2024-09-15T00:00:00,8.1,6.9
2024-09-16T00:00:00,11.7,6.9
2024-09-17T00:00:00,11.8,6.9
2024-09-18T00:00:00,9.6,6.9
2024-09-19T00:00:00,10.1,7.0
2024-09-20T00:00:00,9.6,7.2
2024-09-21T00:00:00,14.3,7.4
2024-09-22T00:00:00,18.4,7.5
2024-09-23T00:00:00,15.2,7.5
2024-09-24T00:00:00,9.0,7.4
2024-09-25T00:00:00,4.6,7.3
2024-09-26T00:00:00,3.3,7.2
2024-09-27T00:00:00,3.4,7.2
2024-09-28T00:00:00,4.7,7.3
2024-09-29T00:00:00,4.4,7.3
2024-09-30T00:00:00,6.7,7.3
2024-10-01T00:00:00,18.7,7.3
2024-10-02T00:00:00,12.7,7.4
2024-10-03T00:00:00,12.2,7.6
2024-10-04T00:00:00,9.0,7.7
2024-10-05T00:00:00,8.1,7.8
2024-10-06T00:00:00,9.3,7.9
2024-10-07T00:00:00,12.5,7.9
2024-10-08T00:00:00,9.9,7.7
2024-10-09T00:00:00,7.3,7.7
2024-10-10T00:00:00,8.2,7.7
2024-10-11T00:00:00,5.4,7.8
2024-10-12T00:00:00,3.9,8.0
2024-10-13T00:00:00,3.1,8.1
2024-10-14T00:00:00,5.7,8.2
2024-10-15T00:00:00,4.4,8.4
2024-10-16T00:00:00,4.9,8.4
2024-10-17T00:00:00,4.1,8.2
2024-10-18T00:00:00,3.7,8.1
2024-10-19T00:00:00,11.6,7.9
2024-10-20T00:00:00,9.0,7.8
2024-10-21T00:00:00,4.0,7.8
2024-10-22T00:00:00,11.4,7.7
2024-10-23T00:00:00,13.1,7.7
2024-10-24T00:00:00,9.7,7.7
2024-10-25T00:00:00,14.2,7.6
2024-10-26T00:00:00,16.1,7.5
2024-10-27T00:00:00,14.2,7.6
2024-10-28T00:00:00,12.3,7.5
2024-10-29T00:00:00,10.4,7.3
2024-10-30T00:00:00,9.9,7.4
2024-10-31T00:00:00,12.8,7.5
2024-11-01T00:00:00,14.5,7.5
