date,height_temperature,low_temperature,height_history_temperature,low_history_temperature,humidity,humidity_history,precipitation,wind_velocity,wind_velocity_history
2020-01-01,15.6,8.9,13.1,6.4,74.14,69.69,0.0,4.0,7.6
2020-01-02,14.4,9.8,13.1,6.3,85.85,70.35,0.0,3.4,7.6
2020-01-03,12.6,13.6,13.0,6.2,88.65,70.98,0.0,6.6,7.6
2020-01-04,16.7,11.8,12.9,6.3,82.15,71.66,0.0,6.9,7.5
2020-01-05,22.7,9.5,12.8,6.2,75.58,71.99,0.38,6.1,7.6
2020-01-06,25.4,10.6,12.7,6.2,76.9,71.82,1.07,9.3,7.6
2020-01-07,22.9,13.2,12.6,6.2,71.44,71.7,0.41,9.1,7.5
2020-01-08,26.2,12.2,12.6,6.2,67.77,71.61,0.0,8.5,7.4
2020-01-09,17.5,11.7,12.7,6.2,82.05,71.63,0.0,5.6,7.6
2020-01-10,14.3,7.8,12.7,6.2,90.64,71.58,0.38,9.9,7.6
2020-01-11,8.1,6.0,12.7,6.1,84.44,71.79,0.0,11.3,7.6
2020-01-12,14.0,3.4,12.6,6.0,66.03,71.98,0.0,8.1,7.8
2020-01-13,15.7,3.4,12.3,5.9,73.12,71.99,0.0,5.8,7.9
2020-01-14,12.0,6.3,12.1,5.7,85.73,71.57,0.0,10.7,7.8
2020-01-15,11.3,6.7,11.9,5.6,91.79,71.71,0.0,6.9,7.7
2020-01-16,9.2,5.3,11.8,5.6,88.68,71.94,0.52,11.7,7.7
2020-01-17,8.5,5.0,11.8,5.6,73.83,72.17,0.38,10.6,7.6
2020-01-18,9.1,5.1,12.0,5.7,81.25,72.71,0.0,7.3,7.3
2020-01-19,14.7,6.1,12.1,5.8,73.42,73.49,0.38,7.6,7.4
2020-01-20,14.4,6.8,12.1,5.9,71.3,74.09,0.0,4.6,7.6
2020-01-21,16.7,8.4,12.1,5.9,89.25,74.16,0.38,3.5,7.8
2020-01-22,19.7,8.7,12.0,5.9,86.69,74.06,0.79,8.1,8.1
2020-01-23,16.9,11.4,11.7,5.8,90.64,73.85,0.38,6.1,8.2
2020-01-24,12.2,8.1,11.6,5.7,90.84,73.77,0.38,12.4,8.2
2020-01-25,10.6,5.2,11.6,5.8,88.3,73.56,1.5,13.6,8.1
2020-01-26,11.7,4.1,11.9,5.8,71.92,73.93,9.03,12.0,7.8
2020-01-27,11.5,2.4,12.1,5.9,64.02,74.14,2.86,11.9,7.8
2020-01-28,11.9,2.8,12.4,6.0,61.76,74.15,3.16,9.9,7.9
2020-01-29,16.5,2.3,12.4,6.1,61.45,74.24,0.38,9.0,7.9
2020-01-30,14.9,1.5,12.3,6.2,62.05,74.32,0.38,7.7,8.0
2020-01-31,18.3,4.7,12.1,6.2,63.75,74.32,4.59,5.1,8.0
2020-02-01,14.2,7.4,11.9,6.2,69.91,74.52,0.64,3.5,8.0
2020-02-02,14.1,8.6,11.8,6.3,87.22,75.05,0.43,5.5,7.8
2020-02-03,12.9,8.1,12.0,6.3,80.59,75.96,0.38,11.6,7.8
2020-02-04,12.6,7.8,12.3,6.4,83.16,75.78,0.38,10.4,7.8
2020-02-05,12.4,9.0,12.5,6.6,73.48,75.57,1.03,8.5,8.0
2020-02-06,13.1,9.4,12.8,6.7,78.95,69.69,1.07,3.1,7.8
2020-02-07,13.3,8.0,13.1,6.9,78.26,75.56,12.66,14.1,7.5
2020-02-08,11.9,6.8,13.3,7.1,87.48,76.43,17.77,15.1,7.8
2020-02-09,14.1,7.4,13.5,7.1,91.26,77.09,4.59,12.2,8.0
2020-02-10,16.3,8.3,13.7,7.3,93.87,77.56,0.88,5.7,8.1
2020-02-11,15.5,10.3,14.0,7.5,89.78,71.63,0.38,5.7,7.9
2020-02-12,16.4,12.4,14.3,7.6,90.01,71.58,0.52,9.2,8.0
2020-02-13,24.8,13.3,14.4,7.8,80.12,78.67,4.59,5.5,8.0
2020-02-14,20.4,15.1,14.4,8.0,48.49,78.42,40.06,3.2,7.8
2020-02-15,23.4,3.2,14.3,8.0,40.62,78.02,2.33,5.9,7.9
2020-02-16,16.9,3.1,14.1,7.9,68.09,71.99,52.52,11.0,7.6
2020-02-17,13.6,4.4,13.9,7.9,74.29,71.57,37.44,5.2,7.7
2020-02-18,15.4,4.7,13.8,7.8,91.7,71.71,0.0,3.6,7.6
2020-02-19,16.0,8.7,13.8,7.9,88.13,77.04,0.64,4.1,7.7
2020-02-20,18.8,11.9,14.1,8.0,84.44,77.77,2.5,7.1,8.0
2020-02-21,17.2,12.5,14.3,8.1,80.7,77.65,0.0,4.0,8.0
2020-02-22,20.9,10.5,14.4,8.2,90.57,77.46,0.0,4.8,7.7
2020-02-23,24.7,12.6,14.5,8.4,85.13,77.48,0.0,8.5,7.5
2020-02-24,25.0,13.1,14.6,8.5,89.86,78.36,14.51,2.5,7.2
2020-02-25,25.0,15.6,14.6,8.5,82.81,79.08,0.56,6.3,7.3
2020-02-26,28.5,17.3,14.8,8.6,58.23,79.73,0.38,11.8,7.4
2020-02-27,28.6,16.6,15.1,8.7,50.51,69.69,0.38,2.9,6.4
2020-02-28,27.1,16.7,15.2,8.8,58.77,70.35,0.0,5.3,6.4
2020-02-29,26.5,16.2,14.4,7.8,61.17,70.98,0.38,6.3,6.5
2020-03-01,23.0,14.4,15.5,8.9,63.77,71.66,0.0,5.5,6.6
2020-03-02,19.3,11.3,15.6,9.0,89.21,71.61,7.12,4.6,5.9
2020-03-03,16.1,9.4,15.8,9.1,83.78,71.63,30.55,5.4,5.8
2020-03-04,11.6,9.2,15.9,9.4,73.1,71.58,3.27,6.9,5.8
2020-03-05,16.8,9.4,16.0,9.7,63.79,71.7,0.38,3.8,5.8
2020-03-06,14.8,10.2,16.2,9.9,83.98,74.06,1.72,3.6,5.5
2020-03-07,22.1,11.6,16.3,10.0,83.57,71.79,3.38,6.9,5.7
2020-03-08,24.7,14.7,16.3,10.2,87.55,71.98,0.38,7.5,5.6
2020-03-09,24.1,14.4,16.4,10.3,92.09,71.99,0.51,4.8,5.8
2020-03-10,18.7,11.6,16.6,10.4,89.77,71.57,0.46,3.9,5.9
2020-03-11,21.5,10.2,16.7,10.6,63.69,73.93,8.73,5.8,6.1
2020-03-12,16.0,11.8,16.9,10.9,32.01,74.14,1.0,7.5,6.2
2020-03-13,17.8,12.3,17.2,11.1,79.13,71.94,0.69,10.9,6.3
2020-03-14,21.8,12.4,17.5,11.2,80.6,72.17,0.0,10.8,6.5
2020-03-15,21.2,14.6,17.8,11.4,43.47,74.32,0.0,11.0,7.1
2020-03-16,19.2,14.0,18.2,11.6,58.01,74.32,2.76,9.4,7.1
2020-03-17,18.3,13.3,18.4,11.8,82.5,74.52,0.0,8.9,7.0
2020-03-18,17.2,13.2,18.6,11.9,86.77,75.05,0.0,6.0,6.9
2020-03-19,23.2,13.8,18.6,12.1,76.73,74.15,0.67,3.7,8.1
2020-03-20,23.5,13.6,18.5,12.1,77.41,77.04,6.88,9.8,8.0
2020-03-21,26.0,14.5,18.3,12.1,81.75,77.38,12.24,11.0,7.8
2020-03-22,26.2,17.7,18.3,12.0,70.35,82.24,7.12,2.1,7.8
2020-03-23,29.5,19.0,18.3,11.9,68.41,82.43,16.61,6.6,6.2
2020-03-24,28.1,19.2,18.3,11.9,64.99,82.47,4.74,9.1,6.2
2020-03-25,24.2,18.1,18.6,12.0,81.1,82.42,1.18,7.4,6.0
2020-03-26,25.2,17.4,18.9,12.2,66.52,78.37,3.5,5.9,5.9
2020-03-27,23.5,12.7,19.3,12.5,76.52,76.09,13.11,7.6,7.5
2020-03-28,21.9,9.2,19.6,13.0,71.13,76.03,15.0,6.7,7.8
2020-03-29,15.3,9.5,19.8,13.3,69.56,75.96,15.0,10.0,8.0
2020-03-30,10.9,8.9,20.1,13.6,81.37,75.78,5.25,12.7,8.1
2020-03-31,19.1,9.5,20.4,13.7,81.52,82.32,5.25,14.0,8.1
2020-04-01,18.4,10.2,20.5,13.9,72.26,75.78,13.56,4.2,8.0
2020-04-02,16.4,12.1,20.7,14.0,64.23,75.57,9.99,8.2,7.7
2020-04-03,13.3,12.0,20.9,14.1,69.15,75.56,17.77,11.1,7.6
2020-04-04,14.6,11.8,21.0,14.3,75.9,76.43,17.77,10.8,7.6
2020-04-05,15.7,11.7,21.2,14.5,87.88,75.57,1.72,5.5,7.5
2020-04-06,18.8,13.3,21.5,14.7,71.55,78.37,10.34,4.0,7.5
2020-04-07,25.3,12.3,21.8,15.0,57.79,78.35,25.79,2.2,7.4
2020-04-08,25.2,13.2,22.0,15.2,58.93,78.28,12.24,3.6,7.6
2020-04-09,28.2,12.9,22.1,15.3,62.7,78.18,10.34,9.1,7.6
2020-04-10,28.3,14.7,22.2,15.3,71.97,77.09,6.65,3.6,7.6
2020-04-11,21.2,11.0,22.2,15.3,88.35,81.81,0.38,7.1,5.3
2020-04-12,23.4,9.3,22.2,15.3,89.95,81.94,0.0,5.5,5.4
2020-04-13,23.1,7.9,22.7,15.3,75.47,82.14,0.0,4.2,5.4
2020-04-14,21.4,12.8,23.3,15.7,66.9,77.59,0.0,2.6,5.5
2020-04-15,28.9,11.5,23.7,16.0,57.17,82.58,0.0,5.1,7.8
2020-04-16,28.9,14.4,24.0,16.4,54.86,82.49,17.18,8.5,8.1
2020-04-17,25.4,19.6,24.3,16.7,70.12,82.65,21.77,2.4,5.5
2020-04-18,25.0,19.4,24.3,17.0,76.9,82.71,3.06,1.9,5.5
2020-04-19,23.3,17.7,24.2,17.1,86.7,83.09,0.58,5.4,5.5
2020-04-20,26.4,17.3,24.3,17.3,75.57,78.24,0.38,14.9,7.8
2020-04-21,23.3,14.5,24.6,17.5,91.49,77.64,0.0,9.9,7.9
2020-04-22,18.5,13.6,24.7,17.6,89.83,77.82,0.62,9.3,7.6
2020-04-23,15.2,13.2,24.9,17.5,61.97,77.7,30.54,10.7,7.6
2020-04-24,19.1,12.9,24.9,17.6,73.11,77.46,9.99,12.9,7.6
2020-04-25,23.5,13.4,24.9,17.6,73.1,81.81,2.41,5.6,8.0
2020-04-26,27.3,12.1,25.0,17.7,66.38,81.75,0.0,4.3,7.7
2020-04-27,30.8,14.5,25.2,17.9,67.51,81.93,1.6,8.7,7.6
2020-04-28,28.2,16.5,25.5,18.1,92.03,82.57,1.55,12.8,7.6
2020-04-29,32.4,17.4,26.0,18.4,82.32,82.47,6.65,6.1,7.6
2020-04-30,31.5,19.0,26.4,18.7,89.54,83.44,0.94,3.1,7.7
2020-05-01,29.2,21.9,26.5,19.0,80.82,83.21,3.16,10.8,7.6
2020-05-02,27.2,20.1,26.6,19.1,79.83,83.12,14.02,12.4,7.7
2020-05-03,32.1,20.8,26.7,19.3,88.92,83.29,21.77,7.0,7.6
2020-05-04,32.3,23.5,26.6,19.3,86.29,81.48,32.69,3.5,7.3
2020-05-05,31.6,23.4,26.5,19.3,88.64,81.73,23.3,4.1,7.2
2020-05-06,36.8,21.7,26.5,19.3,85.75,81.81,9.66,4.6,7.1
2020-05-07,37.0,25.2,26.6,19.4,82.4,81.94,2.76,6.1,6.9
2020-05-08,35.2,26.7,26.7,19.5,82.84,82.14,1.55,6.7,7.1
2020-05-09,32.5,23.8,26.8,19.7,53.96,82.24,0.38,10.2,7.5
2020-05-10,35.3,23.2,27.0,19.9,88.94,83.57,5.43,5.9,7.8
2020-05-11,28.2,21.5,27.1,20.1,74.64,83.75,30.55,5.9,7.9
2020-05-12,27.4,20.8,27.2,20.2,77.76,83.51,7.37,2.3,7.9
2020-05-13,31.1,22.4,27.1,20.2,92.38,83.19,22.53,1.0,8.0
2020-05-14,28.7,22.9,27.0,20.1,91.76,82.93,6.88,2.1,8.0
2020-05-15,33.1,21.9,26.9,20.1,81.28,81.67,3.62,9.9,7.8
2020-05-16,32.6,20.6,26.9,20.1,81.82,81.6,6.43,4.4,7.8
2020-05-17,27.2,20.9,27.0,20.2,84.98,81.29,5.25,3.4,7.7
2020-05-18,32.3,20.9,27.2,20.4,93.62,83.29,0.87,7.6,7.6
2020-05-19,33.6,23.1,27.6,20.5,97.25,83.22,0.0,8.4,7.6
2020-05-20,33.9,22.7,27.9,20.6,79.91,81.93,17.77,2.0,7.7
2020-05-21,25.9,22.1,28.2,20.8,80.01,82.24,1.4,2.7,7.5
2020-05-22,28.1,20.5,28.3,20.9,85.98,81.52,0.0,5.4,7.2
2020-05-23,31.5,19.2,28.5,21.1,81.09,81.78,4.59,5.8,7.1
2020-05-24,33.2,23.3,28.6,21.3,86.26,82.93,7.88,7.8,7.8
2020-05-25,33.9,19.9,28.7,21.5,81.71,82.83,13.55,5.9,6.4
2020-05-26,28.5,18.7,28.8,21.6,78.39,82.87,0.0,11.1,6.4
2020-05-27,27.5,18.5,28.9,21.7,59.77,82.65,0.0,10.2,6.5
2020-05-28,31.4,22.1,29.1,21.8,71.74,82.42,0.58,11.6,6.6
2020-05-29,28.5,22.5,29.2,21.9,82.31,85.23,16.06,6.6,7.8
2020-05-30,32.2,22.5,29.2,22.0,84.54,85.42,9.99,6.6,8.0
2020-05-31,31.6,22.7,29.4,22.1,82.74,85.68,29.53,7.8,8.1
2020-06-01,28.7,22.7,29.6,22.3,92.99,84.03,0.0,11.3,8.0
2020-06-02,29.6,22.8,29.7,22.4,92.39,84.12,9.66,12.5,8.1
2020-06-03,28.9,22.4,29.8,22.5,84.74,81.64,2.03,9.0,7.3
2020-06-04,28.2,22.6,30.0,22.6,80.12,82.47,29.53,7.0,7.5
2020-06-05,29.2,23.0,30.0,22.6,91.65,83.32,26.68,6.1,7.7
2020-06-06,29.6,22.8,30.1,22.7,91.94,83.82,3.75,5.7,8.1
2020-06-07,28.7,22.8,30.2,22.8,80.28,84.03,0.0,5.0,7.3
2020-06-08,26.2,23.5,30.2,23.0,89.25,84.12,0.0,4.4,7.4
2020-06-09,26.5,23.2,30.1,23.0,81.85,83.51,0.0,4.8,7.3
2020-06-10,26.5,23.1,30.1,23.0,84.19,83.19,0.38,5.6,7.2
2020-06-11,32.6,23.9,30.0,23.0,75.95,82.93,38.72,8.3,7.0
2020-06-12,32.8,24.3,29.9,23.0,92.73,83.58,17.18,4.5,6.0
2020-06-13,31.2,24.7,30.0,23.0,92.84,83.99,21.05,2.7,6.0
2020-06-14,31.5,24.3,30.1,23.2,85.03,83.78,18.39,5.3,5.9
2020-06-15,35.8,24.8,30.1,23.3,74.69,83.59,20.35,6.0,5.8
2020-06-16,32.3,24.1,30.3,23.5,79.48,83.59,2.25,5.9,6.9
2020-06-17,32.5,25.8,30.5,23.7,89.5,84.52,4.28,8.9,7.6
2020-06-18,32.8,25.7,30.6,23.9,83.31,84.2,1.23,7.2,7.4
2020-06-19,31.1,24.2,30.8,24.0,82.99,83.9,15.52,4.8,7.5
2020-06-20,34.6,27.1,31.0,24.1,81.68,83.62,19.01,7.5,7.5
2020-06-21,32.1,25.2,31.1,24.2,81.77,83.41,0.0,11.8,7.4
2020-06-22,31.4,25.1,31.2,24.3,86.56,83.13,3.62,11.7,7.1
2020-06-23,34.4,24.9,31.3,24.4,78.83,83.28,6.01,5.8,7.2
2020-06-24,33.6,24.5,31.4,24.5,83.36,83.48,6.43,3.9,7.1
2020-06-25,33.1,24.0,31.4,24.5,91.0,83.78,16.61,4.4,7.3
2020-06-26,29.3,24.4,31.5,24.5,88.77,84.03,40.06,4.4,7.3
2020-06-27,31.1,24.7,31.5,24.5,85.66,83.56,8.44,4.7,6.7
2020-06-28,33.4,25.0,31.6,24.6,80.12,83.58,23.3,11.2,6.9
2020-06-29,32.2,24.6,31.8,24.6,78.31,83.66,37.43,8.5,7.0
2020-06-30,33.8,24.4,31.9,24.7,85.01,84.12,96.6,4.1,7.2
2020-07-01,32.1,25.1,32.0,24.8,85.04,83.99,50.77,3.0,7.3
2020-07-02,34.5,24.8,32.1,24.9,96.09,84.15,3.62,9.7,6.7
2020-07-03,32.6,24.5,32.2,25.0,79.64,84.38,2.25,9.8,6.7
2020-07-04,31.0,24.6,32.2,25.1,88.08,84.71,1.97,7.2,6.5
2020-07-05,30.5,25.4,32.3,25.1,71.98,83.8,50.77,5.0,6.3
2020-07-06,33.7,25.2,32.5,25.2,72.7,83.64,7.89,2.7,6.3
2020-07-07,30.7,25.5,32.5,25.1,74.47,80.87,19.67,5.2,7.6
2020-07-08,32.7,25.4,32.7,25.1,72.21,80.96,45.86,2.1,5.5
2020-07-09,32.9,25.0,32.8,25.1,74.76,81.04,0.38,3.7,5.7
2020-07-10,28.2,25.1,32.9,25.1,85.38,80.91,1.66,4.2,5.6
2020-07-11,29.4,24.0,32.9,25.1,91.7,84.95,2.76,3.1,5.8
2020-07-12,34.6,24.9,32.9,25.1,83.88,83.8,21.77,5.4,7.3
2020-07-13,31.4,24.5,32.9,25.1,88.08,83.64,58.13,7.1,7.4
2020-07-14,32.2,25.0,33.0,25.1,90.08,80.77,84.37,10.8,7.6
2020-07-15,35.7,25.5,33.0,25.0,82.58,80.67,15.0,13.6,7.6
2020-07-16,35.6,24.2,33.1,25.0,85.16,83.53,0.38,9.0,6.7
2020-07-17,35.1,24.6,33.2,25.1,75.83,83.54,0.49,5.6,6.6
2020-07-18,34.4,25.0,33.2,25.1,74.58,83.57,2.04,5.1,6.4
2020-07-19,33.5,23.8,33.3,25.1,90.42,83.53,0.79,6.8,6.4
2020-07-20,32.4,23.3,33.3,25.1,79.12,83.54,0.0,12.4,6.4
2020-07-21,34.3,23.5,33.3,25.1,84.27,84.95,0.0,6.1,5.8
2020-07-22,30.7,23.6,33.3,25.0,85.46,85.23,0.0,9.8,5.7
2020-07-23,31.3,23.5,33.4,25.0,78.07,83.29,0.0,4.0,5.7
2020-07-24,35.8,24.8,33.4,25.0,80.42,83.22,9.34,6.6,5.7
2020-07-25,36.2,25.6,33.3,24.9,86.71,83.2,0.38,4.5,5.6
2020-07-26,36.3,24.8,33.2,24.9,89.49,83.41,17.77,2.3,6.7
2020-07-27,35.0,24.9,33.3,24.8,88.4,83.2,12.66,3.0,6.8
2020-07-28,29.9,23.2,33.3,24.9,83.89,83.03,0.49,6.2,6.9
2020-07-29,35.4,23.7,33.4,24.8,84.06,85.42,2.11,13.7,7.0
2020-07-30,35.5,24.9,33.5,24.9,86.59,85.68,3.16,11.5,7.0
2020-07-31,31.5,24.5,33.7,25.0,83.19,79.47,14.5,10.0,7.9
2020-08-01,35.5,26.0,33.7,25.0,92.72,79.12,81.56,16.1,7.9
2020-08-02,29.4,23.4,33.6,25.0,79.21,85.42,1.0,6.8,7.0
2020-08-03,33.6,23.8,33.5,25.0,80.71,85.68,3.06,3.6,7.1
2020-08-04,32.9,24.2,33.4,25.0,84.91,85.91,5.82,7.0,7.1
2020-08-05,29.7,24.6,33.4,24.9,90.15,85.86,17.18,5.1,6.9
2020-08-06,33.0,24.3,33.5,24.9,79.72,85.63,12.66,5.3,6.7
2020-08-07,29.6,23.9,33.6,25.0,82.54,85.63,3.27,4.6,5.7
2020-08-08,34.3,23.8,33.7,25.0,85.8,85.48,3.5,4.9,6.4
2020-08-09,34.3,24.4,33.6,25.0,90.5,85.34,2.67,5.5,6.4
2020-08-10,34.3,25.0,33.3,25.0,93.93,85.24,1.45,7.8,6.4
2020-08-11,33.7,24.5,33.2,25.0,79.33,80.87,0.58,7.3,5.8
2020-08-12,35.1,24.9,33.0,24.9,77.3,80.96,1.6,7.7,5.9
2020-08-13,35.1,23.9,32.8,24.8,75.04,81.04,1.45,7.9,5.8
2020-08-14,33.2,23.7,32.8,24.8,73.11,80.91,1.14,6.8,5.8
2020-08-15,32.2,23.5,32.8,24.7,74.05,77.33,0.64,6.4,6.0
2020-08-16,34.4,23.0,32.8,24.7,83.73,77.05,0.97,5.8,5.9
2020-08-17,34.3,23.0,32.9,24.6,86.67,76.75,6.65,3.3,5.8
2020-08-18,34.2,23.4,33.0,24.6,91.56,76.49,22.53,3.1,5.8
2020-08-19,34.3,23.5,33.1,24.6,87.97,76.13,1.4,3.1,5.9
2020-08-20,33.2,23.4,33.1,24.6,80.75,83.9,71.23,6.9,5.7
2020-08-21,33.1,23.0,33.1,24.5,80.34,83.62,12.24,6.4,5.6
2020-08-22,35.6,24.0,33.0,24.4,80.92,83.41,26.68,5.1,5.5
2020-08-23,35.5,23.9,32.9,24.4,80.04,83.2,16.61,4.1,5.5
2020-08-24,34.9,23.7,32.8,24.3,77.29,80.99,0.0,1.8,5.3
2020-08-25,34.5,24.2,32.6,24.2,76.73,81.27,15.52,2.6,5.3
2020-08-26,33.9,23.6,32.6,24.2,84.56,81.68,15.52,3.3,5.3
2020-08-27,31.3,21.2,32.6,24.2,80.92,81.61,5.43,2.7,5.2
2020-08-28,32.1,23.0,32.6,24.2,75.68,81.42,9.34,3.3,5.2
2020-08-29,36.1,23.8,32.5,24.1,86.94,72.6,1.9,6.8,7.0
2020-08-30,31.6,23.7,32.5,24.1,73.5,72.72,2.95,7.1,6.9
2020-08-31,31.6,22.3,32.4,24.0,81.78,72.5,106.94,7.5,6.8
2020-09-01,31.6,22.5,32.4,24.0,87.01,71.85,49.08,8.9,6.8
2020-09-02,31.5,21.1,32.3,23.9,92.04,71.39,0.52,10.7,6.8
2020-09-03,35.5,23.0,32.3,23.8,69.16,81.05,0.0,5.1,5.3
2020-09-04,35.0,22.9,32.2,23.8,81.96,81.68,0.0,10.6,6.7
2020-09-05,34.9,23.3,32.1,23.7,81.99,81.61,0.0,9.0,6.7
2020-09-06,31.7,23.6,32.1,23.6,77.51,81.42,0.38,7.5,6.5
2020-09-07,29.1,24.7,32.0,23.5,67.21,81.05,0.0,5.7,6.5
2020-09-08,29.3,22.5,31.9,23.5,85.37,80.48,0.81,9.0,5.5
2020-09-09,33.0,23.6,31.8,23.3,83.96,80.74,1.97,3.1,6.4
2020-09-10,33.4,23.4,31.7,23.2,86.76,81.02,16.06,2.9,6.3
2020-09-11,31.6,21.8,31.5,23.0,86.08,81.25,4.59,3.8,6.3
2020-09-12,26.0,21.8,31.3,22.9,70.61,68.03,0.38,7.9,5.3
2020-09-13,28.8,22.8,31.1,22.6,64.48,79.01,1.4,6.7,5.4
2020-09-14,29.9,21.9,31.0,22.5,62.58,79.29,1.19,9.2,5.9
2020-09-15,30.0,22.9,31.0,22.3,68.62,79.46,0.97,7.1,5.8
2020-09-16,33.3,23.5,31.0,22.2,70.69,79.41,2.17,3.7,5.7
2020-09-17,33.6,20.2,30.9,22.2,73.57,67.79,13.11,4.0,5.4
2020-09-18,24.4,20.1,30.8,22.1,74.78,67.68,0.76,3.8,5.3
2020-09-19,23.9,20.1,30.6,22.0,74.02,67.47,0.49,3.9,5.3
2020-09-20,26.6,21.8,30.4,21.8,73.92,67.22,0.38,5.7,5.3
2020-09-21,28.5,21.7,30.2,21.6,84.61,81.85,2.41,10.0,5.8
2020-09-22,28.0,21.7,30.0,21.5,78.86,81.23,3.5,9.8,5.8
2020-09-23,28.2,18.7,30.0,21.3,78.27,81.07,2.41,9.9,5.9
2020-09-24,22.7,18.1,29.9,21.2,76.83,80.97,2.03,7.6,5.9
2020-09-25,22.3,19.5,29.8,21.2,75.3,81.01,2.17,8.6,5.9
2020-09-26,22.2,17.4,29.8,21.2,63.57,76.13,0.38,3.0,6.2
2020-09-27,21.4,18.8,29.7,21.1,69.36,76.04,0.52,4.0,6.3
2020-09-28,25.0,19.3,29.5,21.0,83.01,81.48,1.77,3.2,6.4
2020-09-29,26.3,20.3,29.5,20.8,85.74,80.8,0.69,4.5,4.9
2020-09-30,25.9,21.2,29.5,20.7,70.15,68.54,11.83,5.2,6.8
2020-10-01,24.6,21.2,29.5,20.6,61.22,68.68,2.03,7.1,6.9
2020-10-02,31.4,21.5,29.3,20.3,60.31,68.79,0.0,6.5,6.9
2020-10-03,31.8,22.6,28.9,20.1,56.05,75.55,0.38,4.1,6.9
2020-10-04,32.2,17.7,28.5,19.8,59.99,75.02,0.38,3.2,6.9
2020-10-05,24.4,14.2,27.9,19.4,81.89,79.01,0.38,7.3,7.0
2020-10-06,21.0,14.6,27.5,19.1,80.19,79.29,4.43,10.9,7.2
2020-10-07,20.6,14.2,27.2,18.8,59.62,68.97,6.01,10.0,7.4
2020-10-08,20.8,15.2,27.3,18.7,68.26,69.34,1.07,7.0,7.5
2020-10-09,22.6,15.8,27.3,18.8,76.48,69.71,15.52,11.6,7.5
2020-10-10,25.2,14.7,27.4,18.7,85.08,79.46,17.77,4.7,7.3
2020-10-11,25.2,14.6,27.2,18.7,80.74,79.41,1.72,3.8,5.4
2020-10-12,25.3,17.4,27.0,18.7,79.15,79.1,30.55,3.4,5.5
2020-10-13,25.2,18.0,26.8,18.5,75.63,78.73,1.23,4.1,5.7
2020-10-14,28.5,17.9,26.5,18.4,46.91,70.25,0.0,5.2,7.6
2020-10-15,19.9,17.2,26.2,18.2,47.46,70.07,0.0,1.8,7.7
2020-10-16,19.7,15.2,26.1,18.0,47.32,69.9,0.0,9.3,7.8
2020-10-17,19.4,16.8,26.0,17.7,73.14,77.05,1.61,9.9,7.9
2020-10-18,17.8,14.1,25.8,17.6,66.39,70.8,0.0,13.1,7.9
2020-10-19,19.2,13.7,25.6,17.4,58.03,71.04,4.59,8.0,7.7
2020-10-20,20.6,13.6,25.4,17.1,53.42,71.36,8.44,14.4,7.7
2020-10-21,20.9,14.1,25.2,16.8,57.6,71.41,1.72,14.4,7.7
2020-10-22,23.0,11.4,25.0,16.6,45.97,69.94,1.03,10.8,7.8
2020-10-23,22.9,11.5,24.9,16.5,65.62,76.13,11.44,9.9,8.1
2020-10-24,22.4,11.0,24.7,16.4,65.87,76.04,1.72,10.7,8.2
2020-10-25,26.5,14.6,24.5,16.3,63.08,75.55,1.55,10.4,8.4
2020-10-26,24.6,17.4,24.3,16.2,62.87,75.02,1.77,12.0,8.4
2020-10-27,24.8,20.0,24.0,16.0,84.17,72.72,0.0,10.1,4.9
2020-10-28,24.4,17.5,23.7,15.8,87.93,72.5,0.38,6.7,5.0
2020-10-29,27.2,16.3,23.8,15.6,85.29,71.85,0.0,4.5,5.1
2020-10-30,25.5,16.3,23.8,15.4,82.54,71.39,0.0,4.6,5.2
2020-10-31,26.9,18.5,23.7,15.2,81.78,69.75,2.49,3.6,5.3
2020-11-01,24.8,17.9,23.8,15.0,77.59,69.43,1.84,4.6,5.3
2020-11-02,27.6,14.6,23.8,14.9,85.28,69.37,2.41,5.9,5.4
2020-11-03,20.0,16.6,23.7,14.8,31.79,67.48,9.03,7.6,5.4
2020-11-04,23.6,14.3,23.8,14.9,31.99,68.0,2.85,4.3,5.5
2020-11-05,24.5,14.4,24.0,15.0,79.7,68.88,2.04,4.8,5.5
2020-11-06,22.8,16.1,23.9,15.0,72.88,68.76,1.03,6.2,5.5
2020-11-07,23.4,14.6,23.6,14.9,69.48,68.4,1.07,8.4,5.5
2020-11-08,22.8,12.1,23.1,14.6,67.01,68.47,0.38,7.1,5.5
2020-11-09,26.1,10.2,22.5,14.2,67.99,68.48,0.38,6.1,5.5
2020-11-10,22.3,8.4,21.8,13.9,66.22,69.9,0.0,6.7,5.4
2020-11-11,22.8,8.7,21.3,13.5,63.09,69.94,3.5,8.1,5.4
2020-11-12,23.4,9.6,21.0,13.3,63.63,69.86,6.43,7.2,5.5
2020-11-13,23.4,9.0,20.7,13.1,71.58,69.59,26.68,4.9,5.7
2020-11-14,23.2,9.5,20.4,12.9,68.97,69.44,13.11,3.2,6.8
2020-11-15,26.3,14.4,20.1,12.7,38.73,68.28,0.62,4.9,5.8
2020-11-16,25.2,17.0,19.8,12.5,46.49,68.23,1.4,4.5,5.9
2020-11-17,26.0,18.1,19.5,12.3,47.85,68.03,0.38,9.5,5.9
2020-11-18,26.0,20.2,19.3,12.1,48.83,67.79,0.0,4.0,7.6
2020-11-19,27.1,18.5,19.3,11.9,52.94,67.67,0.0,10.0,7.5
2020-11-20,30.1,17.4,19.4,11.8,50.34,68.47,1.9,4.8,6.2
2020-11-21,24.4,15.0,19.4,11.6,62.99,67.79,0.81,5.3,6.2
2020-11-22,24.3,10.7,19.3,11.4,64.83,67.68,0.38,5.7,6.3
2020-11-23,14.9,9.3,19.3,11.2,67.12,67.47,0.38,5.5,6.4
2020-11-24,12.9,9.4,19.1,11.1,71.14,67.22,0.0,4.7,7.8
2020-11-25,12.6,10.1,18.8,10.9,49.06,68.58,2.1,9.8,7.6
2020-11-26,15.2,10.7,18.6,10.7,51.51,68.71,1.9,7.4,7.6
2020-11-27,14.6,9.6,18.3,10.5,50.27,68.91,2.17,2.7,7.7
2020-11-28,13.7,8.0,17.9,10.2,54.57,69.82,2.17,3.9,7.8
2020-11-29,14.4,6.4,17.6,9.8,56.97,70.38,1.4,12.1,8.0
2020-11-30,13.3,6.9,17.3,9.4,44.71,68.39,0.0,18.0,8.1
2020-12-01,15.5,8.9,17.0,9.2,50.33,68.55,0.0,14.7,8.0
2020-12-02,15.8,8.6,16.9,9.0,62.29,68.63,0.0,9.7,7.8
2020-12-03,14.9,7.3,16.9,8.9,71.78,68.6,0.38,6.2,7.6
2020-12-04,10.4,5.5,16.8,8.8,66.21,68.96,0.0,12.4,7.6
2020-12-05,12.9,4.7,16.6,8.7,60.2,69.71,0.0,9.2,7.7
2020-12-06,15.2,4.8,16.5,8.6,73.81,70.18,0.0,7.7,7.5
2020-12-07,15.8,6.1,16.3,8.5,80.07,68.57,0.0,7.3,7.4
2020-12-08,14.7,8.7,16.1,8.4,67.05,68.71,0.0,8.0,7.4
2020-12-09,14.1,8.6,16.0,8.4,69.92,69.18,1.14,12.0,7.4
2020-12-10,17.1,7.6,16.0,8.3,71.38,70.21,0.0,10.6,7.7
2020-12-11,18.1,7.3,16.0,8.3,68.21,69.95,2.76,9.5,7.9
2020-12-12,18.3,9.3,15.9,8.3,60.82,69.68,0.0,10.1,7.9
2020-12-13,16.8,8.5,15.8,8.2,58.7,69.18,0.0,3.9,8.0
2020-12-14,12.1,3.2,15.5,8.0,90.2,68.91,0.0,7.3,7.7
2020-12-15,6.5,2.6,15.2,7.7,84.86,69.82,0.0,18.2,7.8
2020-12-16,6.6,2.6,14.9,7.4,56.28,70.38,0.38,10.2,7.7
2020-12-17,6.2,3.3,14.7,7.2,69.34,70.8,0.38,2.7,7.7
2020-12-18,10.5,3.7,14.6,7.2,57.58,68.91,0.0,3.7,7.6
2020-12-19,9.5,4.8,14.6,7.2,86.25,71.04,1.97,3.1,8.1
2020-12-20,11.7,4.4,14.8,7.2,93.67,71.36,3.16,5.7,8.2
2020-12-21,15.3,2.5,14.8,7.3,82.11,71.41,19.67,4.4,8.4
2020-12-22,15.1,1.9,14.9,7.2,80.13,71.48,19.67,6.8,7.3
2020-12-23,16.1,7.9,14.9,7.1,77.64,72.78,0.38,9.0,7.8
2020-12-24,15.7,7.9,14.6,6.9,81.94,73.02,0.38,12.9,7.8
2020-12-25,15.8,4.6,14.1,6.8,65.01,72.82,0.0,10.9,7.9
2020-12-26,17.6,9.1,13.8,6.6,66.15,72.53,0.0,9.6,7.8
2020-12-27,13.7,10.1,13.4,6.4,79.02,70.15,0.0,11.4,7.7
2020-12-28,16.6,11.8,13.2,6.3,80.58,69.75,0.0,13.1,7.7
2020-12-29,16.5,5.2,13.1,6.3,80.57,69.43,4.0,9.7,7.7
2020-12-30,14.6,3.5,13.1,6.3,77.84,69.37,3.27,14.2,7.6
2020-12-31,8.1,3.0,13.0,6.3,62.9,69.09,2.25,16.1,7.5
2021-01-01,11.7,-0.6,13.1,6.4,80.54,73.49,0.0,3.5,7.2
2021-01-02,15.1,1.5,13.1,6.3,85.9,74.09,0.0,6.5,7.1
2021-01-03,15.0,1.9,13.0,6.2,86.99,74.16,0.0,2.6,7.3
2021-01-04,17.2,2.9,12.9,6.3,68.67,70.35,0.38,6.0,7.4
2021-01-05,17.5,5.6,12.8,6.2,65.18,70.98,0.38,7.3,7.6
2021-01-06,14.1,4.3,12.7,6.2,64.47,71.66,0.41,9.9,7.5
2021-01-07,10.2,0.8,12.6,6.2,69.31,71.99,2.25,9.5,7.3
2021-01-08,7.5,0.7,12.6,6.2,75.43,71.63,1.31,5.0,7.0
2021-01-09,7.7,0.9,12.7,6.2,64.26,71.58,23.3,11.6,7.0
2021-01-10,8.2,4.1,12.7,6.2,85.49,71.79,3.38,10.8,7.1
2021-01-11,9.9,2.7,12.7,6.1,81.62,71.99,25.79,7.0,6.6
2021-01-12,13.4,0.7,12.6,6.0,74.16,71.57,50.77,7.8,6.6
2021-01-13,16.7,0.1,12.3,5.9,63.95,71.71,13.11,5.9,6.5
2021-01-14,18.3,6.2,12.1,5.7,54.43,71.94,0.38,9.6,6.4
2021-01-15,19.4,7.4,11.9,5.6,50.94,72.17,0.0,5.3,6.3
2021-01-16,22.4,5.9,11.8,5.6,86.07,82.47,2.04,3.5,5.5
2021-01-17,16.7,3.3,11.8,5.6,72.61,75.48,1.77,4.5,5.6
2021-01-18,17.5,1.8,12.0,5.7,66.36,75.86,1.31,1.9,5.5
2021-01-19,17.5,4.3,12.1,5.8,69.77,76.09,3.5,4.3,5.4
2021-01-20,20.0,7.9,12.1,5.9,89.79,80.44,7.89,8.4,5.8
2021-01-21,21.8,6.2,12.1,5.9,89.92,80.41,3.87,9.4,5.8
2021-01-22,18.1,11.5,12.0,5.9,76.28,75.78,10.34,7.5,5.9
2021-01-23,19.6,6.5,11.7,5.8,81.82,75.57,1.9,4.8,6.0
2021-01-24,21.8,11.2,11.6,5.7,87.32,75.56,0.67,6.9,7.6
2021-01-25,19.6,9.6,11.6,5.8,67.01,81.0,1.36,4.0,7.0
2021-01-26,13.2,9.5,11.9,5.8,88.05,77.56,15.0,5.2,7.1
2021-01-27,12.8,7.8,12.1,5.9,77.26,78.16,2.86,8.5,7.7
2021-01-28,15.0,8.9,12.4,6.0,75.28,78.65,3.87,8.1,7.6
2021-01-29,18.0,10.0,12.4,6.1,86.37,78.4,5.82,7.3,7.3
2021-01-30,16.0,10.6,12.3,6.2,57.72,74.15,1.07,7.2,6.8
2021-01-31,17.2,10.2,12.1,6.2,86.11,81.45,4.74,11.1,6.8
2021-02-01,17.6,12.8,11.9,6.2,86.97,81.58,4.74,9.9,6.8
2021-02-02,18.6,12.2,11.8,6.3,83.73,81.67,6.43,6.0,6.7
2021-02-03,17.7,12.0,12.0,6.3,77.81,81.6,4.43,5.3,6.7
2021-02-04,20.7,11.9,12.3,6.4,87.52,74.24,0.0,3.6,6.3
2021-02-05,24.9,12.1,12.5,6.6,92.96,74.32,2.67,9.6,7.7
2021-02-06,24.7,9.8,12.8,6.7,60.06,74.24,7.89,10.1,7.6
2021-02-07,23.6,13.3,13.1,6.9,65.93,74.32,3.75,8.5,7.7
2021-02-08,26.0,11.1,13.3,7.1,77.22,74.32,13.56,6.0,7.7
2021-02-09,16.0,10.0,13.5,7.1,72.75,77.56,38.72,11.2,7.7
2021-02-10,14.5,9.8,13.7,7.3,67.37,78.16,29.53,14.6,7.6
2021-02-11,16.4,6.4,14.0,7.5,95.79,74.32,0.38,4.3,7.3
2021-02-12,17.8,8.6,14.3,7.6,90.98,74.52,6.43,3.9,7.4
2021-02-13,22.5,8.4,14.4,7.8,86.74,75.05,8.16,5.1,5.6
2021-02-14,21.5,12.0,14.4,8.0,71.08,77.92,18.39,5.2,5.1
2021-02-15,25.6,12.6,14.3,8.0,58.16,78.64,2.96,13.5,8.0
2021-02-16,24.9,11.9,14.1,7.9,65.14,78.4,4.28,10.9,7.9
2021-02-17,18.6,8.9,13.9,7.9,72.18,77.99,1.66,10.7,7.9
2021-02-18,21.0,7.9,13.8,7.8,77.45,77.43,27.6,11.7,7.9
2021-02-19,20.2,9.8,13.8,7.8,65.24,79.08,0.0,5.9,7.8
2021-02-20,21.5,9.7,14.1,8.0,69.42,79.73,19.67,7.1,7.6
2021-02-21,25.6,9.1,14.3,8.1,77.69,80.5,10.34,4.2,8.0
2021-02-22,23.8,16.2,14.4,8.2,79.21,81.17,7.12,3.2,8.0
2021-02-23,25.1,16.5,14.5,8.4,85.21,81.7,8.15,7.7,7.8
2021-02-24,29.0,17.0,14.6,8.5,59.92,76.95,0.38,4.2,7.7
2021-02-25,27.0,10.7,14.6,8.5,61.43,76.82,0.0,2.8,7.8
2021-02-26,21.4,8.3,14.8,8.6,83.72,83.75,0.38,12.2,7.8
2021-02-27,12.0,8.2,15.0,8.7,85.75,83.51,0.38,10.0,8.0
2021-02-28,15.6,8.3,15.2,8.8,83.86,78.13,8.43,7.8,7.6
2021-03-01,15.9,8.8,15.4,8.9,82.84,78.37,9.99,5.1,7.5
2021-03-02,16.2,9.5,15.6,9.0,65.07,77.04,12.66,3.4,7.5
2021-03-03,15.3,10.0,15.8,9.1,71.8,77.38,5.43,1.5,7.4
2021-03-04,13.1,10.4,15.9,9.4,70.9,79.08,7.89,7.8,7.8
2021-03-05,17.0,10.6,16.0,9.7,74.24,79.73,0.0,10.4,8.0
2021-03-06,17.8,12.0,16.2,9.9,73.58,80.5,0.0,7.6,8.1
2021-03-07,17.0,9.5,16.3,10.0,44.22,81.17,0.0,3.2,8.1
2021-03-08,18.4,10.1,16.3,10.2,75.09,78.35,0.38,2.2,8.0
2021-03-09,11.4,9.9,16.4,10.3,75.81,80.41,6.22,13.0,8.0
2021-03-10,11.9,9.9,16.6,10.4,74.79,80.4,41.43,2.8,7.9
2021-03-11,16.3,10.1,16.7,10.6,69.41,81.0,13.56,2.7,7.9
2021-03-12,19.4,11.3,16.9,10.9,85.55,81.45,2.67,7.2,8.0
2021-03-13,17.6,13.0,17.2,11.1,88.65,81.58,7.12,8.4,8.0
2021-03-14,22.7,13.6,17.5,11.2,74.74,84.03,23.3,6.1,5.8
2021-03-15,22.2,15.3,17.8,11.4,78.22,84.12,0.38,6.5,5.8
2021-03-16,22.9,16.3,18.2,11.6,82.91,83.99,1.07,4.4,5.9
2021-03-17,27.7,17.7,18.4,11.8,77.57,83.78,4.14,2.7,5.9
2021-03-18,28.5,18.3,18.6,11.9,64.71,83.59,0.0,3.3,5.9
2021-03-19,28.5,18.5,18.6,12.1,72.48,77.92,5.07,3.3,6.0
2021-03-20,21.7,10.4,18.5,12.1,81.42,78.36,12.24,3.0,6.2
2021-03-21,13.6,10.9,18.3,12.1,89.74,79.08,18.39,3.8,6.2
2021-03-22,17.1,10.9,18.3,12.0,92.14,79.73,9.03,4.0,6.3
2021-03-23,19.2,11.2,18.3,11.9,92.33,80.5,1.26,6.6,6.4
2021-03-24,21.9,8.7,18.3,11.9,90.08,81.45,32.69,7.7,7.4
2021-03-25,25.4,11.3,18.6,12.0,80.3,81.58,25.79,13.6,7.6
2021-03-26,20.5,16.0,18.9,12.2,80.72,81.67,2.96,8.0,6.6
2021-03-27,23.3,16.8,19.3,12.5,80.66,81.6,3.05,8.6,6.8
2021-03-28,24.9,18.1,19.6,13.0,86.26,81.48,26.68,4.8,6.9
2021-03-29,31.4,18.2,19.8,13.3,86.59,81.64,5.43,17.9,8.1
2021-03-30,31.6,20.5,20.1,13.6,85.59,82.47,3.75,18.1,8.2
2021-03-31,33.5,19.9,20.4,13.7,81.2,83.32,1.5,9.4,8.2
2021-04-01,33.5,17.9,20.5,13.9,70.98,83.82,0.38,6.4,8.1
2021-04-02,28.4,18.0,20.7,14.0,90.75,81.29,0.0,13.6,6.9
2021-04-03,20.4,15.4,20.9,14.1,63.1,81.43,10.69,5.7,7.2
2021-04-04,18.5,12.6,21.0,14.3,70.94,80.81,6.65,5.5,7.1
2021-04-05,16.3,11.9,21.2,14.5,82.93,80.44,4.91,9.5,8.0
2021-04-06,22.7,12.9,21.5,14.7,74.69,83.66,17.18,10.0,7.9
2021-04-07,21.2,15.2,21.8,15.0,80.8,80.4,0.0,6.7,6.8
2021-04-08,19.5,13.6,22.0,15.2,74.5,80.99,0.38,5.3,6.9
2021-04-09,18.6,12.6,22.1,15.3,78.69,81.45,0.38,3.0,7.0
2021-04-10,17.4,14.1,22.2,15.3,88.02,81.58,0.38,7.5,7.3
2021-04-11,20.1,14.3,22.2,15.3,86.86,81.67,52.52,6.7,7.5
2021-04-12,23.7,14.4,22.2,15.3,63.41,81.64,21.77,4.5,7.6
2021-04-13,22.4,16.0,22.7,15.3,79.83,82.47,30.55,8.4,7.7
2021-04-14,21.3,16.4,23.3,15.7,94.4,83.32,0.38,14.4,7.8
2021-04-15,19.5,16.4,23.7,16.0,84.47,83.82,0.0,5.5,7.0
2021-04-16,21.3,16.4,24.0,16.4,76.46,83.75,0.0,6.9,7.1
2021-04-17,22.5,16.3,24.3,16.7,87.43,84.18,2.96,11.7,7.8
2021-04-18,22.7,15.5,24.3,17.0,85.59,84.12,32.69,8.9,8.0
2021-04-19,18.0,14.6,24.2,17.1,60.94,83.17,0.38,2.8,7.8
2021-04-20,20.1,14.8,24.3,17.3,59.56,83.22,0.0,1.5,7.6
2021-04-21,26.7,16.6,24.6,17.5,56.44,83.13,3.38,3.2,7.5
2021-04-22,30.7,19.3,24.7,17.6,87.21,82.42,4.28,4.4,7.2
2021-04-23,31.3,21.6,24.9,17.5,88.08,82.32,2.25,5.2,7.1
2021-04-24,31.2,20.8,24.9,17.6,90.02,81.91,2.96,3.9,7.3
2021-04-25,26.6,16.1,24.9,17.6,87.86,81.15,1.84,13.6,7.3
2021-04-26,17.8,15.7,25.0,17.7,86.61,80.79,0.56,7.5,7.3
2021-04-27,19.4,15.9,25.2,17.9,63.29,83.09,9.03,3.2,6.5
2021-04-28,20.9,15.1,25.5,18.1,81.71,83.17,3.16,11.3,7.5
2021-04-29,26.2,13.7,26.0,18.4,84.61,80.79,0.0,12.5,7.3
2021-04-30,27.9,14.9,26.4,18.7,87.31,81.08,1.45,6.8,7.2
2021-05-01,29.3,18.9,26.5,19.0,87.24,81.64,21.77,4.1,7.1
2021-05-02,32.7,21.8,26.6,19.1,71.81,83.32,34.98,9.9,7.8
2021-05-03,32.3,20.7,26.7,19.3,68.12,83.44,38.72,10.2,7.7
2021-05-04,28.4,19.1,26.6,19.3,72.24,83.21,32.69,11.3,7.7
2021-05-05,23.5,17.7,26.5,19.3,80.34,83.12,42.86,5.6,6.6
2021-05-06,26.7,20.4,26.5,19.3,88.44,83.29,27.6,9.6,6.6
2021-05-07,25.9,21.0,26.6,19.4,88.45,82.58,45.86,14.1,7.7
2021-05-08,28.0,21.2,26.7,19.5,83.03,85.48,52.51,6.0,7.6
2021-05-09,27.7,22.2,26.8,19.7,80.13,85.49,32.69,9.2,7.7
2021-05-10,29.0,22.4,27.0,19.9,81.55,85.32,54.32,5.3,7.6
2021-05-11,34.4,21.9,27.1,20.1,82.82,85.18,14.5,7.2,7.5
2021-05-12,34.1,21.5,27.2,20.2,74.38,82.71,66.57,4.0,7.3
2021-05-13,27.3,22.3,27.1,20.2,74.81,83.09,47.44,2.2,7.6
2021-05-14,29.0,23.5,27.0,20.1,83.86,83.17,6.01,1.8,7.6
2021-05-15,29.6,26.3,26.9,20.1,90.53,83.22,9.66,7.8,7.7
2021-05-16,33.3,23.3,26.9,20.1,82.64,85.03,8.16,16.6,7.6
2021-05-17,33.1,17.7,27.0,20.2,80.29,83.12,15.52,4.8,7.1
2021-05-18,20.7,17.4,27.2,20.4,87.3,83.29,16.61,4.9,6.9
2021-05-19,20.5,17.4,27.6,20.5,82.38,83.21,3.62,12.7,6.7
2021-05-20,21.2,17.5,27.9,20.6,91.18,83.22,1.36,7.8,6.6
2021-05-21,21.6,17.5,28.2,20.8,90.69,83.22,2.5,2.6,5.6
2021-05-22,30.1,17.6,28.3,20.9,94.13,83.21,8.73,2.0,5.6
2021-05-23,29.5,20.8,28.5,21.1,95.88,83.31,49.08,5.4,5.5
2021-05-24,28.3,19.2,28.6,21.3,90.81,83.48,0.0,7.5,5.6
2021-05-25,26.2,19.4,28.7,21.5,83.69,83.78,0.0,7.8,5.5
2021-05-26,33.0,22.5,28.8,21.6,86.06,83.44,1.0,7.9,7.6
2021-05-27,32.8,22.9,28.9,21.7,76.8,81.76,0.79,10.2,7.5
2021-05-28,30.7,22.6,29.1,21.8,77.39,81.49,0.38,8.7,7.5
2021-05-29,34.9,23.1,29.2,21.9,77.72,81.34,0.38,3.6,7.6
2021-05-30,25.8,21.0,29.2,22.0,78.52,81.5,1.84,3.8,5.4
2021-05-31,30.4,20.9,29.4,22.1,80.35,83.29,2.33,7.2,8.0
2021-06-01,30.0,23.1,29.6,22.3,86.56,83.21,1.11,6.9,7.7
2021-06-02,29.2,24.1,29.7,22.4,89.85,83.12,0.52,9.8,7.5
2021-06-03,28.9,20.4,29.8,22.5,91.55,83.29,0.0,9.4,7.2
2021-06-04,28.2,19.3,30.0,22.6,89.17,83.21,15.52,3.6,7.1
2021-06-05,32.8,18.4,30.0,22.6,83.27,82.96,34.98,3.6,6.9
2021-06-06,35.7,19.1,30.1,22.7,80.77,83.17,36.19,4.2,7.0
2021-06-07,35.7,21.3,30.2,22.8,80.02,83.51,10.69,4.5,7.0
2021-06-08,35.3,22.7,30.2,23.0,82.4,83.56,3.87,6.6,7.1
2021-06-09,35.5,23.2,30.1,23.0,89.87,83.58,0.54,9.9,7.1
2021-06-10,33.0,23.2,30.1,23.0,82.71,83.48,4.91,6.3,5.8
2021-06-11,30.6,23.2,30.0,23.0,83.71,83.78,7.12,3.9,5.8
2021-06-12,34.0,23.8,29.9,23.0,88.03,83.97,6.88,4.4,5.8
2021-06-13,34.5,24.3,30.0,23.0,87.57,84.16,5.25,6.9,6.2
2021-06-14,34.0,24.5,30.1,23.2,65.68,84.19,12.24,10.6,6.1
2021-06-15,30.0,24.2,30.1,23.3,81.99,85.48,1.03,12.7,7.8
2021-06-16,30.5,25.5,30.3,23.5,87.07,85.49,0.41,14.5,7.6
2021-06-17,35.3,26.7,30.5,23.7,92.02,85.32,2.11,13.7,7.6
2021-06-18,35.4,25.2,30.6,23.9,86.53,85.18,15.0,8.3,5.9
2021-06-19,35.5,25.1,30.8,24.0,79.69,85.03,41.43,8.8,6.0
2021-06-20,36.2,25.3,31.0,24.1,79.09,81.31,0.38,5.1,7.3
2021-06-21,36.1,24.8,31.1,24.2,83.55,81.63,0.51,7.7,7.2
2021-06-22,31.1,25.1,31.2,24.3,86.05,82.06,0.38,7.6,7.0
2021-06-23,33.5,24.1,31.3,24.4,83.29,82.44,0.38,9.6,7.6
2021-06-24,33.7,23.9,31.4,24.5,82.3,82.58,4.74,6.2,7.7
2021-06-25,33.9,24.1,31.4,24.5,84.59,84.18,16.06,6.7,6.6
2021-06-26,34.3,24.6,31.5,24.5,83.92,84.12,11.06,3.2,6.5
2021-06-27,30.8,25.5,31.5,24.5,80.82,84.15,12.24,5.2,6.9
2021-06-28,33.0,24.4,31.6,24.6,81.97,84.38,16.61,7.9,6.8
2021-06-29,33.5,25.0,31.8,24.6,79.95,84.71,49.08,4.8,6.9
2021-06-30,33.6,25.0,31.9,24.7,79.55,85.48,0.62,1.5,5.3
2021-07-01,28.7,24.7,32.0,24.8,74.38,85.49,11.44,1.5,5.4
2021-07-02,30.4,24.3,32.1,24.9,75.07,85.32,2.11,2.1,5.4
2021-07-03,30.8,24.8,32.2,25.0,88.06,84.71,4.01,2.0,5.4
2021-07-04,32.4,24.3,32.2,25.1,91.16,84.95,8.44,2.2,6.4
2021-07-05,31.4,24.5,32.3,25.1,84.74,81.68,2.1,3.0,5.4
2021-07-06,36.1,25.0,32.5,25.2,83.05,81.61,2.75,2.3,5.5
2021-07-07,35.9,25.3,32.5,25.1,77.22,85.18,1.5,4.6,5.7
2021-07-08,35.3,23.8,32.7,25.1,75.81,85.03,4.74,4.6,5.6
2021-07-09,34.9,23.9,32.8,25.1,75.75,84.8,16.61,7.1,5.8
2021-07-10,35.8,24.3,32.9,25.1,66.98,79.1,5.43,4.4,7.8
2021-07-11,35.8,24.0,32.9,25.1,74.66,78.73,1.45,6.4,6.7
2021-07-12,35.7,24.0,32.9,25.1,73.62,78.29,3.5,5.2,6.7
2021-07-13,36.1,24.6,32.9,25.1,71.27,77.84,4.59,6.7,6.5
2021-07-14,36.6,23.7,33.0,25.1,91.53,85.03,1.45,4.4,6.3
2021-07-15,36.6,24.2,33.0,25.0,93.27,84.8,0.79,6.9,6.4
2021-07-16,37.4,24.6,33.1,25.0,92.53,85.18,2.41,11.6,7.9
2021-07-17,33.0,25.3,33.2,25.1,90.02,85.03,4.01,18.5,7.8
2021-07-18,37.0,24.6,33.2,25.1,89.67,84.8,3.06,13.2,7.7
2021-07-19,31.8,23.8,33.3,25.1,69.71,82.35,0.81,7.0,5.4
2021-07-20,31.6,24.3,33.3,25.1,70.33,82.11,0.6,4.4,6.5
2021-07-21,31.1,24.3,33.3,25.1,70.75,81.76,0.38,3.9,6.6
2021-07-22,34.4,23.9,33.3,25.0,52.26,81.49,0.47,5.8,6.6
2021-07-23,33.0,24.9,33.4,25.0,68.5,81.34,0.0,7.0,6.6
2021-07-24,37.1,24.6,33.4,25.0,88.97,75.55,0.38,4.8,5.4
2021-07-25,36.3,24.6,33.3,24.9,89.97,75.02,0.97,3.9,5.5
2021-07-26,33.0,24.7,33.2,24.9,81.78,74.37,0.58,2.2,5.7
2021-07-27,34.0,25.8,33.3,24.8,76.85,73.64,0.0,4.4,6.2
2021-07-28,37.5,25.8,33.3,24.9,80.31,73.01,0.0,3.7,6.1
2021-07-29,37.6,25.0,33.4,24.8,72.42,81.49,0.38,4.8,5.7
2021-07-30,37.8,25.2,33.5,24.9,73.96,82.35,0.0,6.4,5.7
2021-07-31,37.0,25.1,33.7,25.0,75.82,82.11,0.38,8.5,5.7
2021-08-01,37.4,25.6,33.7,25.0,76.84,81.76,0.38,4.4,5.1
2021-08-02,35.4,25.9,33.6,25.0,72.3,81.49,1.1,5.5,4.9
2021-08-03,39.2,25.2,33.5,25.0,66.58,81.04,1.5,7.0,5.5
2021-08-04,37.8,26.2,33.4,25.0,60.22,80.91,9.99,7.2,5.6
2021-08-05,38.1,26.2,33.4,24.9,66.2,80.77,6.43,9.8,5.6
2021-08-06,36.0,26.5,33.5,24.9,75.0,81.34,11.84,9.9,5.5
2021-08-07,38.1,26.4,33.6,25.0,84.18,69.86,0.38,8.1,5.5
2021-08-08,38.2,26.6,33.7,25.0,74.74,80.8,114.43,5.5,5.4
2021-08-09,37.3,26.2,33.6,25.0,71.38,79.99,76.22,7.0,5.3
2021-08-10,34.0,25.0,33.3,25.0,69.19,79.47,2.03,6.2,5.4
2021-08-11,34.4,25.1,33.2,25.0,69.77,79.12,2.1,4.2,5.4
2021-08-12,34.3,26.0,33.0,24.9,68.69,80.67,1.9,3.3,5.4
2021-08-13,34.5,24.6,32.8,24.8,73.49,80.56,8.16,5.5,5.5
2021-08-14,33.7,24.5,32.8,24.8,76.81,80.49,0.38,7.5,5.7
2021-08-15,32.8,24.0,32.8,24.7,85.69,69.59,0.38,7.1,5.6
2021-08-16,29.0,24.9,32.8,24.7,88.69,81.02,0.38,5.4,5.8
2021-08-17,33.5,24.5,32.9,24.6,80.69,81.21,0.38,6.1,5.9
2021-08-18,30.0,23.8,33.0,24.6,80.39,81.25,0.52,6.0,5.8
2021-08-19,29.7,24.0,33.1,24.6,73.45,80.73,0.38,4.1,5.8
2021-08-20,35.4,24.0,33.1,24.6,57.68,77.7,1.03,11.0,6.8
2021-08-21,35.6,24.6,33.1,24.5,53.81,77.74,0.44,4.6,5.8
2021-08-22,35.6,24.9,33.0,24.4,47.97,77.66,0.88,8.5,5.8
2021-08-23,34.6,25.4,32.9,24.4,85.3,81.63,7.89,8.3,5.9
2021-08-24,34.8,24.5,32.8,24.3,78.98,68.56,0.38,14.4,6.5
2021-08-25,31.0,24.4,32.6,24.2,74.03,68.23,1.66,5.3,6.2
2021-08-26,35.7,24.5,32.6,24.2,75.3,68.34,14.51,4.4,6.3
2021-08-27,29.9,24.0,32.6,24.2,78.3,68.47,0.38,9.2,6.5
2021-08-28,35.3,23.0,32.6,24.2,75.94,68.45,0.38,9.8,6.7
2021-08-29,35.2,23.4,32.5,24.1,85.05,81.85,11.44,5.7,6.2
2021-08-30,35.6,24.1,32.5,24.1,84.75,81.48,13.56,6.4,6.0
2021-08-31,36.0,24.1,32.4,24.0,85.7,82.58,2.25,6.8,7.0
2021-09-01,35.9,24.7,32.4,24.0,90.9,82.25,1.6,5.6,7.0
2021-09-02,31.9,24.2,32.3,23.9,85.11,79.98,0.38,8.5,5.6
2021-09-03,36.6,24.8,32.3,23.8,87.99,79.47,0.38,7.5,5.5
2021-09-04,37.0,24.8,32.2,23.8,86.4,79.12,0.38,3.4,5.5
2021-09-05,37.0,24.7,32.1,23.7,89.25,78.74,8.16,11.2,7.0
2021-09-06,33.9,24.8,32.1,23.6,88.48,78.58,0.38,9.9,6.9
2021-09-07,37.2,24.9,32.0,23.5,43.98,71.39,1.26,6.8,6.5
2021-09-08,35.4,23.7,31.9,23.5,72.7,78.73,0.96,6.8,6.5
2021-09-09,37.0,23.8,31.8,23.3,70.49,78.29,2.17,10.7,6.5
2021-09-10,38.3,24.8,31.7,23.2,70.33,77.84,1.9,9.1,6.4
2021-09-11,38.2,25.6,31.5,23.0,67.42,77.7,0.38,7.5,6.3
2021-09-12,38.0,25.5,31.3,22.9,79.59,69.68,0.0,4.5,5.1
2021-09-13,37.5,24.9,31.1,22.6,79.89,69.18,0.0,7.0,6.3
2021-09-14,37.3,26.2,31.0,22.5,77.81,68.68,0.0,7.2,6.2
2021-09-15,36.4,24.5,31.0,22.3,68.07,68.47,0.0,9.2,6.2
2021-09-16,33.6,23.6,31.0,22.2,62.12,68.71,1.66,7.8,6.0
2021-09-17,34.0,23.2,30.9,22.2,82.63,77.33,6.65,2.6,4.9
2021-09-18,31.3,24.4,30.8,22.1,73.32,77.05,0.38,3.3,5.0
2021-09-19,32.1,24.3,30.6,22.0,73.15,77.74,0.38,2.8,5.1
2021-09-20,35.3,23.4,30.4,21.8,73.72,77.66,0.0,4.8,5.7
2021-09-21,32.2,23.6,30.2,21.6,73.66,77.33,0.0,5.8,5.6
2021-09-22,36.0,23.4,30.0,21.5,81.1,73.01,1.77,3.7,5.3
2021-09-23,35.3,23.9,30.0,21.3,79.05,73.0,1.72,2.7,5.3
2021-09-24,35.2,23.3,29.9,21.2,80.74,72.85,21.77,3.6,5.4
2021-09-25,34.9,23.7,29.8,21.2,76.02,76.74,0.69,2.6,5.4
2021-09-26,32.9,24.4,29.8,21.2,82.37,76.49,0.38,5.8,5.3
2021-09-27,33.5,24.6,29.7,21.1,64.8,73.02,24.93,7.5,7.0
2021-09-28,36.1,25.0,29.5,21.0,74.55,72.82,21.77,2.8,7.2
2021-09-29,34.2,24.7,29.5,20.8,77.9,72.53,0.38,2.3,5.5
2021-09-30,36.4,23.2,29.5,20.7,52.04,68.23,0.38,3.1,5.5
2021-10-01,34.6,23.5,29.5,20.6,57.51,68.03,0.38,4.2,5.5
2021-10-02,32.7,23.9,29.3,20.3,59.72,73.01,2.33,5.1,7.4
2021-10-03,35.2,23.5,28.9,20.1,70.87,73.0,0.38,4.4,7.3
2021-10-04,35.1,24.0,28.5,19.8,80.8,72.85,1.77,3.2,7.2
2021-10-05,33.4,23.7,27.9,19.4,79.9,72.6,0.67,2.8,5.5
2021-10-06,32.6,23.7,27.5,19.1,79.76,72.72,0.38,2.6,5.4
2021-10-07,35.6,20.9,27.2,18.8,57.45,70.35,0.0,2.9,7.3
2021-10-08,27.6,19.9,27.3,18.7,67.76,70.25,0.0,5.7,7.4
2021-10-09,26.6,19.8,27.3,18.8,70.99,71.39,0.0,9.8,5.7
2021-10-10,22.5,17.7,27.4,18.7,74.09,71.12,0.0,10.3,5.8
2021-10-11,23.2,15.0,27.2,18.7,76.84,70.7,0.38,11.0,5.8
2021-10-12,22.1,14.9,27.0,18.7,82.46,69.86,3.16,15.2,7.9
2021-10-13,21.9,15.6,26.8,18.5,81.16,69.59,25.79,8.5,5.9
2021-10-14,23.5,17.2,26.5,18.4,73.28,70.07,36.18,8.2,6.0
2021-10-15,21.6,16.9,26.2,18.2,74.96,69.9,4.14,8.5,6.2
2021-10-16,21.6,15.1,26.1,18.0,72.52,69.94,21.77,5.9,6.2
2021-10-17,17.5,14.3,26.0,17.7,41.44,69.34,0.38,18.1,8.1
2021-10-18,21.6,14.9,25.8,17.6,57.91,69.71,0.38,2.7,6.6
2021-10-19,23.1,15.3,25.6,17.4,58.35,70.18,0.38,9.6,6.8
2021-10-20,22.1,13.8,25.4,17.1,75.02,69.44,0.38,8.1,6.9
2021-10-21,16.8,13.4,25.2,16.8,84.52,69.14,0.0,5.2,6.9
2021-10-22,14.9,12.5,25.0,16.6,74.24,68.84,14.5,5.0,7.9
2021-10-23,18.5,12.7,24.9,16.5,75.66,68.62,15.52,5.3,6.9
2021-10-24,20.7,12.7,24.7,16.4,72.67,68.44,24.1,5.6,7.0
2021-10-25,21.1,10.0,24.5,16.3,83.73,68.26,12.66,6.4,7.2
2021-10-26,22.5,14.7,24.3,16.2,71.57,67.48,0.38,5.0,7.4
2021-10-27,27.1,15.6,24.0,16.0,67.36,68.0,0.38,6.8,7.3
2021-10-28,23.1,16.4,23.7,15.8,65.5,68.15,0.0,9.4,7.2
2021-10-29,25.4,17.2,23.8,15.6,72.61,68.47,0.0,7.7,7.2
2021-10-30,20.8,15.0,23.8,15.4,91.0,68.34,0.38,5.1,7.6
2021-10-31,22.9,16.2,23.7,15.2,77.63,68.47,0.0,8.4,7.7
2021-11-01,17.6,15.8,23.8,15.0,75.06,68.47,0.38,14.8,7.8
2021-11-02,17.9,15.9,23.8,14.9,78.56,68.56,0.38,8.1,6.9
2021-11-03,20.0,16.0,23.7,14.8,74.65,68.75,0.38,11.7,6.9
2021-11-04,21.8,16.8,23.8,14.9,59.24,68.55,0.0,16.8,7.7
2021-11-05,24.7,17.2,24.0,15.0,62.69,68.69,0.96,15.9,7.7
2021-11-06,24.7,19.2,23.9,15.0,73.35,68.8,3.05,14.3,7.4
2021-11-07,26.5,9.4,23.6,14.9,79.64,68.98,3.05,18.4,7.5
2021-11-08,21.1,8.7,23.1,14.6,79.43,69.34,1.84,15.2,7.5
2021-11-09,16.1,10.7,22.5,14.2,83.91,73.02,0.38,7.9,8.2
2021-11-10,23.0,8.7,21.8,13.9,89.33,72.82,0.0,9.3,8.4
2021-11-11,23.3,10.7,21.3,13.5,92.0,72.53,0.0,7.0,8.4
2021-11-12,23.2,10.2,21.0,13.3,88.3,71.83,0.38,3.4,7.2
2021-11-13,18.6,8.1,20.7,13.1,83.77,70.84,0.38,4.7,7.3
2021-11-14,20.3,9.3,20.4,12.9,82.36,69.75,1.96,16.7,7.8
2021-11-15,23.7,12.4,20.1,12.7,88.45,69.43,0.81,12.5,7.8
2021-11-16,16.5,13.7,19.8,12.5,81.03,69.37,4.43,6.7,7.7
2021-11-17,15.9,12.4,19.5,12.3,80.45,69.09,0.0,9.0,7.7
2021-11-18,19.4,9.5,19.3,12.1,81.18,70.8,0.38,3.0,7.6
2021-11-19,21.2,14.0,19.3,11.9,87.94,68.88,0.71,6.2,7.5
2021-11-20,18.8,15.2,19.4,11.8,90.93,68.76,0.38,9.1,7.6
2021-11-21,17.3,11.2,19.4,11.6,87.63,68.4,0.38,7.1,7.5
2021-11-22,17.0,10.2,19.3,11.4,87.75,68.47,4.28,8.2,7.7
2021-11-23,13.1,10.2,19.3,11.2,81.06,68.47,5.25,6.2,7.4
2021-11-24,16.3,7.1,19.1,11.1,69.89,68.6,1.9,4.9,8.4
2021-11-25,18.9,9.2,18.8,10.9,70.66,68.58,3.06,4.1,8.2
2021-11-26,19.5,7.1,18.6,10.7,71.82,68.51,0.81,3.7,8.1
2021-11-27,19.0,7.5,18.3,10.5,75.66,68.97,2.11,11.6,7.9
2021-11-28,19.4,7.4,17.9,10.2,67.58,68.84,4.01,2.2,7.4
2021-11-29,20.3,9.0,17.6,9.8,64.69,68.62,6.01,1.8,7.3
2021-11-30,23.8,8.7,17.3,9.4,52.81,68.44,3.27,3.4,7.1
2021-12-01,15.8,6.4,17.0,9.2,59.49,68.26,2.41,7.3,6.8
2021-12-02,20.1,4.2,16.9,9.0,50.47,68.22,0.0,4.0,7.8
2021-12-03,18.1,6.6,16.9,8.9,42.14,68.61,4.28,3.9,7.6
2021-12-04,17.9,6.2,16.8,8.8,38.77,68.76,15.52,9.0,7.8
2021-12-05,18.5,6.8,16.6,8.7,44.95,68.58,28.55,10.6,7.8
2021-12-06,19.1,6.9,16.5,8.6,50.63,68.39,6.88,14.2,7.6
2021-12-07,23.2,6.1,16.3,8.5,54.0,68.55,0.0,13.6,7.7
2021-12-08,21.9,6.9,16.1,8.4,70.18,68.64,0.0,9.1,7.9
2021-12-09,21.7,9.6,16.0,8.4,52.42,68.96,0.79,14.3,7.8
2021-12-10,20.0,9.3,16.0,8.3,51.57,69.27,1.0,4.6,7.8
2021-12-11,21.2,12.4,16.0,8.3,53.24,69.21,3.62,12.6,7.4
2021-12-12,23.7,10.3,15.9,8.3,82.71,68.62,1.61,5.1,7.3
2021-12-13,15.2,9.0,15.8,8.2,83.27,68.47,0.64,10.2,7.1
2021-12-14,17.4,8.0,15.5,8.0,62.65,68.58,0.41,4.8,7.8
2021-12-15,20.0,11.7,15.2,7.7,50.58,69.27,6.01,2.8,7.8
2021-12-16,18.0,12.1,14.9,7.4,69.38,69.13,7.37,2.6,7.7
2021-12-17,21.0,8.6,14.7,7.2,70.81,68.94,0.0,2.4,7.6
2021-12-18,17.5,6.9,14.6,7.2,63.72,69.02,0.38,2.6,7.6
2021-12-19,18.8,3.1,14.6,7.2,75.62,68.84,1.77,4.2,7.7
2021-12-20,19.0,8.2,14.8,7.2,77.81,68.62,4.91,4.7,7.8
2021-12-21,18.8,9.3,14.8,7.3,69.28,68.44,11.06,5.0,8.0
2021-12-22,22.1,7.0,14.9,7.2,74.13,68.41,1.23,3.6,8.1
2021-12-23,22.3,8.8,14.9,7.1,52.85,68.49,0.38,3.7,8.1
2021-12-24,21.1,8.9,14.6,6.9,49.24,68.55,19.67,2.5,7.4
2021-12-25,15.4,6.1,14.1,6.8,34.44,68.63,1.72,2.6,7.4
2021-12-26,11.4,1.1,13.8,6.6,41.24,68.6,2.58,2.6,7.4
2021-12-27,5.6,1.2,13.4,6.4,43.62,68.96,6.01,8.3,7.4
2021-12-28,4.6,1.7,13.2,6.3,47.99,69.27,0.74,8.5,7.7
2021-12-29,10.7,2.4,13.1,6.3,72.45,68.6,0.38,6.4,7.7
2021-12-30,13.2,4.7,13.1,6.3,81.93,68.96,6.22,5.6,7.7
2021-12-31,12.6,4.3,13.0,6.3,79.1,69.27,0.38,5.2,7.6
2022-01-01,13.1,7.7,13.1,6.4,88.45,75.48,5.43,10.6,7.7
2022-01-02,17.0,7.3,13.1,6.3,85.15,75.86,1.77,5.7,7.6
2022-01-03,17.5,8.5,13.0,6.2,88.62,76.09,2.5,4.8,7.7
2022-01-04,20.2,11.3,12.9,6.2,93.09,76.03,0.0,5.7,7.7
2022-01-05,19.1,10.2,12.8,6.2,76.98,70.35,9.34,3.8,7.6
2022-01-06,15.5,7.6,12.7,6.2,79.03,70.98,2.41,3.1,7.5
2022-01-07,11.0,7.0,12.6,6.2,80.17,71.66,0.0,4.4,7.5
2022-01-08,8.2,7.4,12.6,6.2,85.82,71.99,4.74,3.8,7.4
2022-01-09,9.1,7.2,12.7,6.2,95.4,78.16,2.04,3.3,8.1
2022-01-10,9.7,7.6,12.7,6.2,83.45,71.82,2.41,4.2,8.0
2022-01-11,12.8,5.4,12.7,6.1,82.57,71.7,0.38,5.7,7.9
2022-01-12,15.2,3.8,12.6,6.0,90.85,71.61,0.49,6.1,7.9
2022-01-13,12.5,8.6,12.3,5.9,55.85,77.46,0.38,7.1,7.8
2022-01-14,15.8,7.9,12.1,5.7,64.54,76.96,2.67,6.8,7.7
2022-01-15,10.8,10.0,11.9,5.6,74.93,76.82,2.25,8.6,7.7
2022-01-16,9.9,8.4,11.8,5.6,69.73,71.79,3.5,8.2,7.6
2022-01-17,10.3,8.3,11.8,5.6,73.06,71.98,12.66,10.4,7.6
2022-01-18,16.6,8.1,12.0,5.7,76.08,77.38,0.38,6.1,7.6
2022-01-19,17.2,4.3,12.1,5.8,77.45,78.13,0.38,9.4,7.2
2022-01-20,17.3,5.9,12.1,5.9,76.16,78.37,0.0,13.4,7.1
2022-01-21,13.9,9.4,12.1,5.9,78.45,78.35,0.38,4.0,7.3
2022-01-22,14.0,11.1,12.0,5.9,74.97,78.28,1.0,3.9,7.3
2022-01-23,13.2,8.0,11.7,5.8,92.94,74.06,0.0,8.1,7.2
2022-01-24,11.7,6.4,11.6,5.7,90.92,73.85,1.14,8.2,7.1
2022-01-25,10.2,6.5,11.6,5.8,89.87,74.14,7.62,12.5,7.3
2022-01-26,12.8,6.5,11.9,5.8,85.8,74.15,12.66,4.6,7.2
2022-01-27,11.1,6.8,12.1,5.9,81.44,74.24,21.77,4.0,7.0
2022-01-28,8.3,4.7,12.4,6.0,69.14,74.32,15.52,5.4,6.9
2022-01-29,6.7,3.2,12.4,6.1,60.02,71.99,0.0,5.7,6.7
2022-01-30,10.1,3.2,12.3,6.2,63.19,71.82,0.0,6.4,6.7
2022-01-31,9.4,3.4,12.1,6.2,71.0,80.5,1.97,7.7,6.7
2022-02-01,7.5,3.6,11.9,6.2,89.02,81.17,0.4,9.1,6.5
2022-02-02,7.5,4.1,11.8,6.3,84.4,81.7,7.89,8.1,6.3
2022-02-03,11.4,4.1,12.0,6.3,33.5,71.61,0.0,2.6,5.7
2022-02-04,12.1,2.9,12.3,6.4,31.06,71.63,0.0,5.4,5.7
2022-02-05,14.0,1.3,12.5,6.6,36.45,71.58,0.0,6.8,5.7
2022-02-06,12.5,5.2,12.8,6.7,38.41,71.79,0.69,5.8,5.6
2022-02-07,11.5,4.9,13.1,6.9,80.98,71.71,0.62,8.6,5.9
2022-02-08,11.1,3.4,13.3,7.1,49.95,71.98,0.38,10.4,5.8
2022-02-09,8.0,3.3,13.5,7.1,50.0,71.99,0.51,11.4,5.9
2022-02-10,8.2,3.5,13.7,7.3,48.25,71.57,2.58,5.7,7.6
2022-02-11,8.9,6.6,14.0,7.5,50.97,71.71,9.03,5.4,7.6
2022-02-12,8.5,6.0,14.3,7.6,85.93,72.71,0.0,6.0,7.6
2022-02-13,8.6,5.3,14.4,7.8,86.45,73.49,3.5,10.2,7.6
2022-02-14,17.5,2.8,14.4,8.0,77.59,74.09,6.88,3.9,7.8
2022-02-15,17.4,6.3,14.3,8.0,52.23,72.17,12.24,9.8,7.9
2022-02-16,12.8,8.6,14.1,7.9,50.85,72.71,0.44,3.9,7.8
2022-02-17,10.1,6.5,13.9,7.9,81.45,74.06,0.38,10.0,8.2
2022-02-18,10.0,3.9,13.8,7.8,52.01,73.85,0.0,11.3,8.2
2022-02-19,4.8,3.2,13.8,7.9,51.52,73.77,0.0,7.4,8.1
2022-02-20,5.8,2.0,14.1,8.0,53.3,73.56,9.34,5.5,7.8
2022-02-21,5.9,1.8,14.3,8.1,69.32,73.85,19.01,10.5,7.8
2022-02-22,5.8,2.1,14.4,8.2,70.64,78.13,1.84,11.8,7.6
2022-02-23,9.8,0.6,14.5,8.4,85.39,75.48,0.38,12.1,7.6
2022-02-24,12.1,3.0,14.6,8.5,89.02,75.86,1.4,16.8,7.5
2022-02-25,11.4,4.8,14.6,8.5,92.62,76.09,24.1,14.4,7.4
2022-02-26,17.1,5.7,14.8,8.6,92.59,76.03,3.5,10.5,7.6
2022-02-27,20.4,9.3,15.0,8.7,71.3,78.35,7.12,4.8,5.8
2022-02-28,21.5,7.5,15.2,8.8,71.31,78.28,1.23,6.4,5.7
2022-03-01,24.1,11.9,15.4,8.9,72.39,78.21,0.74,12.5,7.8
2022-03-02,21.4,8.0,15.6,9.0,76.96,77.61,13.11,7.8,8.0
2022-03-03,25.3,13.0,15.8,9.1,54.81,81.91,2.75,3.6,7.6
2022-03-04,27.6,15.9,15.9,9.4,54.89,81.15,1.07,3.0,7.8
2022-03-05,27.1,15.5,16.0,9.7,63.89,80.79,0.38,6.6,8.1
2022-03-06,20.6,14.4,16.2,9.9,70.85,81.08,0.38,7.2,8.2
2022-03-07,20.1,10.0,16.3,10.0,81.26,81.64,0.0,4.9,8.2
2022-03-08,25.6,9.2,16.3,10.2,86.05,75.56,5.25,6.3,7.6
2022-03-09,25.8,11.8,16.4,10.3,78.36,76.43,0.38,6.4,4.9
2022-03-10,25.8,12.2,16.6,10.4,74.53,77.09,0.38,6.1,4.9
2022-03-11,25.0,15.1,16.7,10.6,71.31,77.56,0.0,7.9,4.9
2022-03-12,24.3,17.2,16.9,10.9,86.6,77.56,4.14,5.3,5.1
2022-03-13,26.8,18.7,17.2,11.1,88.82,78.16,4.43,8.5,5.2
2022-03-14,24.4,19.5,17.5,11.2,80.24,78.65,15.0,8.5,5.2
2022-03-15,31.1,17.5,17.8,11.4,65.91,78.4,3.62,7.3,5.3
2022-03-16,31.2,18.5,18.2,11.6,73.95,78.0,13.56,4.6,7.6
2022-03-17,24.7,16.2,18.4,11.8,60.56,77.76,0.0,6.3,5.5
2022-03-18,28.7,16.2,18.6,11.9,58.12,77.64,0.0,6.4,5.5
2022-03-19,31.0,16.6,18.6,12.1,92.49,77.46,0.0,8.9,7.7
2022-03-20,31.1,13.7,18.5,12.1,68.64,77.48,1.5,5.3,7.6
2022-03-21,25.9,11.1,18.3,12.1,60.17,77.74,0.38,5.1,7.2
2022-03-22,15.4,9.5,18.3,12.0,79.54,82.52,0.0,6.4,5.5
2022-03-23,15.4,9.6,18.3,11.9,87.08,82.57,0.62,3.3,5.4
2022-03-24,14.4,10.4,18.3,11.9,91.47,82.47,0.38,4.1,5.3
2022-03-25,27.7,10.8,18.6,12.0,87.25,82.16,17.18,6.2,7.3
2022-03-26,27.4,12.7,18.9,12.2,79.44,81.43,11.84,3.1,7.3
2022-03-27,19.3,10.7,19.3,12.5,88.86,77.48,7.37,2.8,7.5
2022-03-28,24.1,9.1,19.6,13.0,93.41,77.74,6.65,2.4,5.4
2022-03-29,24.2,12.3,19.8,13.3,86.12,83.17,0.93,1.0,5.4
2022-03-30,19.0,14.6,20.1,13.6,80.75,83.22,0.0,2.4,5.5
2022-03-31,19.8,14.1,20.4,13.7,80.15,83.13,0.0,4.0,5.7
2022-04-01,18.5,11.8,20.5,13.9,80.42,81.94,10.69,3.0,8.0
2022-04-02,21.3,10.4,20.7,14.0,77.33,82.14,6.22,9.7,7.8
2022-04-03,21.5,7.2,20.9,14.1,90.25,82.52,8.44,7.8,7.7
2022-04-04,27.1,11.1,21.0,14.3,69.01,77.65,9.66,2.3,7.6
2022-04-05,27.1,13.6,21.2,14.5,83.74,77.46,0.38,4.0,7.6
2022-04-06,29.5,14.2,21.5,14.7,74.46,82.16,0.0,2.9,7.6
2022-04-07,27.2,14.4,21.8,15.0,82.37,81.43,3.27,8.1,7.6
2022-04-08,31.9,15.1,22.0,15.2,82.83,80.81,4.0,6.8,7.7
2022-04-09,31.5,14.6,22.1,15.3,80.86,80.44,1.83,5.0,7.7
2022-04-10,30.9,18.4,22.2,15.3,62.01,78.36,19.01,8.0,7.8
2022-04-11,31.6,18.1,22.2,15.3,59.11,82.24,17.18,8.0,7.2
2022-04-12,31.6,19.6,22.2,15.3,47.29,82.43,13.11,8.1,8.0
2022-04-13,28.2,16.6,22.7,15.3,63.32,82.47,16.61,7.5,7.8
2022-04-14,24.6,13.9,23.3,15.7,64.48,82.42,16.61,4.9,7.6
2022-04-15,28.5,12.7,23.7,16.0,65.97,82.32,4.91,5.3,7.5
2022-04-16,17.0,11.2,24.0,16.4,85.17,82.52,0.38,6.0,7.3
2022-04-17,14.1,11.8,24.3,16.7,92.68,83.21,0.85,6.5,7.3
2022-04-18,21.1,12.1,24.3,17.0,81.07,82.96,1.55,14.4,7.4
2022-04-19,26.2,13.2,24.2,17.1,74.7,83.17,0.38,11.0,7.5
2022-04-20,26.8,14.2,24.3,17.3,73.25,83.51,0.41,5.0,7.8
2022-04-21,27.8,12.9,24.6,17.5,66.63,82.57,1.55,2.3,7.0
2022-04-22,27.5,15.4,24.7,17.6,76.38,82.47,14.02,4.2,7.2
2022-04-23,26.0,21.1,24.9,17.5,87.54,82.16,41.43,5.5,7.3
2022-04-24,30.8,20.1,24.9,17.6,87.51,81.42,2.95,5.7,7.4
2022-04-25,31.6,21.9,24.9,17.6,89.73,80.81,6.65,8.0,7.3
2022-04-26,31.2,22.2,25.0,17.7,90.33,82.83,9.99,6.9,7.4
2022-04-27,31.5,23.0,25.2,17.9,92.76,82.87,0.0,5.8,7.3
2022-04-28,32.7,22.2,25.5,18.1,60.56,82.43,2.96,9.9,7.2
2022-04-29,32.2,15.5,26.0,18.4,74.2,82.47,6.88,7.7,7.2
2022-04-30,20.6,14.5,26.4,18.7,89.31,82.42,11.44,4.3,7.3
2022-05-01,16.3,13.1,26.5,19.0,91.46,83.21,0.38,5.1,8.0
2022-05-02,23.0,10.2,26.6,19.1,94.89,83.31,1.72,6.6,7.8
2022-05-03,24.5,12.7,26.7,19.3,93.61,82.65,19.01,6.8,7.7
2022-05-04,30.2,16.3,26.6,19.3,91.51,82.58,2.85,7.5,7.6
2022-05-05,31.7,16.7,26.5,19.3,90.06,82.49,0.87,8.2,7.7
2022-05-06,31.6,19.9,26.5,19.3,85.03,81.75,30.55,3.2,6.9
2022-05-07,28.8,18.6,26.6,19.4,82.55,81.93,26.68,9.3,6.9
2022-05-08,25.2,20.2,26.7,19.5,90.59,82.24,0.38,6.0,7.6
2022-05-09,23.4,20.6,26.8,19.7,78.75,82.43,2.96,5.0,7.6
2022-05-10,25.4,20.0,27.0,19.9,68.21,82.47,2.49,8.9,6.7
2022-05-11,25.4,19.1,27.1,20.1,86.23,82.42,4.58,6.7,6.7
2022-05-12,25.7,19.0,27.2,20.2,88.39,82.32,0.38,9.1,7.1
2022-05-13,24.5,19.8,27.1,20.2,86.13,83.99,30.55,12.9,8.2
2022-05-14,23.1,18.3,27.0,20.1,77.62,83.78,5.25,12.3,8.4
2022-05-15,25.1,15.1,26.9,20.1,89.23,83.59,12.24,13.0,8.4
2022-05-16,23.1,13.8,26.9,20.1,87.86,83.59,19.01,13.5,8.2
2022-05-17,24.7,16.2,27.0,20.2,82.08,83.56,9.66,2.7,6.7
2022-05-18,26.2,17.1,27.2,20.4,87.73,83.75,1.19,6.2,8.0
2022-05-19,30.3,20.5,27.6,20.5,83.8,85.91,2.17,9.5,7.9
2022-05-20,25.5,19.2,27.9,20.6,85.1,85.86,4.14,13.9,7.9
2022-05-21,23.9,18.8,28.2,20.8,85.59,85.63,11.44,11.6,7.9
2022-05-22,23.8,18.8,28.3,20.9,86.52,85.48,7.89,8.8,8.0
2022-05-23,20.4,18.9,28.5,21.1,73.06,82.83,0.0,10.2,7.8
2022-05-24,23.3,19.1,28.6,21.3,85.89,82.87,0.38,8.5,8.0
2022-05-25,26.2,20.0,28.7,21.5,82.19,82.65,1.84,8.9,8.0
2022-05-26,27.6,21.6,28.8,21.6,86.75,83.51,3.06,13.0,7.7
2022-05-27,27.9,20.5,28.9,21.7,89.3,83.19,4.28,12.3,7.5
2022-05-28,28.6,21.5,29.1,21.8,85.76,83.56,6.65,6.9,6.8
2022-05-29,32.5,21.7,29.2,21.9,73.66,83.4,0.85,9.0,6.9
2022-05-30,32.7,22.5,29.2,22.0,86.19,82.58,8.44,5.9,6.8
2022-05-31,28.3,22.1,29.4,22.1,82.83,82.49,15.52,5.5,6.9
2022-06-01,33.5,21.5,29.6,22.3,90.58,82.65,2.25,5.4,7.0
2022-06-02,33.4,24.4,29.7,22.4,89.49,83.66,0.38,10.3,7.3
2022-06-03,32.8,23.7,29.8,22.5,91.85,83.8,0.0,4.9,5.8
2022-06-04,31.5,22.7,30.0,22.6,88.12,83.64,2.25,5.7,5.8
2022-06-05,28.8,22.8,30.0,22.6,92.66,83.53,9.03,4.7,5.7
2022-06-06,29.9,23.3,30.1,22.7,89.57,83.54,16.05,3.6,5.7
2022-06-07,29.0,23.8,30.2,22.8,87.82,84.12,76.22,4.3,7.3
2022-06-08,29.9,22.5,30.2,23.0,85.22,83.99,20.35,3.0,7.3
2022-06-09,35.0,23.2,30.1,23.0,83.75,83.2,1.55,7.8,7.1
2022-06-10,35.0,22.1,30.1,23.0,91.22,83.03,7.89,4.5,6.8
2022-06-11,29.7,21.8,30.0,23.0,93.22,83.77,44.33,3.2,7.4
2022-06-12,29.2,22.6,29.9,23.0,75.05,83.59,0.52,3.2,7.3
2022-06-13,29.0,21.6,30.0,23.0,60.14,83.59,0.38,3.5,7.3
2022-06-14,31.3,22.4,30.1,23.2,69.08,83.56,4.58,3.0,7.2
2022-06-15,31.1,22.4,30.1,23.3,86.57,83.78,29.53,3.4,7.1
2022-06-16,31.1,22.0,30.3,23.5,66.52,83.53,11.44,4.7,6.4
2022-06-17,25.5,22.4,30.5,23.7,72.25,83.54,14.51,3.2,6.5
2022-06-18,26.8,22.6,30.6,23.9,77.2,83.57,8.73,8.0,7.2
2022-06-19,29.8,23.1,30.8,24.0,76.6,83.29,9.34,5.3,7.0
2022-06-20,29.8,23.1,31.0,24.1,74.38,83.22,9.99,8.3,6.9
2022-06-21,25.4,23.0,31.1,24.2,93.32,85.23,4.74,2.3,5.9
2022-06-22,32.3,23.0,31.2,24.3,93.68,85.42,2.25,3.9,5.9
2022-06-23,30.2,23.8,31.3,24.4,94.65,85.68,0.38,8.0,6.6
2022-06-24,34.7,23.9,31.4,24.5,81.16,80.55,0.0,11.7,7.6
2022-06-25,34.9,23.4,31.4,24.5,84.01,80.46,6.01,8.2,7.6
2022-06-26,30.2,24.1,31.5,24.5,78.83,80.72,7.62,7.1,7.7
2022-06-27,34.0,24.5,31.5,24.5,86.09,81.02,1.97,11.6,7.8
2022-06-28,33.3,24.8,31.6,24.6,90.69,83.57,0.38,5.7,6.5
2022-06-29,31.2,23.5,31.8,24.6,92.9,83.29,0.38,9.5,7.5
2022-06-30,34.5,23.2,31.9,24.7,90.89,83.22,0.38,9.6,7.3
2022-07-01,36.2,23.6,32.0,24.8,68.9,83.21,0.76,8.6,7.2
2022-07-02,36.4,24.6,32.1,24.9,85.06,81.23,4.74,7.0,7.1
2022-07-03,31.1,24.5,32.2,25.0,79.18,83.31,0.0,5.3,6.6
2022-07-04,29.6,24.6,32.2,25.1,73.68,83.48,0.0,10.9,6.7
2022-07-05,33.8,25.0,32.3,25.1,75.74,83.77,0.38,13.6,6.7
2022-07-06,33.3,23.4,32.5,25.2,83.24,83.97,1.31,11.0,6.7
2022-07-07,33.0,23.6,32.5,25.1,65.66,83.31,15.52,7.8,6.5
2022-07-08,34.2,23.7,32.7,25.1,87.84,85.91,1.66,5.0,5.5
2022-07-09,35.2,23.6,32.8,25.1,88.7,85.86,19.01,4.1,5.5
2022-07-10,35.1,24.9,32.9,25.1,95.23,85.63,24.93,2.9,5.6
2022-07-11,35.2,24.3,32.9,25.1,90.11,85.48,36.19,2.3,5.6
2022-07-12,31.4,24.3,32.9,25.1,89.28,84.16,38.72,2.4,5.5
2022-07-13,36.4,24.6,32.9,25.1,87.28,78.74,1.6,12.4,8.0
2022-07-14,36.4,24.3,33.0,25.1,83.56,82.84,3.74,11.3,8.0
2022-07-15,36.5,24.4,33.0,25.0,83.98,82.64,7.62,5.8,7.1
2022-07-16,36.4,25.9,33.1,25.0,79.96,82.48,4.01,6.5,7.2
2022-07-17,34.6,26.2,33.2,25.1,80.19,82.35,8.16,5.2,7.1
2022-07-18,33.3,25.0,33.2,25.1,81.91,78.58,2.25,3.1,6.6
2022-07-19,30.3,24.4,33.3,25.1,82.29,78.69,54.32,8.9,7.8
2022-07-20,30.8,24.6,33.3,25.1,81.47,79.01,68.86,11.0,7.7
2022-07-21,34.9,24.1,33.3,25.1,86.79,79.29,8.73,13.9,7.7
2022-07-22,36.3,23.9,33.3,25.0,83.79,79.46,2.76,12.3,7.6
2022-07-23,37.6,23.8,33.4,25.0,90.55,85.34,13.56,9.9,6.5
2022-07-24,37.7,24.0,33.4,25.0,80.21,85.48,0.54,12.2,6.6
2022-07-25,38.4,25.6,33.3,24.9,81.11,85.34,25.79,5.4,6.7
2022-07-26,39.0,24.6,33.2,24.9,83.01,85.24,93.39,4.6,7.3
2022-07-27,39.0,24.4,33.3,24.8,73.97,83.41,6.43,6.8,5.7
2022-07-28,38.2,24.4,33.3,24.9,78.05,83.2,42.86,8.6,5.6
2022-07-29,38.0,24.6,33.4,24.8,73.11,83.03,10.34,6.4,5.5
2022-07-30,35.3,23.7,33.5,24.9,68.85,82.84,10.34,4.4,5.5
2022-07-31,36.2,24.7,33.7,25.0,67.82,82.64,295.33,3.5,5.6
2022-08-01,37.0,24.7,33.7,25.0,87.49,76.04,3.16,3.5,6.0
2022-08-02,38.2,25.8,33.6,25.0,71.66,80.77,1.77,3.1,6.0
2022-08-03,38.3,25.9,33.5,25.0,72.42,80.67,1.14,4.9,6.1
2022-08-04,32.8,25.4,33.4,25.0,70.16,80.56,0.38,4.6,5.5
2022-08-05,37.5,24.3,33.4,24.9,77.0,83.03,1.35,7.1,6.2
2022-08-06,34.6,23.5,33.5,24.9,78.42,82.84,1.22,7.5,6.3
2022-08-07,36.0,24.5,33.6,25.0,76.52,83.41,0.38,4.1,6.5
2022-08-08,35.9,24.0,33.7,25.0,79.35,83.2,0.46,4.4,6.7
2022-08-09,36.3,24.1,33.6,25.0,70.84,81.05,1.66,8.9,7.0
2022-08-10,36.0,23.8,33.3,25.0,67.43,80.87,0.38,6.9,7.0
2022-08-11,33.9,24.3,33.2,25.0,67.19,80.96,0.38,4.3,7.1
2022-08-12,31.0,23.9,33.0,24.9,81.47,82.64,0.38,5.7,7.2
2022-08-13,34.9,24.1,32.8,24.8,91.31,71.12,0.38,6.9,5.8
2022-08-14,35.2,24.3,32.8,24.8,75.26,81.6,0.38,7.3,5.9
2022-08-15,37.4,24.4,32.8,24.7,79.66,82.06,0.38,6.0,5.9
2022-08-16,37.7,24.6,32.8,24.7,79.19,82.44,0.46,5.0,5.8
2022-08-17,33.7,25.5,32.9,24.6,67.64,80.87,0.38,3.9,6.5
2022-08-18,36.7,25.4,33.0,24.6,70.83,80.96,0.0,6.6,5.8
2022-08-19,37.3,25.9,33.1,24.6,88.14,70.7,0.38,4.9,5.8
2022-08-20,36.9,25.7,33.1,24.6,84.99,70.35,2.67,3.6,5.8
2022-08-21,37.4,25.2,33.1,24.5,71.99,80.86,2.58,4.8,6.2
2022-08-22,34.4,25.1,33.0,24.4,70.59,80.96,5.82,4.0,6.2
2022-08-23,38.0,25.2,32.9,24.4,66.48,81.03,0.38,7.1,6.0
2022-08-24,39.0,26.6,32.8,24.3,74.87,80.91,0.38,2.7,6.1
2022-08-25,39.1,26.8,32.6,24.2,67.85,79.1,2.49,2.9,5.6
2022-08-26,37.5,24.1,32.6,24.2,78.13,81.29,2.17,3.4,5.5
2022-08-27,34.9,24.9,32.6,24.2,89.83,81.28,1.96,7.8,6.8
2022-08-28,37.9,24.9,32.6,24.2,87.24,81.11,2.25,7.1,6.9
2022-08-29,37.9,25.2,32.5,24.1,90.22,81.03,2.25,7.9,7.0
2022-08-30,38.0,25.8,32.5,24.1,75.77,67.48,2.04,7.7,5.2
2022-08-31,37.2,25.1,32.4,24.0,74.38,68.0,0.94,13.2,7.1
2022-09-01,31.5,23.8,32.4,24.0,77.37,81.3,2.17,8.3,5.2
2022-09-02,31.6,21.9,32.3,23.9,84.46,81.63,2.1,5.9,5.1
2022-09-03,32.7,21.5,32.3,23.8,68.23,80.96,4.0,4.1,4.9
2022-09-04,32.6,22.9,32.2,23.8,75.67,80.98,0.38,3.0,4.9
2022-09-05,33.2,20.6,32.1,23.7,79.65,81.28,7.37,2.8,4.9
2022-09-06,34.6,23.0,32.1,23.6,88.03,79.99,0.38,4.7,5.0
2022-09-07,35.0,23.8,32.0,23.5,77.4,79.47,0.47,4.7,5.1
2022-09-08,38.1,24.3,31.9,23.5,86.71,79.12,4.43,6.0,5.2
2022-09-09,36.4,24.1,31.8,23.3,84.25,78.74,2.96,6.1,5.2
2022-09-10,33.8,23.6,31.7,23.2,58.07,74.37,9.03,3.6,5.3
2022-09-11,37.1,24.6,31.5,23.0,64.66,73.64,41.43,4.3,5.4
2022-09-12,33.2,23.4,31.3,22.9,53.57,73.01,21.05,4.5,5.4
2022-09-13,32.0,23.3,31.1,22.6,90.1,78.69,1.0,2.5,5.5
2022-09-14,36.4,22.3,31.0,22.5,86.79,79.01,0.38,3.8,5.5
2022-09-15,36.5,22.6,31.0,22.3,73.13,70.18,21.05,10.6,7.4
2022-09-16,36.2,23.0,31.0,22.2,65.64,70.21,3.27,8.6,5.5
2022-09-17,37.5,25.3,30.9,22.2,84.71,69.95,0.0,8.3,5.5
2022-09-18,38.5,25.4,30.8,22.1,49.25,73.0,0.0,7.0,5.5
2022-09-19,38.8,26.0,30.6,22.0,53.44,72.85,2.1,4.3,5.4
2022-09-20,37.3,26.5,30.4,21.8,81.21,78.29,0.6,3.2,5.8
2022-09-21,37.2,23.2,30.2,21.6,78.08,79.46,0.38,2.2,5.8
2022-09-22,35.6,23.0,30.0,21.5,84.6,79.41,2.67,2.8,5.8
2022-09-23,35.7,23.5,30.0,21.3,78.63,79.1,2.11,3.7,5.3
2022-09-24,33.8,21.9,29.9,21.2,76.87,76.75,1.77,3.6,5.8
2022-09-25,35.1,22.2,29.8,21.2,76.21,76.49,5.25,5.0,5.9
2022-09-26,36.2,21.7,29.8,21.2,79.3,76.13,18.38,3.0,5.9
2022-09-27,36.7,23.3,29.7,21.1,85.28,76.04,76.22,4.0,5.9
2022-09-28,33.5,24.4,29.5,21.0,48.41,69.86,0.38,10.3,8.0
2022-09-29,36.0,24.4,29.5,20.8,63.61,69.59,0.56,2.4,6.2
2022-09-30,35.0,25.1,29.5,20.7,74.29,69.44,0.94,3.9,6.3
2022-10-01,35.1,23.4,29.5,20.6,73.22,69.14,0.0,4.7,6.4
2022-10-02,34.4,23.9,29.3,20.3,57.2,74.37,0.0,16.5,8.2
2022-10-03,33.0,24.5,28.9,20.1,74.46,71.12,0.0,12.0,7.9
2022-10-04,37.9,24.5,28.5,19.8,78.35,70.7,0.0,5.6,7.8
2022-10-05,38.2,22.4,27.9,19.4,72.05,74.37,0.0,6.0,7.8
2022-10-06,33.6,19.8,27.5,19.1,72.19,73.64,0.0,9.5,7.7
2022-10-07,23.9,15.6,27.2,18.8,32.96,68.15,11.44,6.8,7.6
2022-10-08,25.6,16.1,27.3,18.7,37.67,68.47,6.65,3.5,7.5
2022-10-09,25.8,16.7,27.3,18.8,38.56,68.75,6.88,10.4,7.6
2022-10-10,22.7,14.9,27.4,18.7,41.34,68.56,5.43,12.6,7.5
2022-10-11,23.7,15.3,27.2,18.7,80.32,70.35,22.53,11.9,7.3
2022-10-12,25.9,14.2,27.0,18.7,38.21,68.23,2.86,13.7,7.5
2022-10-13,26.9,13.5,26.8,18.5,34.33,68.34,1.26,13.4,7.5
2022-10-14,27.5,14.1,26.5,18.4,26.53,68.47,0.38,10.9,7.4
2022-10-15,30.5,13.7,26.2,18.2,30.59,68.45,2.76,10.8,7.3
2022-10-16,31.3,13.7,26.1,18.0,41.76,68.54,2.25,13.2,7.1
2022-10-17,27.9,18.4,26.0,17.7,70.44,69.14,0.0,3.6,7.1
2022-10-18,29.2,17.5,25.8,17.6,69.4,68.55,0.44,3.9,7.4
2022-10-19,25.9,15.1,25.6,17.4,70.37,68.64,2.41,2.1,7.6
2022-10-20,28.7,17.6,25.4,17.1,67.57,68.62,1.97,3.9,7.8
2022-10-21,34.0,20.3,25.2,16.8,67.33,68.47,2.11,7.1,7.8
2022-10-22,31.3,19.4,25.0,16.6,56.31,67.47,0.44,10.7,7.5
2022-10-23,34.7,20.6,24.9,16.5,66.45,68.6,2.1,6.6,7.6
2022-10-24,29.5,18.4,24.7,16.4,65.95,68.28,1.6,5.4,7.8
2022-10-25,32.8,17.5,24.5,16.3,57.17,68.23,4.0,5.5,7.8
2022-10-26,32.0,20.0,24.3,16.2,53.47,68.03,9.34,14.2,8.2
2022-10-27,31.7,17.9,24.0,16.0,70.28,67.48,0.38,9.6,7.8
2022-10-28,24.7,16.4,23.7,15.8,63.14,68.0,0.38,4.2,7.7
2022-10-29,25.5,18.0,23.8,15.6,52.84,67.22,0.38,3.7,7.6
2022-10-30,22.4,17.4,23.8,15.4,50.0,67.48,0.38,8.2,7.6
2022-10-31,25.1,15.4,23.7,15.2,49.83,68.0,0.0,8.9,7.8
2022-11-01,25.4,14.9,23.8,15.0,59.43,70.8,0.0,11.6,8.1
2022-11-02,25.9,14.2,23.8,14.9,61.32,71.04,0.0,6.4,7.5
2022-11-03,28.3,16.7,23.7,14.8,66.25,68.15,0.38,9.8,7.6
2022-11-04,23.5,18.0,23.8,14.9,71.19,68.47,0.0,8.5,7.5
2022-11-05,25.3,15.6,24.0,15.0,60.39,68.75,0.0,6.8,7.3
2022-11-06,23.8,14.0,23.9,15.0,65.52,69.27,0.38,5.9,7.5
2022-11-07,29.1,16.0,23.6,14.9,62.42,71.36,16.06,6.4,7.4
2022-11-08,30.0,15.1,23.1,14.6,64.16,71.41,5.82,4.4,7.3
2022-11-09,30.2,18.2,22.5,14.2,67.56,71.48,0.0,2.4,7.1
2022-11-10,28.2,20.4,21.8,13.9,66.79,68.81,0.38,9.6,7.4
2022-11-11,28.9,19.8,21.3,13.5,61.85,69.0,0.38,13.6,7.1
2022-11-12,31.8,19.8,21.0,13.3,69.56,69.34,0.38,14.5,7.4
2022-11-13,31.8,18.1,20.7,13.1,71.29,69.71,0.38,9.2,7.6
2022-11-14,27.2,15.7,20.4,12.9,79.36,69.21,0.0,6.2,7.8
2022-11-15,18.3,13.5,20.1,12.7,55.93,68.68,0.0,12.9,8.0
2022-11-16,18.3,14.8,19.8,12.5,55.6,68.46,0.0,6.8,7.5
2022-11-17,16.9,15.6,19.5,12.3,60.26,68.71,0.62,4.4,7.5
2022-11-18,18.1,15.1,19.3,12.1,68.63,70.18,1.03,2.5,7.6
2022-11-19,17.4,15.8,19.3,11.9,66.42,70.21,1.26,4.4,7.8
2022-11-20,19.1,15.3,19.4,11.8,56.08,69.82,0.38,7.5,7.3
2022-11-21,26.6,15.8,19.4,11.6,54.04,70.38,1.9,5.7,7.2
2022-11-22,26.9,16.6,19.3,11.4,48.53,70.8,0.51,3.0,7.8
2022-11-23,22.9,15.8,19.3,11.2,45.63,71.04,8.16,4.4,7.7
2022-11-24,21.0,15.3,19.1,11.1,47.07,71.36,5.82,11.5,7.6
2022-11-25,21.8,16.5,18.8,10.9,72.68,71.8,7.37,7.2,7.3
2022-11-26,21.6,17.0,18.6,10.7,78.79,72.17,3.05,5.1,7.5
2022-11-27,23.9,18.1,18.3,10.5,40.11,71.04,11.06,8.5,7.6
2022-11-28,26.0,19.9,17.9,10.2,42.64,71.36,3.62,9.7,7.8
2022-11-29,28.1,10.0,17.6,9.8,57.85,71.41,2.33,3.9,7.7
2022-11-30,18.1,4.0,17.3,9.4,53.84,71.83,6.01,8.9,7.7
2022-12-01,8.0,2.3,17.0,9.2,68.74,70.84,7.12,13.6,8.1
2022-12-02,7.2,2.3,16.9,9.0,70.9,72.78,11.06,10.9,8.0
2022-12-03,7.5,3.5,16.9,8.9,83.87,73.02,14.51,6.4,7.8
2022-12-04,8.7,4.7,16.8,8.8,91.21,72.82,5.25,6.4,7.6
2022-12-05,11.1,6.1,16.6,8.7,68.1,68.93,3.27,6.6,7.7
2022-12-06,12.1,6.1,16.5,8.6,92.6,70.15,3.16,7.5,7.5
2022-12-07,13.2,6.9,16.3,8.5,89.15,69.75,1.1,7.6,7.4
2022-12-08,12.7,8.4,16.1,8.4,60.28,69.43,1.0,6.3,7.4
2022-12-09,15.2,7.0,16.0,8.4,46.34,69.37,1.9,4.2,7.4
2022-12-10,19.5,7.5,16.0,8.3,71.71,68.88,12.66,12.3,7.5
2022-12-11,19.7,6.9,16.0,8.3,70.45,68.76,11.06,10.4,7.3
2022-12-12,16.4,4.6,15.9,8.3,68.26,68.4,0.0,9.9,7.4
2022-12-13,13.7,1.7,15.8,8.2,60.7,68.88,0.0,3.7,7.9
2022-12-14,13.9,4.7,15.5,8.0,64.85,68.76,0.0,3.6,8.0
2022-12-15,15.8,4.4,15.2,7.7,70.22,68.4,0.0,7.2,8.0
2022-12-16,19.0,6.2,14.9,7.4,72.41,68.47,1.72,15.1,7.8
2022-12-17,16.5,4.7,14.7,7.2,84.81,68.6,2.5,13.8,6.8
2022-12-18,14.2,2.5,14.6,7.2,72.07,68.58,1.9,12.1,6.8
2022-12-19,13.3,3.1,14.6,7.2,74.17,68.51,0.0,10.3,7.1
2022-12-20,16.0,6.4,14.8,7.2,73.39,68.97,0.38,12.0,7.7
2022-12-21,16.4,3.5,14.8,7.3,46.55,68.55,0.38,6.6,7.7
2022-12-22,19.3,7.7,14.9,7.2,67.66,69.3,0.38,5.6,7.6
2022-12-23,18.2,7.9,14.9,7.1,86.63,69.22,0.0,8.4,7.4
2022-12-24,18.4,8.3,14.6,6.9,94.48,68.84,0.0,6.1,7.6
2022-12-25,20.8,6.6,14.1,6.8,85.21,68.62,0.0,5.7,7.3
2022-12-26,19.8,9.8,13.8,6.6,58.17,68.44,0.0,14.7,7.5
2022-12-27,16.4,8.2,13.4,6.4,45.24,68.61,2.17,8.0,7.8
2022-12-28,11.7,4.4,13.2,6.3,83.24,68.76,0.0,6.4,7.7
2022-12-29,11.0,4.3,13.1,6.3,68.14,68.58,0.0,17.4,8.1
2022-12-30,12.8,3.1,13.1,6.3,56.49,68.39,0.0,14.0,8.0
2022-12-31,12.6,3.7,13.0,6.3,69.5,68.26,0.0,5.8,7.8
2023-01-01,15.5,4.4,13.1,6.4,91.73,71.94,4.01,10.0,7.3
2023-01-02,15.7,6.2,13.1,6.3,87.32,72.17,0.0,11.6,7.3
2023-01-03,14.0,7.0,13.0,6.2,78.31,72.71,0.0,3.5,7.3
2023-01-04,15.4,3.8,12.9,6.2,83.77,73.77,0.38,15.2,6.9
2023-01-05,18.0,9.3,12.8,6.2,83.38,73.56,0.71,9.1,6.9
2023-01-06,18.7,8.2,12.7,6.2,89.46,73.93,1.31,9.4,7.1
2023-01-07,19.9,7.0,12.6,6.2,67.87,69.69,18.39,6.7,7.3
2023-01-08,22.8,8.6,12.6,6.2,80.82,74.32,5.62,8.1,6.8
2023-01-09,21.5,10.9,12.7,6.2,83.35,74.52,1.66,6.6,6.9
2023-01-10,20.0,8.7,12.7,6.2,57.71,71.7,0.38,8.6,6.8
2023-01-11,21.8,11.3,12.7,6.1,77.7,71.61,0.38,7.3,6.9
2023-01-12,16.5,12.2,12.6,6.0,66.79,81.48,16.06,11.2,6.3
2023-01-13,25.3,13.1,12.3,5.9,70.03,81.73,25.79,10.2,6.4
2023-01-14,25.0,7.1,12.1,5.7,84.31,81.81,7.12,9.3,6.5
2023-01-15,17.5,2.4,11.9,5.6,80.21,75.05,0.79,7.7,6.6
2023-01-16,6.2,2.4,11.8,5.6,89.54,81.94,0.38,3.2,5.5
2023-01-17,9.4,2.5,11.8,5.6,88.01,82.14,0.0,5.3,5.5
2023-01-18,13.0,3.5,12.0,5.7,77.52,82.52,4.14,3.6,5.6
2023-01-19,13.8,3.9,12.1,5.8,83.54,82.57,9.99,3.3,5.6
2023-01-20,15.6,7.8,12.1,5.9,55.94,71.94,29.53,3.8,7.6
2023-01-21,15.9,8.0,12.1,5.9,85.49,82.16,6.65,4.4,7.5
2023-01-22,15.1,8.5,12.0,5.9,87.33,81.43,2.5,8.6,5.8
2023-01-23,10.3,7.3,11.7,5.8,91.23,80.81,3.38,7.6,5.8
2023-01-24,10.4,3.4,11.6,5.7,52.51,73.49,9.03,5.5,7.7
2023-01-25,12.5,-0.8,11.6,5.8,58.84,74.09,1.19,9.0,6.7
2023-01-26,10.9,3.6,11.9,5.8,76.6,74.16,24.93,6.1,6.8
2023-01-27,10.6,4.7,12.1,5.9,73.96,74.06,33.81,2.5,6.9
2023-01-28,14.2,1.5,12.4,6.0,93.98,80.4,4.14,5.0,7.0
2023-01-29,19.1,1.2,12.4,6.1,70.36,73.77,0.0,6.9,7.6
2023-01-30,17.3,4.0,12.3,6.2,89.06,73.56,0.0,4.9,7.6
2023-01-31,19.7,6.7,12.1,6.2,76.93,73.93,1.55,8.0,7.6
2023-02-01,21.1,4.3,11.9,6.2,81.04,74.14,1.77,7.2,7.5
2023-02-02,15.6,9.3,11.8,6.3,87.79,75.96,2.5,7.1,6.5
2023-02-03,11.6,6.3,12.0,6.3,92.74,75.78,2.5,8.3,6.5
2023-02-04,9.5,6.4,12.3,6.4,64.37,73.93,7.12,10.7,6.5
2023-02-05,8.5,6.3,12.5,6.6,70.21,74.14,3.75,10.9,6.4
2023-02-06,9.6,6.9,12.8,6.7,62.89,74.14,0.0,7.1,6.3
2023-02-07,12.9,7.9,13.1,6.9,82.78,77.79,2.5,6.2,7.8
2023-02-08,12.4,9.7,13.3,7.1,89.53,75.57,4.59,7.6,7.6
2023-02-09,12.6,10.3,13.5,7.1,91.48,75.56,3.87,9.3,7.5
2023-02-10,12.9,9.5,13.7,7.3,94.58,76.43,0.74,8.9,7.5
2023-02-11,11.6,9.5,14.0,7.5,87.52,77.09,21.77,2.0,7.7
2023-02-12,23.6,10.0,14.3,7.6,71.78,77.67,2.1,6.4,8.1
2023-02-13,17.0,7.1,14.4,7.8,84.32,77.46,7.12,6.8,5.3
2023-02-14,11.4,5.3,14.4,8.0,86.86,77.48,12.24,3.9,5.3
2023-02-15,14.3,2.8,14.3,8.0,86.56,77.74,9.03,3.3,5.2
2023-02-16,17.7,5.5,14.1,7.9,90.78,77.76,4.59,3.1,5.2
2023-02-17,17.9,9.8,13.9,7.9,69.64,78.16,0.0,8.5,4.9
2023-02-18,20.3,11.7,13.8,7.8,84.17,82.47,0.0,7.4,5.0
2023-02-19,17.1,11.0,13.8,7.8,86.68,83.32,0.38,3.4,8.0
2023-02-20,19.1,8.5,14.1,8.0,88.34,83.82,0.49,3.1,7.8
2023-02-21,22.4,10.6,14.3,8.1,65.72,78.36,0.0,4.8,7.8
2023-02-22,16.2,11.8,14.4,8.2,85.63,77.44,5.82,4.1,7.6
2023-02-23,17.8,10.4,14.5,8.4,73.2,78.65,0.62,5.7,7.6
2023-02-24,16.2,8.1,14.6,8.5,87.04,78.41,2.11,5.1,7.7
2023-02-25,15.4,5.6,14.6,8.5,60.54,78.0,34.98,5.3,7.6
2023-02-26,15.8,5.2,14.8,8.6,58.04,77.44,42.86,4.8,7.7
2023-02-27,18.4,5.4,15.0,8.7,89.19,76.94,1.9,3.5,7.1
2023-02-28,20.9,10.4,15.2,8.8,87.01,76.82,9.99,3.8,7.3
2023-03-01,23.6,10.2,15.4,8.9,87.14,77.04,3.05,5.8,7.3
2023-03-02,23.3,10.3,15.6,9.0,80.7,77.38,8.73,7.7,7.8
2023-03-03,22.8,9.6,15.8,9.1,91.63,80.81,0.0,3.0,7.3
2023-03-04,24.5,8.0,15.9,9.4,80.34,77.76,3.16,7.1,7.2
2023-03-05,22.5,10.6,16.0,9.7,72.75,77.92,5.25,6.3,7.1
2023-03-06,25.5,13.9,16.2,9.9,84.5,78.36,9.34,7.5,7.3
2023-03-07,22.2,12.7,16.3,10.0,77.88,83.28,0.0,5.9,5.8
2023-03-08,22.6,16.4,16.3,10.2,77.82,83.48,14.51,5.9,7.5
2023-03-09,28.1,11.6,16.4,10.3,77.01,83.78,24.1,8.3,7.7
2023-03-10,28.4,14.9,16.6,10.4,91.25,80.44,4.59,6.5,7.8
2023-03-11,26.3,14.6,16.7,10.6,96.05,77.48,1.55,4.0,7.5
2023-03-12,26.2,13.7,16.9,10.9,83.48,77.74,1.61,5.0,7.4
2023-03-13,20.2,12.3,17.2,11.1,67.65,77.76,0.85,3.5,7.6
2023-03-14,23.1,9.7,17.5,11.2,65.81,77.92,0.62,10.3,7.6
2023-03-15,22.6,10.2,17.8,11.4,83.54,77.76,5.25,6.1,5.8
2023-03-16,25.1,16.1,18.2,11.6,80.02,79.08,13.11,6.1,7.8
2023-03-17,24.6,11.4,18.4,11.8,84.68,79.73,15.52,3.5,7.6
2023-03-18,20.6,10.6,18.6,11.9,76.81,80.49,6.43,3.1,7.8
2023-03-19,12.1,9.6,18.6,12.1,72.7,81.16,5.25,2.4,7.9
2023-03-20,22.1,9.4,18.5,12.1,79.34,81.69,38.72,2.3,7.8
2023-03-21,27.0,10.1,18.3,12.1,78.6,81.91,4.91,16.0,7.5
2023-03-22,30.1,15.2,18.3,12.0,75.87,81.15,5.43,4.7,7.7
2023-03-23,28.9,15.5,18.3,11.9,76.57,80.41,2.58,3.3,7.7
2023-03-24,19.4,11.2,18.3,11.9,77.74,80.4,1.5,3.6,7.6
2023-03-25,19.2,10.9,18.6,12.0,85.8,81.0,24.1,3.7,7.3
2023-03-26,16.5,11.1,18.9,12.2,90.67,83.56,0.62,4.3,8.0
2023-03-27,18.3,10.9,19.3,12.5,79.21,83.58,0.38,4.2,8.1
2023-03-28,18.1,11.7,19.6,13.0,72.69,80.79,0.0,12.7,8.1
2023-03-29,15.7,12.1,19.8,13.3,86.11,81.08,3.87,13.7,7.8
2023-03-30,20.4,12.2,20.1,13.6,79.56,80.44,8.15,9.8,7.2
2023-03-31,21.0,13.1,20.4,13.7,84.84,82.57,0.0,3.1,7.3
2023-04-01,22.9,14.9,20.5,13.9,70.91,82.47,0.0,4.9,7.3
2023-04-02,25.0,17.9,20.7,14.0,53.44,82.16,2.66,8.4,7.3
2023-04-03,23.7,19.5,20.9,14.1,94.1,82.32,5.43,4.5,7.3
2023-04-04,22.3,19.7,21.0,14.3,89.54,81.91,0.0,9.0,7.0
2023-04-05,28.9,14.8,21.2,14.5,81.0,81.15,0.0,12.6,6.9
2023-04-06,19.7,12.4,21.5,14.7,87.76,80.79,0.0,12.3,6.8
2023-04-07,21.2,13.3,21.8,15.0,64.49,80.41,0.0,7.8,6.9
2023-04-08,24.7,15.4,22.0,15.2,81.26,82.65,6.43,8.1,7.7
2023-04-09,24.6,15.2,22.1,15.3,83.42,82.71,9.03,8.8,7.3
2023-04-10,22.2,15.9,22.2,15.3,80.41,83.09,6.88,3.9,7.3
2023-04-11,22.6,16.1,22.2,15.3,69.53,81.08,9.34,4.5,7.4
2023-04-12,26.2,18.0,22.2,15.3,91.15,83.48,20.35,2.7,7.7
2023-04-13,26.9,19.9,22.7,15.3,94.29,83.78,7.89,4.1,7.6
2023-04-14,26.3,21.1,23.3,15.7,96.1,83.97,5.43,3.9,7.7
2023-04-15,28.8,16.8,23.7,16.0,95.5,84.16,0.38,2.6,7.6
2023-04-16,32.7,15.0,24.0,16.4,93.4,84.19,0.38,11.2,7.8
2023-04-17,32.4,17.3,24.3,16.7,92.18,81.91,3.27,9.3,7.3
2023-04-18,26.9,21.2,24.3,17.0,87.41,81.15,6.65,7.7,7.4
2023-04-19,27.1,20.2,24.2,17.1,79.24,82.47,3.27,7.0,7.6
2023-04-20,28.0,19.8,24.3,17.3,82.68,82.58,7.89,2.7,6.5
2023-04-21,30.6,20.6,24.6,17.5,92.51,82.49,11.84,3.9,6.3
2023-04-22,28.6,15.3,24.7,17.6,70.09,82.65,36.19,2.0,6.3
2023-04-23,24.9,14.6,24.9,17.5,54.57,82.71,28.55,4.0,6.4
2023-04-24,15.8,11.3,24.9,17.6,89.5,85.34,0.88,8.6,8.0
2023-04-25,22.5,11.8,24.9,17.6,96.54,85.24,0.9,10.9,8.1
2023-04-26,23.4,13.1,25.0,17.7,92.65,85.34,28.55,10.4,7.9
2023-04-27,28.1,15.6,25.2,17.9,84.14,83.4,30.55,10.7,7.8
2023-04-28,21.6,19.3,25.5,18.1,85.33,82.93,2.04,8.9,7.8
2023-04-29,21.0,13.2,26.0,18.4,89.4,82.83,24.1,7.0,7.9
2023-04-30,27.6,11.3,26.4,18.7,83.55,82.87,21.77,4.2,7.8
2023-05-01,29.3,15.5,26.5,19.0,87.9,82.65,23.3,11.4,7.7
2023-05-02,29.5,16.4,26.6,19.1,79.86,82.71,2.5,10.9,7.2
2023-05-03,26.5,22.5,26.7,19.3,69.58,83.09,4.91,9.0,7.1
2023-05-04,29.7,22.6,26.6,19.3,79.52,83.17,2.86,5.2,6.9
2023-05-05,30.8,21.8,26.5,19.3,82.76,82.49,18.39,3.7,6.9
2023-05-06,27.4,20.1,26.5,19.3,71.68,82.65,7.37,5.4,7.1
2023-05-07,28.7,16.9,26.6,19.4,90.05,83.57,3.38,3.7,5.7
2023-05-08,22.5,16.9,26.7,19.5,88.64,83.29,1.96,5.6,5.6
2023-05-09,22.8,18.0,26.8,19.7,85.47,83.32,38.71,4.2,5.5
2023-05-10,21.9,18.6,27.0,19.9,82.53,83.44,22.52,5.3,7.0
2023-05-11,18.7,17.2,27.1,20.1,64.61,83.21,6.43,3.3,7.1
2023-05-12,24.6,17.1,27.2,20.2,93.26,82.84,6.22,7.8,6.8
2023-05-13,25.2,18.6,27.1,20.2,89.67,82.64,0.38,9.4,7.1
2023-05-14,25.2,18.5,27.0,20.1,83.66,82.48,0.76,11.0,7.4
2023-05-15,31.8,18.3,26.9,20.1,78.44,82.35,0.38,10.7,7.6
2023-05-16,31.8,20.7,26.9,20.1,76.54,82.11,3.27,6.2,5.5
2023-05-17,30.2,22.8,27.0,20.2,90.73,83.59,8.43,9.4,7.3
2023-05-18,30.5,21.8,27.2,20.4,92.61,83.59,0.38,14.4,7.5
2023-05-19,34.6,20.6,27.6,20.5,85.45,83.56,0.38,6.2,7.7
2023-05-20,30.8,22.2,27.9,20.6,85.62,83.4,0.38,9.3,7.8
2023-05-21,34.4,23.0,28.2,20.8,86.96,83.32,0.38,8.2,7.8
2023-05-22,33.8,17.0,28.3,20.9,65.26,83.4,16.06,4.2,6.8
2023-05-23,21.0,17.9,28.5,21.1,67.24,83.31,2.11,9.0,6.9
2023-05-24,26.6,18.0,28.6,21.3,87.37,83.44,0.79,6.0,6.8
2023-05-25,28.3,18.6,28.7,21.5,88.58,83.21,9.66,3.6,7.8
2023-05-26,32.4,20.8,28.8,21.6,91.15,83.12,3.5,1.6,8.0
2023-05-27,30.3,23.4,28.9,21.7,97.17,85.91,0.0,7.2,6.6
2023-05-28,34.2,23.1,29.1,21.8,95.3,85.86,0.38,4.8,6.6
2023-05-29,36.1,24.9,29.2,21.9,75.76,83.21,0.38,6.7,6.5
2023-05-30,38.4,24.2,29.2,22.0,82.89,83.31,1.07,10.2,6.4
2023-05-31,38.2,24.8,29.4,22.1,75.44,83.21,12.66,10.1,6.3
2023-06-01,31.9,25.7,29.6,22.3,86.52,85.63,4.74,13.1,8.0
2023-06-02,35.7,24.3,29.7,22.4,83.29,85.48,13.56,12.6,8.1
2023-06-03,36.3,24.5,29.8,22.5,81.03,85.34,2.41,3.0,5.8
2023-06-04,36.3,24.5,30.0,22.6,79.69,85.24,10.69,6.6,5.9
2023-06-05,34.7,23.8,30.0,22.6,82.53,85.34,7.62,6.7,5.8
2023-06-06,28.9,23.4,30.1,22.7,85.71,81.29,15.0,4.9,6.9
2023-06-07,33.1,24.8,30.2,22.8,83.66,81.28,6.22,6.6,7.0
2023-06-08,30.1,24.8,30.2,23.0,88.78,81.11,0.44,10.9,8.1
2023-06-09,33.8,23.6,30.1,23.0,84.08,81.01,0.76,12.5,8.1
2023-06-10,34.7,24.4,30.1,23.0,81.32,81.05,0.38,10.7,8.0
2023-06-11,36.5,25.1,30.0,23.0,68.93,83.48,28.54,7.4,6.3
2023-06-12,36.6,25.3,29.9,23.0,68.32,83.78,31.6,14.2,6.3
2023-06-13,35.1,23.1,30.0,23.0,73.82,83.97,0.55,6.4,7.2
2023-06-14,28.9,20.9,30.1,23.2,79.9,84.16,0.73,3.9,7.3
2023-06-15,29.3,21.4,30.1,23.3,87.57,84.19,0.38,3.4,7.4
2023-06-16,29.7,23.1,30.3,23.5,91.78,84.19,49.08,3.9,5.6
2023-06-17,28.9,24.5,30.5,23.7,91.34,84.17,19.67,11.7,6.4
2023-06-18,29.6,24.6,30.6,23.9,91.98,84.12,3.38,5.0,6.5
2023-06-19,29.7,24.1,30.8,24.0,92.68,84.15,4.14,5.5,6.6
2023-06-20,29.0,24.0,31.0,24.1,93.53,84.38,8.16,10.4,6.6
2023-06-21,32.6,24.1,31.1,24.2,79.27,82.11,36.19,4.9,7.1
2023-06-22,32.1,24.0,31.2,24.3,77.82,81.76,13.11,4.4,7.0
2023-06-23,27.5,22.9,31.3,24.4,91.71,85.34,4.01,5.1,6.9
2023-06-24,27.7,22.9,31.4,24.5,93.5,85.24,6.43,5.3,5.5
2023-06-25,24.0,22.9,31.4,24.5,89.71,85.34,4.91,7.5,5.4
2023-06-26,29.6,22.9,31.5,24.5,69.37,79.41,1.07,9.8,7.3
2023-06-27,29.6,23.4,31.5,24.5,79.5,81.49,0.88,4.5,7.2
2023-06-28,34.3,25.0,31.6,24.6,84.76,81.34,1.03,5.0,6.8
2023-06-29,34.3,24.2,31.8,24.6,91.54,81.5,2.67,6.9,6.8
2023-06-30,34.0,24.8,31.9,24.7,87.57,81.65,26.68,7.2,6.8
2023-07-01,35.5,25.6,32.0,24.8,83.04,85.34,18.39,9.4,7.3
2023-07-02,36.1,25.4,32.1,24.9,85.61,85.48,9.99,6.0,7.5
2023-07-03,36.0,25.2,32.2,25.0,90.98,85.49,8.73,4.5,7.6
2023-07-04,34.9,26.2,32.2,25.1,92.96,85.32,6.65,3.5,7.8
2023-07-05,34.6,26.9,32.3,25.1,66.29,82.48,40.05,7.2,5.6
2023-07-06,31.2,28.3,32.5,25.2,88.08,85.48,0.54,3.9,6.7
2023-07-07,34.8,26.1,32.5,25.1,82.59,85.49,0.97,3.6,6.7
2023-07-08,34.1,25.7,32.7,25.1,84.9,85.32,1.45,5.2,6.5
2023-07-09,36.5,24.6,32.8,25.1,91.85,85.18,1.55,3.5,6.3
2023-07-10,36.4,24.3,32.9,25.1,71.1,80.47,0.4,4.8,5.6
2023-07-11,36.5,25.4,32.9,25.1,73.51,80.71,0.69,4.6,5.5
2023-07-12,36.4,25.1,32.9,25.1,69.3,81.02,1.4,4.5,5.4
2023-07-13,36.3,25.3,32.9,25.1,68.73,81.25,0.52,3.5,5.3
2023-07-14,36.3,26.1,33.0,25.1,78.07,83.03,0.79,7.6,6.8
2023-07-15,36.7,26.3,33.0,25.0,77.19,82.84,1.45,9.1,6.9
2023-07-16,33.6,24.4,33.1,25.0,75.48,82.64,0.38,4.2,5.4
2023-07-17,37.5,25.5,33.2,25.1,74.48,82.48,0.58,3.1,5.4
2023-07-18,32.1,24.5,33.2,25.1,80.01,82.48,5.25,4.1,7.1
2023-07-19,33.8,24.0,33.3,25.1,81.53,82.35,5.07,2.3,5.6
2023-07-20,34.4,24.6,33.3,25.1,75.68,82.11,6.22,5.4,5.8
2023-07-21,35.5,25.0,33.3,25.1,77.83,81.76,1.31,4.6,5.8
2023-07-22,36.5,25.3,33.3,25.0,79.54,82.58,0.38,8.9,5.9
2023-07-23,36.6,25.0,33.4,25.0,78.5,82.25,0.38,7.8,5.8
2023-07-24,37.3,25.5,33.4,25.0,77.49,81.85,0.38,7.2,5.6
2023-07-25,37.6,25.4,33.3,24.9,78.0,81.48,1.5,10.9,5.5
2023-07-26,34.4,26.5,33.2,24.9,87.3,70.25,17.77,3.9,5.9
2023-07-27,38.5,25.4,33.3,24.8,89.68,70.07,7.89,2.8,6.0
2023-07-28,39.3,25.7,33.3,24.9,85.2,69.9,9.34,3.9,6.0
2023-07-29,39.3,25.6,33.4,24.8,81.98,69.94,7.12,5.8,5.6
2023-07-30,37.4,24.9,33.5,24.9,92.76,80.77,0.71,3.0,6.2
2023-07-31,31.0,25.0,33.7,25.0,90.01,80.67,5.07,5.1,6.3
2023-08-01,34.0,24.1,33.7,25.0,72.26,81.04,9.99,8.9,6.5
2023-08-02,33.7,24.5,33.6,25.0,67.47,80.91,2.5,8.8,6.7
2023-08-03,36.0,24.4,33.5,25.0,64.36,80.77,2.67,6.1,5.4
2023-08-04,32.8,26.6,33.4,25.0,85.18,81.04,2.03,9.4,7.0
2023-08-05,36.3,26.0,33.4,24.9,81.72,81.3,1.9,8.7,7.1
2023-08-06,35.4,25.6,33.5,24.9,86.54,80.55,0.76,8.8,7.2
2023-08-07,34.2,25.1,33.6,25.0,88.57,80.47,2.41,5.3,5.9
2023-08-08,35.7,25.6,33.7,25.0,89.23,80.72,2.17,5.1,5.9
2023-08-09,32.3,25.9,33.6,25.0,74.9,68.15,1.84,12.3,7.1
2023-08-10,37.5,25.0,33.3,25.0,63.47,78.73,0.81,8.5,7.0
2023-08-11,37.2,24.7,33.2,25.0,67.9,78.29,1.0,9.2,6.9
2023-08-12,32.8,25.9,33.0,24.9,61.75,77.84,1.19,9.8,6.8
2023-08-13,36.1,25.7,32.8,24.8,87.38,81.61,1.36,10.4,6.8
2023-08-14,35.8,24.4,32.8,24.8,85.16,82.06,0.4,8.2,6.7
2023-08-15,34.9,24.3,32.8,24.7,84.15,82.44,1.4,5.1,6.7
2023-08-16,34.9,24.9,32.8,24.7,87.34,68.47,0.38,5.7,6.5
2023-08-17,35.1,25.8,32.9,24.6,85.61,68.75,0.88,10.7,6.5
2023-08-18,36.9,24.9,33.0,24.6,88.89,78.58,3.38,3.7,5.3
2023-08-19,38.2,24.3,33.1,24.6,88.17,82.06,3.27,12.5,6.4
2023-08-20,38.1,25.5,33.1,24.6,90.33,82.43,0.38,4.6,6.3
2023-08-21,34.4,25.1,33.1,24.5,92.21,82.58,6.65,3.3,6.3
2023-08-22,31.7,24.8,33.0,24.4,89.16,82.25,6.88,5.0,6.2
2023-08-23,31.3,23.6,32.9,24.4,89.2,79.29,0.74,5.8,5.5
2023-08-24,33.7,23.5,32.8,24.3,86.14,79.46,0.38,7.6,5.5
2023-08-25,29.9,24.4,32.6,24.2,89.81,79.41,0.38,5.8,5.9
2023-08-26,31.0,24.5,32.6,24.2,87.93,79.1,0.38,5.9,5.8
2023-08-27,33.9,25.1,32.6,24.2,86.61,80.79,0.38,2.7,5.7
2023-08-28,31.0,21.8,32.6,24.2,60.15,72.6,1.9,3.9,5.3
2023-08-29,25.5,21.9,32.5,24.1,56.8,72.72,2.03,1.9,5.4
2023-08-30,27.0,23.2,32.5,24.1,49.86,72.5,1.9,4.7,5.4
2023-08-31,28.3,22.6,32.4,24.0,44.89,71.85,1.26,6.9,6.7
2023-09-01,30.4,22.1,32.4,24.0,75.4,78.73,0.67,2.6,5.3
2023-09-02,34.2,23.2,32.3,23.9,74.99,78.29,0.38,2.4,5.3
2023-09-03,29.8,20.9,32.3,23.8,76.94,77.84,0.38,3.2,5.2
2023-09-04,28.9,23.1,32.2,23.8,77.48,77.7,0.0,2.8,5.2
2023-09-05,30.6,21.3,32.1,23.7,87.81,75.55,36.18,11.1,6.0
2023-09-06,30.5,22.9,32.1,23.6,85.0,77.84,2.76,5.7,6.2
2023-09-07,30.4,24.2,32.0,23.5,84.46,77.7,22.52,6.0,4.9
2023-09-08,30.9,24.7,31.9,23.5,86.42,77.74,2.76,4.0,4.9
2023-09-09,34.0,23.8,31.8,23.3,86.31,77.66,19.67,3.7,4.9
2023-09-10,30.8,23.6,31.7,23.2,65.75,68.6,0.0,8.0,6.6
2023-09-11,32.8,25.1,31.5,23.0,55.63,68.28,0.38,8.9,6.8
2023-09-12,30.1,24.8,31.3,22.9,85.61,75.02,0.38,7.3,6.9
2023-09-13,31.3,22.4,31.1,22.6,86.16,74.37,4.01,3.9,5.2
2023-09-14,25.8,21.6,31.0,22.5,80.38,73.64,0.85,3.6,5.2
2023-09-15,31.7,21.6,31.0,22.3,53.89,73.64,0.38,17.4,8.1
2023-09-16,33.0,21.6,31.0,22.2,58.47,71.48,0.38,2.5,6.9
2023-09-17,34.1,22.7,30.9,22.2,60.38,71.8,0.38,3.5,6.9
2023-09-18,34.5,24.3,30.8,22.1,59.46,72.17,11.84,2.5,6.9
2023-09-19,33.7,24.5,30.6,22.0,61.04,72.78,15.52,4.2,6.9
2023-09-20,34.6,24.2,30.4,21.8,69.84,73.01,0.0,10.7,7.7
2023-09-21,32.7,24.3,30.2,21.6,75.2,73.0,0.0,10.4,7.7
2023-09-22,31.5,23.5,30.0,21.5,76.9,72.85,1.72,2.4,7.4
2023-09-23,32.5,23.9,30.0,21.3,69.87,72.6,0.74,2.9,7.5
2023-09-24,33.4,24.4,29.9,21.2,69.87,72.72,5.25,3.2,7.5
2023-09-25,33.7,24.5,29.8,21.2,72.62,72.5,19.67,13.0,7.4
2023-09-26,33.4,23.7,29.8,21.2,71.15,71.85,0.0,1.9,7.2
2023-09-27,34.1,23.8,29.7,21.1,72.11,71.39,0.0,4.0,7.3
2023-09-28,34.3,24.0,29.5,21.0,59.14,71.12,0.0,4.9,7.3
2023-09-29,34.9,23.7,29.5,20.8,53.06,70.7,0.0,3.8,7.3
2023-09-30,35.2,24.3,29.5,20.7,47.3,68.68,0.76,10.0,6.8
2023-10-01,33.7,25.5,29.5,20.6,79.82,70.25,0.54,7.9,7.6
2023-10-02,32.6,24.4,29.3,20.3,75.04,70.07,0.38,5.4,7.7
2023-10-03,34.6,23.6,28.9,20.1,75.36,69.9,2.33,2.5,7.8
2023-10-04,32.6,23.9,28.5,19.8,80.14,69.94,4.28,8.6,7.9
2023-10-05,29.9,21.1,27.9,19.4,67.71,68.6,1.31,16.1,7.7
2023-10-06,29.3,19.8,27.5,19.1,74.23,68.58,4.43,15.2,7.7
2023-10-07,23.8,17.9,27.2,18.8,72.7,68.51,2.96,16.8,7.7
2023-10-08,24.7,17.0,27.3,18.7,34.95,68.79,1.61,16.8,7.8
2023-10-09,23.1,18.9,27.3,18.8,36.74,68.97,0.64,15.8,8.0
2023-10-10,22.2,18.0,27.4,18.7,56.73,67.79,1.55,14.2,8.4
2023-10-11,20.9,18.9,27.2,18.7,63.15,67.68,1.72,14.9,8.4
2023-10-12,26.4,19.4,27.0,18.7,69.24,68.97,1.96,14.6,8.2
2023-10-13,27.5,20.3,26.8,18.5,75.66,69.22,1.96,6.2,8.1
2023-10-14,24.3,17.2,26.5,18.4,54.95,68.15,0.0,12.2,7.8
2023-10-15,28.9,14.4,26.2,18.2,77.99,68.47,0.0,11.6,7.7
2023-10-16,30.6,14.2,26.1,18.0,80.49,68.75,0.0,8.7,7.7
2023-10-17,30.6,13.3,26.0,17.7,85.94,67.47,0.0,8.8,7.7
2023-10-18,32.0,16.4,25.8,17.6,88.55,67.22,0.0,7.6,7.6
2023-10-19,26.1,20.9,25.6,17.4,57.01,68.56,0.0,7.3,7.4
2023-10-20,20.8,16.6,25.4,17.1,63.16,68.23,0.0,5.4,7.5
2023-10-21,24.5,14.9,25.2,16.8,68.23,68.34,0.0,4.6,7.3
2023-10-22,27.8,15.4,25.0,16.6,78.2,68.56,0.0,6.3,7.3
2023-10-23,29.1,14.3,24.9,16.5,83.46,68.23,0.38,4.5,7.4
2023-10-24,30.7,18.7,24.7,16.4,67.24,71.8,0.0,8.7,6.8
2023-10-25,32.4,18.5,24.5,16.3,58.93,72.17,0.0,5.1,6.8
2023-10-26,28.9,21.9,24.3,16.2,59.38,72.78,0.0,14.6,7.9
2023-10-27,23.8,19.6,24.0,16.0,84.7,68.47,0.0,17.2,7.9
2023-10-28,27.9,19.0,23.7,15.8,70.26,68.46,14.51,17.2,7.7
2023-10-29,22.4,17.6,23.8,15.6,85.06,69.27,9.99,6.6,7.8
2023-10-30,28.0,16.5,23.8,15.4,91.09,69.13,4.14,7.9,7.6
2023-10-31,29.1,16.8,23.7,15.2,83.8,68.94,1.84,11.9,7.8
2023-11-01,29.3,13.5,23.8,15.0,41.12,69.02,1.4,10.0,8.0
2023-11-02,30.7,14.8,23.8,14.9,34.78,69.3,2.41,10.8,8.1
2023-11-03,28.9,16.7,23.7,14.8,83.09,69.95,1.4,6.6,7.8
2023-11-04,28.8,21.7,23.8,14.9,79.08,69.68,1.55,3.9,7.8
2023-11-05,29.5,19.9,24.0,15.0,89.98,69.18,2.49,4.1,8.2
2023-11-06,22.7,17.6,23.9,15.0,89.6,68.68,7.88,5.8,8.1
2023-11-07,20.0,15.1,23.6,14.9,82.6,70.15,9.03,4.6,7.9
2023-11-08,21.7,16.6,23.1,14.6,88.45,68.47,0.0,14.1,7.6
2023-11-09,25.9,19.6,22.5,14.2,89.94,68.71,0.0,8.7,7.6
2023-11-10,22.1,18.9,21.8,13.9,90.99,68.91,0.0,4.2,7.6
2023-11-11,19.2,13.8,21.3,13.5,89.54,69.82,0.0,4.2,7.7
2023-11-12,13.6,9.4,21.0,13.3,91.75,70.38,0.38,3.7,7.7
2023-11-13,10.8,9.1,20.7,13.1,59.12,71.48,1.96,8.3,7.8
2023-11-14,13.7,9.4,20.4,12.9,64.27,71.8,2.67,9.1,8.0
2023-11-15,13.7,11.5,20.1,12.7,69.25,72.17,5.25,7.7,8.1
2023-11-16,18.7,11.0,19.8,12.5,73.3,68.64,3.38,7.9,8.1
2023-11-17,21.6,7.5,19.5,12.3,81.98,68.62,0.0,5.8,7.3
2023-11-18,22.6,10.4,19.3,12.1,89.68,72.53,5.07,6.3,7.6
2023-11-19,24.1,12.3,19.3,11.9,77.89,71.83,0.69,5.2,7.6
2023-11-20,24.4,9.5,19.4,11.8,82.49,70.84,0.52,2.9,7.5
2023-11-21,24.2,8.9,19.4,11.6,72.63,69.22,2.86,2.1,7.5
2023-11-22,24.7,10.2,19.3,11.4,57.94,69.09,1.4,5.5,7.4
2023-11-23,26.4,12.5,19.3,11.2,59.55,68.93,0.38,14.0,6.8
2023-11-24,23.3,16.3,19.1,11.1,59.0,68.41,4.01,3.5,7.1
2023-11-25,21.2,15.2,18.8,10.9,62.64,68.49,3.5,2.1,7.4
2023-11-26,22.5,14.9,18.6,10.7,74.47,68.47,0.0,12.8,7.5
2023-11-27,24.8,12.7,18.3,10.5,55.2,68.48,0.0,14.5,7.5
2023-11-28,23.7,10.7,17.9,10.2,50.84,68.48,1.55,19.3,7.6
2023-11-29,24.5,10.0,17.6,9.8,52.58,68.55,1.66,13.3,7.5
2023-11-30,20.2,11.9,17.3,9.4,47.23,68.63,3.5,5.5,7.5
2023-12-01,15.5,9.9,17.0,9.2,53.68,68.6,1.22,3.6,7.6
2023-12-02,12.1,9.4,16.9,9.0,61.01,68.64,0.0,4.4,7.6
2023-12-03,11.5,9.3,16.9,8.9,60.24,68.62,0.0,5.9,7.3
2023-12-04,15.9,9.7,16.8,8.8,59.17,68.47,0.74,6.6,7.2
2023-12-05,18.1,8.5,16.6,8.7,61.61,68.6,0.38,3.9,7.3
2023-12-06,23.6,12.4,16.5,8.6,73.57,68.26,0.0,16.1,7.6
2023-12-07,23.0,7.3,16.3,8.5,84.86,68.22,0.0,12.0,7.8
2023-12-08,24.0,7.3,16.1,8.4,65.42,68.51,0.0,5.0,7.8
2023-12-09,19.5,15.5,16.0,8.4,69.38,68.97,0.0,6.8,7.9
2023-12-10,24.2,17.1,16.0,8.3,70.2,69.22,0.0,7.5,7.6
2023-12-11,22.4,11.7,16.0,8.3,77.77,68.22,0.0,5.2,7.6
2023-12-12,14.2,9.9,15.9,8.3,82.47,68.41,0.0,3.8,7.6
2023-12-13,16.1,10.9,15.8,8.2,90.73,68.49,0.0,3.1,7.6
2023-12-14,22.4,14.1,15.5,8.0,52.74,68.61,0.0,6.1,7.7
2023-12-15,23.7,5.9,15.2,7.7,48.33,68.76,0.0,1.9,7.5
2023-12-16,6.5,3.9,14.9,7.4,68.64,69.21,0.0,8.5,7.9
2023-12-17,5.7,3.1,14.7,7.2,55.72,68.58,0.0,6.9,7.9
2023-12-18,5.3,3.0,14.6,7.2,77.2,68.39,0.0,7.6,8.0
2023-12-19,6.6,3.5,14.6,7.2,75.52,68.55,0.0,7.2,8.0
2023-12-20,10.9,4.4,14.8,7.2,73.63,68.63,0.0,7.1,7.8
2023-12-21,9.1,4.4,14.8,7.3,67.27,69.27,0.0,5.1,7.3
2023-12-22,9.6,2.0,14.9,7.2,70.72,69.13,0.0,4.9,7.2
2023-12-23,12.3,2.0,14.9,7.1,76.73,68.94,0.0,4.3,7.3
2023-12-24,13.6,3.8,14.6,6.9,74.72,69.02,0.0,4.3,7.3
2023-12-25,15.8,4.3,14.1,6.8,73.21,69.3,0.0,4.4,7.5
2023-12-26,17.6,3.7,13.8,6.6,73.2,69.21,0.0,4.0,7.6
2023-12-27,19.9,5.7,13.4,6.4,69.36,69.27,0.0,2.7,7.8
2023-12-28,21.8,6.2,13.2,6.3,81.02,69.13,0.0,2.9,7.8
2023-12-29,21.6,8.5,13.1,6.3,86.08,68.94,0.0,3.0,7.9
2023-12-30,22.6,13.6,13.1,6.3,74.26,69.02,0.0,5.2,7.8
2023-12-31,22.1,12.3,13.0,6.3,74.99,69.3,1.4,6.3,7.7
2024-01-01,17.4,12.1,13.1,6.4,79.65,78.19,2.41,2.4,7.5
2024-01-02,14.5,10.6,13.1,6.3,79.83,77.59,17.18,4.2,7.7
2024-01-03,16.3,8.9,13.0,6.2,81.27,75.44,22.53,11.8,7.8
2024-01-04,15.4,6.1,12.9,6.2,67.43,71.82,3.75,7.1,7.2
2024-01-05,15.8,12.1,12.8,6.2,77.06,77.74,24.1,5.4,7.1
2024-01-06,17.1,12.7,12.7,6.2,92.59,77.76,1.84,6.1,6.9
2024-01-07,14.4,12.4,12.6,6.2,92.86,77.92,4.28,3.9,7.0
2024-01-08,13.0,10.2,12.6,6.2,91.44,71.98,2.76,9.7,7.1
2024-01-09,16.6,9.9,12.7,6.2,62.77,69.69,6.43,7.7,6.9
2024-01-10,18.6,12.7,12.7,6.2,70.25,70.35,2.04,2.7,6.7
2024-01-11,14.4,11.8,12.7,6.1,54.86,70.98,2.11,4.0,6.6
2024-01-12,16.4,12.4,12.6,6.0,68.37,71.66,0.0,3.2,6.4
2024-01-13,17.3,12.9,12.3,5.9,44.65,72.71,0.0,3.7,6.2
2024-01-14,21.0,14.2,12.1,5.7,79.89,71.99,0.38,2.5,6.1
2024-01-15,20.5,13.3,11.9,5.6,80.08,71.82,0.38,2.4,6.0
2024-01-16,22.1,12.1,11.8,5.6,83.82,71.7,2.04,3.9,6.0
2024-01-17,21.6,13.0,11.8,5.6,83.58,76.03,2.41,4.5,5.3
2024-01-18,18.3,14.2,12.0,5.7,84.64,75.96,2.04,3.7,5.4
2024-01-19,14.6,7.6,12.1,5.8,54.41,73.49,1.9,3.9,5.4
2024-01-20,9.9,6.3,12.1,5.9,45.09,74.09,8.44,2.3,5.4
2024-01-21,8.2,4.3,12.1,5.9,65.46,74.16,7.89,3.3,5.4
2024-01-22,4.7,1.0,12.0,5.9,91.32,76.43,0.0,11.1,7.6
2024-01-23,5.5,-0.3,11.7,5.8,85.67,77.09,0.0,10.2,7.5
2024-01-24,4.3,-0.2,11.6,5.7,71.98,73.85,0.0,7.4,7.4
2024-01-25,8.6,2.4,11.6,5.8,37.26,73.77,0.0,6.6,7.6
2024-01-26,8.5,3.7,11.9,5.8,46.93,73.56,0.9,4.9,6.0
2024-01-27,9.3,4.1,12.1,5.9,91.18,78.0,5.25,4.7,7.4
2024-01-28,10.2,6.1,12.4,6.0,88.76,77.44,1.9,4.8,7.6
2024-01-29,11.0,5.6,12.4,6.1,41.35,74.15,2.25,3.7,7.8
2024-01-30,10.9,7.3,12.3,6.2,42.86,74.24,0.38,9.1,7.2
2024-01-31,14.8,9.7,12.1,6.2,88.46,81.29,12.66,11.5,7.9
2024-02-01,19.1,10.8,11.9,6.2,91.08,81.52,8.16,11.4,7.9
2024-02-02,10.9,7.2,11.8,6.3,82.41,76.94,8.16,10.8,8.0
2024-02-03,7.4,4.0,12.0,6.3,85.65,76.82,0.38,9.8,8.0
2024-02-04,7.9,3.0,12.3,6.4,84.59,74.52,21.05,9.9,7.8
2024-02-05,6.1,3.1,12.5,6.6,76.33,75.05,16.06,10.0,7.6
2024-02-06,5.4,2.4,12.8,6.7,86.74,81.78,6.22,11.0,7.6
2024-02-07,5.8,2.2,13.1,6.8,79.5,81.75,1.18,2.9,7.8
2024-02-08,6.6,3.3,13.3,7.1,75.3,81.93,9.34,1.3,7.9
2024-02-09,14.9,5.0,13.5,7.1,87.97,75.48,0.38,2.1,5.5
2024-02-10,19.7,2.9,13.7,7.3,79.27,75.86,0.76,2.1,5.5
2024-02-11,22.4,3.5,14.0,7.5,83.96,76.09,11.44,2.0,5.4
2024-02-12,23.4,5.1,14.3,7.6,81.09,75.48,21.77,2.5,5.3
2024-02-13,14.2,11.5,14.4,7.8,81.89,75.86,18.39,6.4,7.4
2024-02-14,20.6,12.8,14.4,8.0,56.86,76.94,33.81,8.9,8.0
2024-02-15,17.2,11.0,14.3,8.0,54.15,76.82,41.43,10.7,7.8
2024-02-16,16.0,9.6,14.1,7.9,52.24,77.04,49.08,7.1,7.8
2024-02-17,21.9,13.4,13.9,7.9,86.06,76.03,4.43,12.0,7.9
2024-02-18,24.5,15.2,13.8,7.8,82.07,75.96,27.6,5.6,7.9
2024-02-19,26.2,18.6,13.8,7.9,86.14,81.48,0.0,5.0,7.7
2024-02-20,27.2,18.3,14.1,8.0,61.53,77.38,0.38,4.6,7.6
2024-02-21,23.0,5.2,14.3,8.1,70.11,78.13,0.0,8.9,7.6
2024-02-22,5.3,1.8,14.4,8.2,85.03,83.19,0.47,4.4,7.8
2024-02-23,3.4,1.6,14.5,8.4,81.58,82.93,0.64,7.9,7.9
2024-02-24,3.4,1.5,14.6,8.5,73.54,82.83,0.38,12.6,7.8
2024-02-25,6.5,1.8,14.6,8.5,69.36,82.87,0.0,18.1,7.7
2024-02-26,6.2,2.7,14.8,8.6,79.67,81.73,0.38,13.3,7.7
2024-02-27,8.3,5.0,15.1,8.7,71.78,78.13,27.6,3.2,7.5
2024-02-28,8.0,4.8,15.2,8.8,71.24,78.37,8.44,9.9,7.6
2024-02-29,8.3,5.8,14.4,7.8,86.66,78.35,0.38,8.1,7.3
2024-03-01,10.6,6.8,15.5,8.9,81.18,78.28,0.0,5.9,7.4
2024-03-02,15.4,6.4,15.6,9.0,67.03,82.65,0.38,8.5,7.6
2024-03-03,10.8,8.2,15.8,9.1,75.89,78.28,6.88,3.9,7.9
2024-03-04,13.4,8.6,15.9,9.4,68.96,78.19,0.0,10.7,8.2
2024-03-05,16.2,11.2,16.0,9.7,88.49,77.59,0.0,17.4,8.2
2024-03-06,16.3,10.6,16.2,9.9,77.17,75.44,1.97,5.4,8.1
2024-03-07,17.4,9.3,16.3,10.0,61.26,77.77,0.0,5.8,7.8
2024-03-08,19.2,11.4,16.3,10.2,86.94,81.67,1.5,13.5,7.8
2024-03-09,14.9,11.4,16.4,10.3,55.73,81.7,0.0,9.5,7.8
2024-03-10,13.5,10.9,16.6,10.4,60.95,81.48,0.38,6.1,7.9
2024-03-11,23.9,11.2,16.7,10.6,81.11,81.73,1.0,2.6,8.0
2024-03-12,25.9,9.8,16.9,10.9,77.03,83.59,0.0,9.0,8.0
2024-03-13,17.7,13.2,17.2,11.1,75.32,81.6,0.69,3.7,7.7
2024-03-14,16.1,13.6,17.5,11.2,63.69,81.29,1.26,5.5,7.5
2024-03-15,15.5,13.3,17.8,11.4,59.99,81.52,4.14,13.7,7.2
2024-03-16,20.8,14.7,18.2,11.6,57.64,81.78,1.11,10.8,7.1
2024-03-17,26.5,16.9,18.4,11.8,84.22,81.17,2.04,6.0,6.9
2024-03-18,18.7,12.1,18.6,11.9,84.38,81.7,0.0,3.1,6.9
2024-03-19,19.8,11.5,18.6,12.1,85.87,83.56,0.0,3.5,7.1
2024-03-20,21.1,12.4,18.5,12.1,87.94,83.4,0.0,10.4,7.3
2024-03-21,20.5,13.1,18.3,12.1,85.7,83.32,0.85,14.7,7.4
2024-03-22,19.0,14.9,18.3,12.0,89.57,81.73,8.15,3.4,6.9
2024-03-23,27.3,18.8,18.3,11.9,90.33,81.81,7.37,3.4,6.9
2024-03-24,29.2,20.7,18.3,11.9,89.68,81.94,3.5,9.4,6.9
2024-03-25,28.4,17.1,18.6,12.0,85.65,82.14,3.27,9.0,7.6
2024-03-26,23.3,15.5,18.9,12.2,62.98,82.52,3.61,8.7,7.5
2024-03-27,25.0,16.2,19.3,12.5,88.55,81.52,8.44,8.7,7.0
2024-03-28,27.2,19.5,19.6,13.0,91.56,81.78,6.22,5.6,7.2
2024-03-29,28.7,15.8,19.8,13.3,78.49,81.75,7.89,3.7,7.4
2024-03-30,26.6,20.3,20.1,13.6,74.64,81.93,0.76,3.7,7.5
2024-03-31,28.9,20.9,20.4,13.7,75.99,83.8,4.43,8.1,7.9
2024-04-01,28.6,22.0,20.5,13.9,83.59,83.64,2.41,6.2,7.9
2024-04-02,34.1,23.8,20.7,14.0,89.61,83.53,6.01,11.3,8.0
2024-04-03,28.3,19.4,20.9,14.1,88.16,83.54,1.66,5.5,7.8
2024-04-04,19.8,17.2,21.0,14.3,86.4,80.41,11.84,13.1,7.7
2024-04-05,18.3,15.3,21.2,14.5,89.96,80.4,4.28,14.2,7.8
2024-04-06,17.7,14.9,21.5,14.7,87.43,81.0,0.0,10.7,8.0
2024-04-07,18.4,13.7,21.8,15.0,84.48,81.45,0.0,3.2,8.0
2024-04-08,24.1,15.4,22.0,15.2,85.56,81.58,0.38,12.7,8.0
2024-04-09,27.8,16.6,22.1,15.3,90.72,81.6,0.0,3.4,7.1
2024-04-10,20.1,17.5,22.2,15.3,87.49,81.28,11.06,7.3,6.9
2024-04-11,23.5,18.0,22.2,15.3,89.0,81.52,1.9,6.5,6.7
2024-04-12,26.2,19.8,22.2,15.3,80.41,81.78,2.86,3.3,6.6
2024-04-13,29.1,21.1,22.7,15.3,77.93,81.75,36.19,3.3,6.4
2024-04-14,31.0,23.6,23.3,15.7,64.05,83.28,21.77,12.3,7.9
2024-04-15,31.2,22.8,23.7,16.0,76.0,83.48,19.67,11.6,7.9
2024-04-16,30.4,21.2,24.0,16.4,93.72,83.78,0.0,11.4,7.7
2024-04-17,25.9,19.7,24.3,16.7,83.24,83.51,15.0,10.0,7.7
2024-04-18,24.8,20.4,24.3,17.0,88.4,83.19,9.99,8.0,7.7
2024-04-19,26.6,19.5,24.2,17.1,79.17,84.15,0.38,5.8,7.3
2024-04-20,25.8,19.4,24.3,17.3,83.0,84.38,0.38,2.6,7.5
2024-04-21,23.9,18.9,24.6,17.5,86.13,84.71,31.6,2.9,7.4
2024-04-22,25.2,19.1,24.7,17.6,84.11,84.95,14.02,11.3,7.5
2024-04-23,28.0,20.8,24.9,17.5,89.7,82.46,7.12,5.9,6.9
2024-04-24,27.3,20.4,24.9,17.6,89.3,83.32,5.81,11.8,7.0
2024-04-25,25.7,20.3,24.9,17.6,91.34,83.82,0.0,2.8,7.3
2024-04-26,28.7,21.9,25.0,17.7,90.81,83.75,0.84,6.2,7.2
2024-04-27,29.6,20.5,25.2,17.9,88.64,81.08,9.66,7.8,7.1
2024-04-28,32.8,22.1,25.5,18.1,78.53,83.22,9.34,7.1,6.6
2024-04-29,29.2,23.5,26.0,18.4,81.69,83.13,21.05,8.9,6.5
2024-04-30,27.2,19.2,26.4,18.7,84.0,83.28,3.06,8.8,6.4
2024-05-01,22.3,17.2,26.5,19.0,84.91,83.48,26.68,12.1,6.3
2024-05-02,20.2,16.6,26.6,19.1,80.8,83.78,0.38,8.5,7.2
2024-05-03,20.0,17.0,26.7,19.3,81.93,83.21,0.76,8.7,7.6
2024-05-04,22.3,18.1,26.6,19.3,91.87,82.96,7.12,12.7,7.5
2024-05-05,29.4,18.1,26.5,19.3,92.78,83.17,1.72,9.4,7.3
2024-05-06,26.0,19.6,26.5,19.3,93.12,83.51,4.14,9.5,6.2
2024-05-07,29.2,19.9,26.6,19.4,88.79,83.56,13.11,4.0,6.1
2024-05-08,27.4,21.9,26.7,19.5,85.78,84.8,10.34,11.9,7.7
2024-05-09,24.5,19.8,26.8,19.7,92.71,83.13,0.56,3.8,7.4
2024-05-10,25.2,19.8,27.0,19.9,78.84,83.28,0.64,9.0,7.6
2024-05-11,29.1,22.1,27.1,20.1,83.22,83.47,1.07,11.6,7.5
2024-05-12,27.3,21.9,27.2,20.2,86.67,83.78,0.38,5.3,7.3
2024-05-13,30.3,18.8,27.1,20.2,78.41,84.03,2.67,11.1,7.2
2024-05-14,32.8,16.6,27.0,20.1,80.67,83.97,5.07,6.9,6.4
2024-05-15,32.1,19.3,26.9,20.1,80.62,84.16,8.73,7.0,6.4
2024-05-16,30.5,21.3,26.9,20.1,78.83,82.96,6.88,3.4,6.4
2024-05-17,25.3,21.0,27.0,20.2,81.01,83.17,1.36,3.5,6.5
2024-05-18,21.5,19.8,27.2,20.4,83.18,83.51,14.51,3.2,6.6
2024-05-19,24.3,20.3,27.6,20.5,84.47,81.65,1.97,2.7,5.3
2024-05-20,30.5,21.2,27.9,20.6,91.83,81.68,2.58,4.0,5.4
2024-05-21,30.0,23.1,28.2,20.8,88.96,84.19,1.66,4.4,5.4
2024-05-22,29.3,23.3,28.3,20.9,91.93,84.18,12.66,3.5,5.4
2024-05-23,32.9,21.7,28.5,21.1,90.88,84.12,9.99,2.3,5.4
2024-05-24,34.9,22.6,28.6,21.3,86.37,82.96,1.9,2.3,7.8
2024-05-25,34.4,24.4,28.7,21.5,86.07,83.17,14.02,7.7,7.8
2024-05-26,28.2,24.8,28.8,21.6,82.18,81.61,30.54,10.8,7.8
2024-05-27,32.9,24.7,28.9,21.7,77.94,81.42,1.6,5.9,7.8
2024-05-28,32.1,25.2,29.1,21.8,76.9,81.05,26.68,6.6,7.7
2024-05-29,29.2,23.9,29.2,21.9,82.37,83.51,0.38,12.9,6.9
2024-05-30,27.7,23.0,29.2,22.0,81.37,83.56,15.0,7.9,6.9
2024-05-31,28.5,21.8,29.4,22.1,87.28,83.58,7.12,4.9,6.9
2024-06-01,29.0,22.0,29.5,22.3,85.17,83.66,23.3,7.9,7.1
2024-06-02,30.9,22.8,29.7,22.4,66.19,84.18,12.66,6.5,6.0
2024-06-03,27.7,22.5,29.8,22.5,82.22,83.66,0.0,4.6,6.0
2024-06-04,23.5,21.4,30.0,22.6,66.35,83.8,1.5,6.5,5.9
2024-06-05,26.5,21.8,30.0,22.6,77.63,83.64,0.38,3.0,5.8
2024-06-06,29.8,22.2,30.1,22.7,82.13,84.8,37.44,8.4,6.0
2024-06-07,31.1,22.7,30.2,22.8,71.15,84.12,25.79,9.3,6.1
2024-06-08,32.2,23.4,30.2,23.0,84.71,84.15,0.38,10.5,6.2
2024-06-09,29.4,23.8,30.1,23.0,73.3,84.38,12.66,11.4,6.3
2024-06-10,28.0,24.2,30.1,23.0,72.52,84.71,6.43,5.1,5.8
2024-06-11,30.8,24.5,30.0,23.0,83.98,82.25,5.62,11.6,7.5
2024-06-12,30.1,25.4,29.9,23.0,88.57,84.52,9.34,9.8,7.4
2024-06-13,30.5,25.2,30.0,23.0,89.1,84.2,0.38,6.8,7.4
2024-06-14,26.2,24.2,30.1,23.2,89.75,83.9,0.38,8.6,7.4
2024-06-15,33.0,24.6,30.1,23.3,91.16,83.62,0.38,7.3,6.5
2024-06-16,31.7,25.9,30.3,23.5,83.53,84.95,8.73,5.3,6.8
2024-06-17,27.2,23.7,30.5,23.7,82.88,81.85,1.65,5.7,6.9
2024-06-18,26.2,24.1,30.6,23.9,84.93,81.48,0.38,5.2,7.0
2024-06-19,28.5,24.7,30.8,24.0,83.74,80.8,0.68,7.2,7.4
2024-06-20,32.9,25.3,31.0,24.1,83.22,79.99,2.03,7.4,7.7
2024-06-21,33.8,25.9,31.1,24.2,94.54,85.23,6.43,3.2,6.3
2024-06-22,34.3,27.0,31.2,24.3,95.48,85.42,0.43,8.9,6.2
2024-06-23,34.3,26.6,31.3,24.4,93.33,85.68,0.64,5.9,6.1
2024-06-24,31.6,25.9,31.4,24.5,87.44,85.91,3.16,6.6,6.0
2024-06-25,26.0,22.3,31.4,24.5,79.82,85.23,1.07,5.0,6.0
2024-06-26,28.7,22.3,31.5,24.5,77.0,84.52,1.77,3.7,5.9
2024-06-27,31.1,23.1,31.5,24.5,82.09,84.2,1.77,5.8,5.8
2024-06-28,31.7,24.7,31.6,24.6,76.19,83.9,0.43,11.1,5.8
2024-06-29,30.9,26.5,31.8,24.6,69.68,83.62,8.44,8.0,5.8
2024-06-30,27.6,25.2,31.9,24.7,83.42,85.86,6.88,3.7,5.7
2024-07-01,30.9,24.8,32.0,24.8,70.95,77.7,1.72,9.5,6.5
2024-07-02,28.9,24.4,32.1,24.9,69.72,77.74,1.77,7.2,6.5
2024-07-03,29.1,25.0,32.2,25.0,69.78,77.66,2.25,4.6,6.4
2024-07-04,33.3,23.8,32.2,25.1,80.68,81.42,2.33,9.2,5.9
2024-07-05,33.2,26.5,32.3,25.1,79.28,81.05,1.72,9.2,5.9
2024-07-06,33.6,26.9,32.5,25.2,88.57,84.52,7.12,4.8,6.3
2024-07-07,34.8,26.3,32.5,25.1,85.55,84.2,45.87,6.2,6.3
2024-07-08,34.2,27.7,32.7,25.1,82.08,83.9,68.86,5.7,6.2
2024-07-09,35.0,27.4,32.8,25.1,79.47,83.62,1.11,5.7,6.2
2024-07-10,35.4,27.7,32.9,25.1,91.37,81.5,2.33,7.4,6.5
2024-07-11,35.3,26.8,32.9,25.1,83.67,81.65,24.93,2.5,6.4
2024-07-12,34.7,27.1,32.9,25.1,87.97,84.52,26.68,4.1,6.3
2024-07-13,35.5,27.5,32.9,25.1,83.22,84.2,0.93,6.1,5.8
2024-07-14,35.3,27.4,33.0,25.1,87.1,73.0,0.38,5.0,6.0
2024-07-15,35.6,26.8,33.0,25.0,77.45,81.28,0.0,4.1,6.0
2024-07-16,36.3,26.7,33.1,25.0,89.65,81.28,0.0,5.2,5.9
2024-07-17,35.4,27.8,33.2,25.1,82.21,81.09,0.0,8.2,5.8
2024-07-18,34.7,27.0,33.2,25.1,78.11,80.97,0.0,2.9,5.4
2024-07-19,33.0,25.7,33.3,25.1,68.9,81.34,0.44,3.4,4.9
2024-07-20,35.4,24.9,33.3,25.1,76.01,81.5,42.86,4.0,4.9
2024-07-21,36.8,27.8,33.3,25.1,78.77,81.65,1.45,2.8,4.9
2024-07-22,36.8,27.3,33.3,25.0,87.54,72.85,1.18,6.3,7.1
2024-07-23,35.8,28.4,33.4,25.0,76.85,81.5,7.62,6.3,5.0
2024-07-24,37.4,26.2,33.4,25.0,82.39,81.65,11.84,6.2,5.1
2024-07-25,39.3,26.9,33.3,24.9,75.41,81.68,4.74,4.9,5.2
2024-07-26,39.6,26.2,33.2,24.9,72.18,81.61,0.49,6.4,5.2
2024-07-27,36.0,26.8,33.3,24.8,70.52,81.42,0.0,6.4,5.3
2024-07-28,26.8,24.6,33.3,24.9,70.9,78.74,4.0,4.4,5.4
2024-07-29,29.5,25.5,33.4,24.8,73.46,78.58,1.6,3.2,5.4
2024-07-30,33.5,25.4,33.5,24.9,70.16,78.69,1.66,4.5,5.5
2024-07-31,31.2,25.2,33.7,25.0,66.03,80.67,1.4,4.0,5.5
2024-08-01,31.9,25.7,33.7,25.0,85.75,80.57,0.38,7.3,5.5
2024-08-02,32.3,25.3,33.6,25.0,82.38,69.44,1.11,6.4,5.8
2024-08-03,34.2,25.2,33.5,25.0,82.77,69.14,10.34,8.0,5.5
2024-08-04,35.3,26.1,33.4,25.0,83.46,68.6,15.0,3.7,5.5
2024-08-05,35.7,24.5,33.4,24.9,88.81,68.28,0.58,5.4,5.5
2024-08-06,36.9,25.2,33.5,24.9,74.21,68.23,0.74,12.6,5.4
2024-08-07,36.3,27.4,33.6,25.0,62.76,81.03,21.05,7.5,5.4
2024-08-08,35.9,27.5,33.7,25.0,55.84,81.26,17.77,7.1,5.5
2024-08-09,35.5,28.7,33.6,25.0,60.72,81.26,9.66,3.6,5.7
2024-08-10,35.1,27.5,33.3,25.0,65.56,81.24,1.36,8.9,5.8
2024-08-11,32.4,26.9,33.2,25.0,71.03,81.06,14.51,3.9,5.5
2024-08-12,30.1,25.8,33.0,24.9,85.85,82.06,4.59,4.9,6.0
2024-08-13,28.8,25.3,32.8,24.8,81.41,82.44,0.38,5.9,6.0
2024-08-14,31.3,25.0,32.8,24.8,80.35,82.58,3.06,6.2,6.1
2024-08-15,32.2,24.8,32.8,24.7,86.32,82.25,14.02,9.7,5.8
2024-08-16,28.9,25.1,32.8,24.7,44.21,77.33,4.74,9.3,6.8
2024-08-17,30.6,25.8,32.9,24.6,45.43,77.05,8.44,8.2,6.9
2024-08-18,32.7,25.4,33.0,24.6,40.81,76.75,0.88,4.7,6.0
2024-08-19,34.5,25.5,33.1,24.6,39.98,76.49,0.62,3.0,6.2
2024-08-20,33.7,25.8,33.1,24.6,89.7,81.85,47.44,7.1,7.1
2024-08-21,32.6,26.2,33.1,24.5,86.82,81.48,0.0,8.4,7.2
2024-08-22,31.0,26.5,33.0,24.4,83.7,80.8,0.64,8.0,7.1
2024-08-23,32.8,24.0,32.9,24.4,85.88,79.99,4.43,9.5,7.1
2024-08-24,33.8,24.6,32.8,24.3,85.68,79.47,28.55,3.6,6.6
2024-08-25,34.6,25.5,32.6,24.2,89.49,78.69,0.9,8.3,6.8
2024-08-26,35.8,25.3,32.6,24.2,83.26,79.12,0.38,7.7,6.8
2024-08-27,37.0,26.3,32.6,24.2,79.98,78.74,0.38,7.9,6.8
2024-08-28,34.0,25.9,32.6,24.2,79.82,78.58,0.38,7.5,6.7
2024-08-29,33.6,25.9,32.5,24.1,80.44,78.69,0.79,2.1,6.9
2024-08-30,34.9,24.1,32.5,24.1,76.13,77.74,1.61,8.7,7.3
2024-08-31,35.8,25.6,32.4,24.0,77.91,77.66,1.19,8.5,7.2
2024-09-01,36.0,26.2,32.4,24.0,73.35,77.33,0.38,9.9,7.2
2024-09-02,36.7,27.1,32.3,23.9,82.63,79.01,0.38,11.4,7.3
2024-09-03,37.4,24.7,32.3,23.8,85.2,79.29,5.25,7.7,7.3
2024-09-04,37.2,24.9,32.2,23.8,63.03,68.91,3.06,4.6,5.9
2024-09-05,37.4,26.6,32.1,23.7,45.22,71.12,0.0,5.8,5.8
2024-09-06,35.3,27.6,32.1,23.6,46.76,70.7,2.5,6.8,7.3
2024-09-07,32.2,26.2,32.0,23.5,48.76,70.35,17.18,6.8,7.4
2024-09-08,31.4,26.0,31.9,23.5,69.97,77.05,0.0,4.8,5.5
2024-09-09,34.3,25.3,31.8,23.3,67.85,76.75,0.0,5.4,5.5
2024-09-10,35.5,25.2,31.7,23.2,70.32,69.82,0.9,5.8,5.4
2024-09-11,34.9,23.6,31.5,23.0,73.78,70.38,1.61,5.9,5.3
2024-09-12,34.2,24.1,31.3,22.9,87.01,76.13,1.0,5.2,5.3
2024-09-13,34.3,25.8,31.1,22.6,90.18,76.04,1.03,5.9,5.2
2024-09-14,34.2,25.5,31.0,22.5,88.61,75.55,34.98,6.8,5.2
2024-09-15,29.5,25.2,31.0,22.3,84.63,75.02,2.17,7.3,5.1
2024-09-16,31.5,25.6,31.0,22.2,67.31,76.49,9.66,6.0,4.9
2024-09-17,33.2,25.4,30.9,22.2,59.33,67.79,0.38,3.5,5.5
2024-09-18,34.8,24.1,30.8,22.1,56.26,67.68,0.38,3.1,5.5
2024-09-19,34.5,26.2,30.6,22.0,61.73,67.47,0.0,2.4,5.5
2024-09-20,33.3,25.1,30.4,21.8,27.25,67.22,0.0,8.1,4.9
2024-09-21,31.2,24.5,30.2,21.6,86.41,72.6,0.38,10.0,4.9
2024-09-22,26.9,22.1,30.0,21.5,73.43,72.5,0.38,4.5,5.3
2024-09-23,29.0,21.8,30.0,21.3,80.66,71.85,1.9,5.3,5.4
2024-09-24,28.6,22.5,29.9,21.2,78.18,71.83,2.41,9.3,5.4
2024-09-25,28.9,22.3,29.8,21.2,78.16,70.84,2.67,10.6,5.5
2024-09-26,32.8,22.8,29.8,21.2,83.05,70.15,2.1,4.1,5.2
2024-09-27,34.2,24.4,29.7,21.1,72.83,70.35,0.41,10.3,5.8
2024-09-28,34.7,25.1,29.5,21.0,68.47,70.25,2.04,11.7,5.8
2024-09-29,35.0,25.5,29.5,20.8,65.9,70.07,0.0,10.0,5.9
2024-09-30,34.9,25.1,29.5,20.7,79.94,69.09,0.0,8.2,5.9
2024-10-01,26.9,18.6,29.5,20.6,83.77,68.93,0.38,4.5,5.5
2024-10-02,25.6,19.1,29.3,20.3,76.9,69.86,2.95,3.6,6.3
2024-10-03,27.4,18.1,28.9,20.1,74.99,69.59,0.0,4.2,6.4
2024-10-04,28.2,17.5,28.5,19.8,57.58,69.44,0.41,5.7,5.4
2024-10-05,30.6,18.0,27.9,19.4,40.0,69.14,0.38,5.9,5.3
2024-10-06,30.7,20.1,27.5,19.1,79.94,68.6,0.0,3.9,6.9
2024-10-07,29.4,21.3,27.2,18.8,73.46,68.28,0.0,5.0,6.9
2024-10-08,28.6,18.6,27.3,18.7,70.04,68.23,0.0,4.2,5.8
2024-10-09,27.8,18.5,27.3,18.8,65.64,68.03,0.0,3.8,5.8
2024-10-10,30.5,16.8,27.4,18.7,38.57,68.6,0.0,4.5,5.8
2024-10-11,31.4,19.4,27.2,18.7,57.98,70.21,0.38,6.2,7.4
2024-10-12,33.5,20.2,27.0,18.7,61.44,69.95,0.38,7.4,7.5
2024-10-13,32.3,21.0,26.8,18.5,65.75,69.68,0.38,5.5,7.5
2024-10-14,28.3,21.5,26.5,18.4,49.08,69.18,0.0,13.8,5.9
2024-10-15,26.6,20.6,26.2,18.2,48.42,68.68,0.0,10.9,6.0
2024-10-16,28.4,21.7,26.1,18.0,78.39,68.22,0.0,7.2,7.3
2024-10-17,30.1,21.5,26.0,17.7,75.45,68.41,0.38,4.2,7.3
2024-10-18,29.4,23.2,25.8,17.6,69.31,68.49,3.05,9.3,6.6
2024-10-19,25.7,20.9,25.6,17.4,72.5,68.61,3.16,6.4,6.8
2024-10-20,25.2,20.4,25.4,17.1,66.28,68.76,1.77,7.4,6.9
2024-10-21,28.5,19.4,25.2,16.8,72.04,68.56,0.38,11.8,6.9
2024-10-22,23.0,16.9,25.0,16.6,71.45,68.23,0.38,9.6,6.9
2024-10-23,24.4,15.0,24.9,16.5,69.62,68.34,0.76,10.1,7.0
2024-10-24,26.7,14.1,24.7,16.4,75.61,68.47,0.0,9.6,7.2
2024-10-25,27.2,16.0,24.5,16.3,91.06,68.47,0.0,12.8,8.1
2024-10-26,27.3,17.8,24.3,16.2,71.18,68.7,1.72,9.0,7.4
2024-10-27,20.3,17.8,24.0,16.0,60.31,68.81,1.55,4.6,7.3
2024-10-28,22.3,16.8,23.7,15.8,57.89,68.99,1.5,3.3,7.2
2024-10-29,24.1,18.2,23.8,15.6,53.53,69.34,1.18,12.6,7.6
2024-10-30,27.0,18.4,23.8,15.4,82.43,69.71,0.0,4.4,7.3
2024-10-31,28.6,17.4,23.7,15.2,80.08,70.18,0.0,6.7,7.3
2024-11-01,27.0,16.5,23.8,15.0,74.02,70.21,0.0,18.7,7.3
2024-11-02,26.6,15.8,23.8,14.9,77.74,69.95,0.38,12.7,7.4
2024-11-03,28.2,16.0,23.7,14.8,72.32,69.68,0.38,12.2,7.6
2024-11-04,26.9,18.4,23.8,14.9,90.31,68.93,0.0,8.1,7.8
2024-11-05,27.2,17.9,24.0,15.0,73.29,68.68,0.0,9.3,7.9
2024-11-06,26.8,16.8,23.9,15.0,74.36,68.47,2.5,12.5,7.9
2024-11-07,27.7,16.6,23.6,14.9,82.24,68.71,0.0,9.9,7.7
2024-11-08,28.6,15.3,23.1,14.6,75.91,68.48,3.87,5.4,7.8
2024-11-09,28.6,13.4,22.5,14.2,76.41,68.55,17.18,3.9,8.0
